event_id,event_type,pedestrian,neighbor,start_frame,end_frame,start_time_s,end_time_s,duration_s,x_m,y_m,radius_m,minimum_radius_m,min_speed_m_s,max_speed_m_s,speed_change_m_s,max_deceleration_m_s2,max_abs_turn_rate_deg_s,net_heading_change_deg,nearest_distance_m,predicted_separation_m,time_to_cpa_s
1,conflict,1,16.000000,39,43,0.080000,0.240000,0.160000,-2.013283,-9.886388,10.089300,10.089300,0.520999,0.793038,0.272039,1.474826,23.565411,-2.734348,0.719061,0.006864,1.359687
2,conflict,1,16.000000,50,54,0.520000,0.680000,0.160000,-1.903331,-9.622760,9.809189,9.633521,1.096732,1.161683,0.064951,0.494316,8.815881,-0.900107,0.648735,0.544786,0.125869
3,conflict,1,41.000000,86,112,1.960000,3.000000,1.040000,-0.746538,-7.539037,7.575909,6.105491,1.648825,1.810978,-0.070172,-0.720347,12.284160,7.452603,0.800231,0.009128,1.444031
4,conflict,1,22.000000,139,182,4.080000,5.800000,1.720000,0.640201,-4.188024,4.236674,3.736857,0.937903,1.397038,-0.074319,-0.748932,43.287742,-31.114807,0.605859,0.291511,0.185089
5,conflict,1,25.000000,190,237,6.120000,8.000000,1.880000,2.049595,-3.025648,3.654502,3.613477,1.597386,1.801213,0.203017,-0.040709,47.556037,48.373169,0.630985,0.272603,0.050737
6,conflict,1,16.000000,274,276,9.480000,9.560000,0.080000,3.653279,2.541050,4.450100,4.370225,1.879161,1.889499,-0.010339,-0.143539,1.791025,0.151190,1.121862,0.692044,1.903088
7,conflict,1,40.000000,389,421,14.080000,15.360000,1.280000,2.530766,10.539713,10.839295,10.476153,0.114165,1.423461,-1.248626,-2.913818,99.551485,84.104145,0.852604,0.003109,0.991576
8,deceleration,1,41.000000,110,116,2.920000,3.160000,0.240000,-0.110699,-6.043504,6.044518,5.872991,1.511584,1.718287,-0.206703,-0.727145,0.562996,-0.210410,0.773233,0.293469,0.050558
9,deceleration,1,5.000000,142,151,4.200000,4.560000,0.360000,0.572782,-4.308515,4.346422,4.172207,1.043893,1.323242,-0.279349,-0.748932,43.251587,-12.481091,0.605859,0.291511,0.185089
10,deceleration,1,40.000000,409,419,14.880000,15.280000,0.400000,2.165901,10.296905,10.522232,10.478335,0.338373,1.423461,-1.085088,-2.913818,88.507200,13.230215,0.939982,0.061123,0.991576
11,turning,1,22.000000,147,156,4.400000,4.760000,0.360000,0.711598,-4.081461,4.143030,4.050446,0.947074,1.170897,-0.223823,-0.747003,43.287742,-16.434575,0.623431,0.291511,1.610370
12,turning,1,63.000000,215,233,7.120000,7.840000,0.720000,3.656582,-1.088020,3.815021,3.752824,1.782102,1.801213,-0.009828,-0.040709,47.556037,32.293804,0.630985,0.630238,0.050737
13,turning,1,40.000000,376,419,13.560000,15.280000,1.720000,2.847191,10.615766,10.990950,10.371750,0.338373,1.554611,-1.216239,-2.913818,93.303528,123.967505,0.671020,0.003109,0.336896
14,avoidance,1,41.000000,110,116,2.920000,3.160000,0.240000,-0.135046,-6.103998,6.105491,5.872991,1.511584,1.718287,-0.206703,-0.727145,0.562996,-0.210410,0.773233,0.293469,0.050558
15,avoidance,1,22.000000,142,156,4.200000,4.760000,0.560000,0.640201,-4.188024,4.236674,4.050446,0.947074,1.323242,-0.376168,-0.748932,43.287742,-22.008768,0.605859,0.291511,0.185089
16,avoidance,1,63.000000,215,233,7.120000,7.840000,0.720000,3.460392,-1.552871,3.792851,3.752824,1.782102,1.801213,-0.009828,-0.040709,47.556037,32.293804,0.630985,0.630238,0.050737
17,avoidance,1,40.000000,376,419,13.560000,15.280000,1.720000,2.530766,10.539713,10.839295,10.371750,0.338373,1.554611,-1.216239,-2.913818,93.303528,123.967505,0.671020,0.003109,0.336896
18,conflict,2,41.000000,61,64,0.960000,1.080000,0.120000,1.855924,-8.840549,9.033258,8.827602,1.680251,1.737219,0.056968,0.419846,2.301088,-0.140431,0.857768,0.720258,0.781542
19,conflict,2,41.000000,79,98,1.680000,2.440000,0.760000,1.697640,-7.567831,7.755904,6.566703,1.531793,1.709830,-0.176445,-0.462858,6.105652,-0.105306,0.784643,0.364971,0.088110
20,conflict,2,41.000000,109,259,2.880000,8.880000,6.000000,1.695104,-1.565873,2.307669,1.497765,0.738377,1.537558,-0.432350,-0.652946,39.501694,-12.519833,0.397495,0.012752,0.062952
21,conflict,2,20.000000,311,315,10.960000,11.120000,0.160000,1.871677,3.986639,4.404142,4.404142,1.369047,1.418632,-0.049585,-0.384442,8.798007,-0.332052,0.624665,0.587422,0.128780
22,conflict,2,41.000000,345,377,12.320000,13.600000,1.280000,1.393391,6.106832,6.263780,5.932872,1.536167,1.681692,0.024697,-0.304758,13.801094,13.325403,0.759660,0.667595,0.058137
23,conflict,2,41.000000,402,413,14.600000,15.040000,0.440000,-0.944735,9.332153,9.379851,8.952935,1.704201,1.858563,-0.154363,-0.342399,26.018536,11.427388,0.597311,0.593223,0.062452
24,deceleration,2,20.000000,191,194,6.160000,6.280000,0.120000,1.653915,-1.266909,2.083386,2.051867,1.105007,1.204980,-0.099972,-0.652946,4.865549,-0.700406,0.433917,0.015628,1.562743
25,deceleration,2,3.000000,415,427,15.120000,15.600000,0.480000,-1.699513,9.861895,10.007263,9.599855,0.387115,1.733518,-1.322191,-3.525324,266.392077,-0.579089,0.626217,1.544098,0.944310
26,turning,2,41.000000,39,45,0.080000,0.320000,0.240000,1.987947,-9.930567,10.127591,9.941346,0.574236,1.005634,0.431398,1.624828,97.431657,14.756119,0.999337,0.974062,0.937304
27,turning,2,39.000000,220,224,7.320000,7.480000,0.160000,1.490972,-0.199239,1.504225,1.498101,0.738377,0.771194,-0.032817,-0.270412,39.501694,-8.464262,0.425905,0.948958,0.095802
28,turning,2,19.000000,323,327,11.440000,11.600000,0.160000,1.886495,4.718485,5.081630,4.998446,1.189651,1.213054,-0.023258,-0.277728,36.840498,6.486102,0.647152,1.128138,0.439528
29,turning,2,3.000000,424,427,15.480000,15.600000,0.120000,-1.749653,9.897655,10.051112,10.007263,0.387115,0.896745,-0.509630,-3.525324,266.392077,0.135023,0.970121,1.564253,1.374679
30,avoidance,2,20.000000,191,194,6.160000,6.280000,0.120000,1.660956,-1.312935,2.117209,2.051867,1.105007,1.204980,-0.099972,-0.652946,4.865549,-0.700406,0.433917,0.015628,1.562743
31,avoidance,2,39.000000,220,224,7.320000,7.480000,0.160000,1.496884,-0.259208,1.519162,1.498101,0.738377,0.771194,-0.032817,-0.270412,39.501694,-8.464262,0.425905,0.948958,0.095802
32,avoidance,2,19.000000,323,327,11.440000,11.600000,0.160000,1.870155,4.810573,5.161307,4.998446,1.189651,1.213054,-0.023258,-0.277728,36.840498,6.486102,0.647152,1.128138,0.439528
33,avoidance,2,3.000000,415,427,15.120000,15.600000,0.480000,-1.277123,9.560298,9.645224,9.599855,0.387115,1.733518,-1.322191,-3.525324,266.392077,-0.579089,0.626217,1.544098,0.944310
34,conflict,3,2.000000,80,84,1.720000,1.880000,0.160000,2.694443,-6.912462,7.419040,7.125906,1.823744,1.843817,0.020072,0.064945,8.834017,-1.645631,0.860060,0.574990,1.574790
35,conflict,3,43.000000,124,259,3.480000,8.880000,5.400000,1.524742,-1.429185,2.089834,1.383065,0.934081,1.630033,-0.650211,-0.676028,40.510055,9.221899,0.391578,0.045088,0.051745
36,conflict,3,21.000000,272,305,9.400000,10.720000,1.320000,-0.165839,4.300953,4.304149,3.285181,1.557674,1.845435,0.287761,0.069313,5.018288,4.274659,0.704945,0.522009,0.058858
37,conflict,3,4.000000,343,347,12.240000,12.400000,0.160000,-2.113212,7.605702,7.893819,7.893819,1.734496,1.763604,0.029108,0.123852,10.569313,1.872100,0.646576,0.563641,0.069877
38,conflict,3,4.000000,374,383,13.480000,13.840000,0.360000,-3.613457,9.310045,9.986692,9.941007,0.000000,0.938242,-0.938242,-3.783556,385.775562,154.515621,0.613506,0.598742,0.052856
39,deceleration,3,42.000000,171,175,5.360000,5.520000,0.160000,1.412107,-0.992194,1.725832,1.685506,1.241021,1.371862,-0.130841,-0.676028,22.227649,-0.796292,0.507741,0.133043,0.606483
40,deceleration,3,43.000000,365,377,13.120000,13.600000,0.480000,-3.575343,9.275804,9.941007,9.376138,0.401735,1.873628,-1.468958,-3.783556,305.436520,4.001870,0.752746,0.680667,0.184288
41,turning,3,42.000000,177,181,5.600000,5.760000,0.160000,1.356675,-0.763475,1.556747,1.513182,1.116794,1.182320,-0.065525,-0.529646,40.510055,-8.949345,0.391578,0.245710,0.318540
42,turning,3,4.000000,374,377,13.480000,13.600000,0.120000,-3.622341,9.318522,9.997810,9.941007,0.401735,0.938242,-0.536507,-3.783556,305.436520,0.629954,0.756979,0.680667,0.184288
43,avoidance,3,42.000000,171,181,5.360000,5.760000,0.400000,1.466815,-1.143489,1.859869,1.513182,1.116794,1.371862,-0.255068,-0.676028,40.510055,-12.953795,0.391578,0.133043,0.318540
44,avoidance,3,43.000000,365,377,13.120000,13.600000,0.480000,-3.622341,9.318522,9.997810,9.376138,0.401735,1.873628,-1.468958,-3.783556,305.436520,4.001870,0.752746,0.680667,0.184288
45,conflict,4,23.000000,87,135,2.000000,3.920000,1.920000,5.153241,-5.240075,7.349441,4.123800,1.687929,1.882808,-0.042248,-0.419841,3.089199,1.337729,0.619095,0.535708,0.388245
46,conflict,4,47.000000,151,265,4.560000,9.120000,4.560000,2.474991,-0.126133,2.478203,2.323094,1.099830,1.537437,-0.082141,-0.917480,19.010378,-3.668004,0.408332,0.160209,0.054500
47,conflict,4,3.000000,343,347,12.240000,12.400000,0.160000,-1.674119,8.090666,8.262055,8.262055,1.445255,1.562039,-0.116784,-0.663837,6.104871,-1.324404,0.646576,0.563641,0.069877
48,conflict,4,43.000000,370,397,13.320000,14.400000,1.080000,-2.652608,9.000003,9.382771,9.267685,1.178621,1.605641,0.427020,0.273747,91.489025,31.163323,0.611597,0.003632,0.052856
49,conflict,4,21.000000,407,441,14.800000,16.160000,1.360000,-4.936874,8.071380,9.461496,9.333258,0.000000,1.792206,-1.717622,-3.555055,338.385328,113.702662,0.808831,0.043125,0.640949
50,deceleration,4,6.000000,149,159,4.480000,4.880000,0.400000,2.886157,-1.111708,3.092862,2.913269,1.218004,1.601537,-0.383533,-0.917480,12.115252,-4.563156,0.530638,0.456116,1.027072
51,deceleration,4,41.000000,344,355,12.280000,12.720000,0.440000,-1.819710,8.281754,8.479316,8.317833,1.245630,1.534131,-0.288501,-0.663837,26.064396,-1.130571,0.646576,0.607450,0.069877
52,deceleration,4,21.000000,421,433,15.360000,15.840000,0.480000,-6.151684,8.185165,10.239147,9.832946,0.345686,1.789180,-1.443494,-3.555055,268.668054,-1.210014,0.995784,0.333041,0.683578
53,turning,4,3.000000,39,45,0.080000,0.320000,0.240000,6.329795,-7.945121,10.158310,9.962771,0.612151,1.036078,0.423927,1.623372,81.105858,-12.854867,0.985915,2.768786,0.133423
54,turning,4,41.000000,357,382,12.800000,13.800000,1.000000,-2.425745,8.965780,9.288135,8.967424,1.073777,1.362643,0.167575,-0.558077,101.470630,78.533941,0.621243,0.003632,0.103249
55,turning,4,18.000000,402,414,14.600000,15.080000,0.480000,-4.659545,8.110251,9.353477,9.271139,1.663085,1.768666,0.105581,0.140678,42.415162,-20.271078,0.751480,0.043125,1.000461
56,turning,4,18.000000,430,433,15.720000,15.840000,0.120000,-6.204538,8.191818,10.276292,10.239147,0.345686,0.836807,-0.491121,-3.555055,268.668054,1.058705,0.995784,0.396783,0.761775
57,avoidance,4,6.000000,149,159,4.480000,4.880000,0.400000,2.796449,-0.923420,2.944967,2.913269,1.218004,1.601537,-0.383533,-0.917480,12.115252,-4.563156,0.530638,0.456116,1.027072
58,avoidance,4,41.000000,344,382,12.280000,13.800000,1.520000,-2.652608,9.000003,9.382771,8.317833,1.073777,1.534131,-0.171489,-0.663837,101.470630,79.671353,0.621243,0.003632,0.069877
59,avoidance,4,21.000000,402,433,14.600000,15.840000,1.240000,-4.936874,8.071380,9.461496,9.271139,0.345686,1.792206,-1.317400,-3.555055,268.668054,-29.374365,0.751480,0.043125,0.683578
60,conflict,5,46.000000,55,68,0.720000,1.240000,0.520000,-7.221710,-6.190838,9.512075,8.732964,1.441595,1.516901,0.026609,-0.125122,18.740941,-5.559888,0.695901,0.313057,0.547011
61,conflict,5,22.000000,91,95,2.160000,2.320000,0.160000,-5.039444,-5.137342,7.196408,7.196408,1.615871,1.654224,0.038353,0.175715,4.363526,-0.073266,0.637995,0.652006,0.105663
62,conflict,5,22.000000,107,257,2.800000,8.800000,6.000000,2.216998,-2.234763,3.147896,3.139224,1.446775,1.800578,-0.154208,-0.428634,47.831362,28.325960,0.457617,0.229125,0.051435
63,conflict,5,46.000000,371,403,13.360000,14.640000,1.280000,7.918613,6.299512,10.118710,10.118710,0.000000,0.253618,-0.253618,-2.776984,343.022057,135.386291,0.795942,0.443377,0.066460
64,deceleration,5,22.000000,358,370,12.840000,13.320000,0.480000,7.914024,6.248598,10.083489,9.610884,0.400772,1.888489,-1.487717,-3.798014,275.496912,8.506104,1.500653,0.808789,0.229917
65,turning,5,44.000000,39,46,0.080000,0.360000,0.280000,-7.761195,-6.504099,10.126176,9.955911,0.330199,0.923482,0.593282,1.888259,142.630204,17.285670,0.813390,1.378695,1.050978
66,turning,5,48.000000,204,213,6.680000,7.040000,0.360000,1.852350,-2.617130,3.206333,3.191217,1.446775,1.460970,0.000169,-0.032128,47.831362,18.420743,0.457617,0.279193,1.095355
67,turning,5,22.000000,367,370,13.200000,13.320000,0.120000,7.920722,6.311569,10.127869,10.083489,0.400772,0.937136,-0.536364,-3.798014,275.496912,1.817648,1.500653,0.808789,0.847324
68,avoidance,5,44.000000,40,46,0.120000,0.360000,0.240000,-7.598321,-6.433170,9.955911,9.955911,0.412494,0.923482,0.510988,1.888259,126.696831,11.826832,0.813390,1.378695,1.127765
69,avoidance,5,48.000000,204,213,6.680000,7.040000,0.360000,2.028903,-2.465607,3.193065,3.191217,1.446775,1.460970,0.000169,-0.032128,47.831362,18.420743,0.457617,0.279193,1.095355
70,avoidance,5,22.000000,358,370,12.840000,13.320000,0.480000,7.919965,6.300787,10.120561,9.610884,0.400772,1.888489,-1.487717,-3.798014,275.496912,8.506104,1.500653,0.808789,0.229917
71,conflict,6,9.000000,66,222,1.160000,7.400000,6.240000,3.045507,0.220926,3.053510,1.181214,0.266080,1.838715,-1.510022,-0.924873,102.374671,-8.835581,0.581781,0.010033,0.075622
72,conflict,6,8.000000,235,280,7.920000,9.720000,1.800000,0.149270,1.368058,1.376177,1.326268,0.814246,1.744160,0.929914,-0.100885,83.151030,23.009992,0.744076,0.039396,0.060752
73,conflict,6,26.000000,350,365,12.520000,13.120000,0.600000,-7.237164,2.985257,7.828684,7.379952,1.897200,1.898399,0.000788,-0.004341,7.816171,2.420141,0.798029,0.794545,0.063216
74,conflict,6,26.000000,388,392,14.040000,14.200000,0.160000,-9.490329,3.257619,10.033864,10.030852,0.046686,0.569375,-0.522690,-3.495949,397.767275,2.542207,0.756456,0.739426,0.086341
75,deceleration,6,9.000000,142,154,4.200000,4.680000,0.480000,3.045507,0.220926,3.053510,2.754418,1.265189,1.702766,-0.437577,-0.924873,21.014314,-5.905541,0.663986,0.010033,1.737548
76,deceleration,6,51.000000,208,216,6.840000,7.160000,0.320000,0.678331,1.006302,1.213580,1.191873,0.352611,0.646420,-0.293809,-0.841025,66.373415,-6.503520,0.587358,0.545449,0.122225
77,deceleration,6,26.000000,377,389,13.600000,14.080000,0.480000,-9.434111,3.263004,9.982467,9.388944,0.401577,1.891255,-1.489678,-3.805357,318.267460,7.841615,0.841691,0.766201,0.079223
78,turning,6,51.000000,214,217,7.080000,7.200000,0.120000,0.601869,1.024395,1.188121,1.188121,0.321990,0.426187,-0.104198,-0.804279,79.155977,-3.818617,0.583476,0.571617,0.075622
79,turning,6,8.000000,224,247,7.480000,8.400000,0.920000,0.425573,1.245033,1.315758,1.190957,0.327727,1.033138,0.696805,-0.046213,83.246007,50.700768,0.613678,0.039396,0.054534
80,turning,6,26.000000,386,389,13.960000,14.080000,0.120000,-9.497358,3.257948,10.040619,9.982467,0.401577,0.939108,-0.537531,-3.805357,318.267460,1.732761,0.841691,0.766201,0.230349
81,avoidance,6,9.000000,142,154,4.200000,4.680000,0.480000,3.045507,0.220926,3.053510,2.754418,1.265189,1.702766,-0.437577,-0.924873,21.014314,-5.905541,0.663986,0.010033,1.737548
82,avoidance,6,8.000000,208,247,6.840000,8.400000,1.560000,0.149270,1.368058,1.376177,1.181214,0.266080,1.033138,0.378112,-0.841025,102.374671,4.052250,0.581781,0.039396,0.054534
83,avoidance,6,26.000000,377,389,13.600000,14.080000,0.480000,-9.497358,3.257948,10.040619,9.388944,0.401577,1.891255,-1.489678,-3.805357,318.267460,7.841615,0.841691,0.766201,0.079223
84,conflict,7,63.000000,42,64,0.200000,1.080000,0.880000,-9.320487,-3.001541,9.791871,8.955547,0.676037,1.126457,0.341541,-0.284421,71.151833,10.514049,0.684047,0.053185,0.063215
85,conflict,7,48.000000,76,83,1.560000,1.840000,0.280000,-7.526117,-2.755593,8.014720,8.014720,1.359482,1.530809,0.171327,0.454637,10.585058,-2.809959,0.749903,0.695505,0.150733
86,conflict,7,49.000000,100,125,2.520000,3.520000,1.000000,-6.283890,-2.769220,6.867012,5.533048,1.690722,1.732576,0.022055,-0.109158,9.368321,-5.818737,0.666341,0.439106,0.081721
87,conflict,7,48.000000,173,187,5.440000,6.000000,0.560000,-0.872169,-2.996318,3.120673,2.959836,1.576730,1.738027,-0.161296,-0.358011,10.460143,1.944053,0.619724,0.594434,0.058538
88,conflict,7,22.000000,205,246,6.720000,8.360000,1.640000,1.170285,-2.605666,2.856407,2.854697,1.168578,1.434199,-0.257988,-0.293560,35.248677,18.381269,0.548515,0.289366,0.080039
89,conflict,7,46.000000,293,304,10.240000,10.680000,0.440000,6.006133,-0.038599,6.006257,5.304794,1.885128,1.894639,0.009512,0.012300,3.690835,1.488034,0.751529,0.750877,0.050509
90,conflict,7,48.000000,332,358,11.800000,12.840000,1.040000,7.783354,1.123989,7.864093,7.864093,1.843820,1.893404,-0.045432,-0.433044,42.972045,6.134079,0.731910,0.675544,0.062365
91,conflict,7,63.000000,376,388,13.560000,14.040000,0.480000,9.796710,3.236411,10.317455,10.147427,0.337295,0.763517,-0.426223,-1.398186,195.193945,76.986351,0.738321,0.009554,0.961544
92,deceleration,7,63.000000,360,388,12.920000,14.040000,1.120000,9.883439,2.941283,10.311814,9.797595,0.337295,1.805989,-1.468695,-1.957004,195.193945,137.352992,0.724782,0.009554,0.287771
93,turning,7,63.000000,39,45,0.080000,0.320000,0.240000,-9.447354,-2.999167,9.911987,9.755844,0.431691,0.920146,0.488455,1.477173,102.958708,13.786633,0.817563,0.053185,1.777144
94,turning,7,63.000000,357,388,12.800000,14.040000,1.240000,9.864694,3.186497,10.366579,9.599303,0.337295,1.858785,-1.521490,-1.957004,195.193945,143.187696,0.724782,0.009554,0.062365
95,avoidance,7,63.000000,40,45,0.120000,0.320000,0.200000,-9.320487,-3.001541,9.791871,9.755844,0.511415,0.920146,0.408732,1.477173,92.356416,9.629228,0.817563,0.053185,1.908709
96,avoidance,7,63.000000,357,388,12.800000,14.040000,1.240000,9.796710,3.236411,10.317455,9.599303,0.337295,1.858785,-1.521490,-1.957004,195.193945,143.187696,0.724782,0.009554,0.062365
97,conflict,8,30.000000,82,94,1.800000,2.280000,0.480000,7.586561,1.005583,7.652915,6.856595,1.714165,1.764762,-0.014652,-0.212317,11.638952,3.877142,0.653808,0.518415,0.074980
98,conflict,8,24.000000,103,196,2.640000,6.360000,3.720000,4.471886,1.173272,4.623239,2.881235,0.775430,1.792386,-0.349470,-0.753990,19.723468,-28.598262,0.653478,0.039504,0.073344
99,conflict,8,6.000000,209,283,6.880000,9.840000,2.960000,-0.185003,2.810786,2.816868,2.521703,0.763900,1.513546,-0.615275,-1.203183,93.140255,49.663634,0.499741,0.039396,0.050784
100,deceleration,8,9.000000,117,137,3.200000,4.000000,0.800000,4.425322,1.175311,4.578737,4.341996,0.958080,1.531757,-0.573677,-0.753990,10.383604,-2.146701,0.685153,0.039504,0.693175
101,deceleration,8,24.000000,220,231,7.320000,7.760000,0.440000,0.442704,2.939421,2.972572,2.897412,0.943343,1.482029,-0.538685,-1.203183,93.140255,34.861326,0.523142,0.385277,0.304436
102,deceleration,8,30.000000,399,411,14.480000,14.960000,0.480000,-9.891918,-0.552696,9.907346,9.297715,0.405898,1.895852,-1.489807,-3.825667,325.714980,1.834484,0.802163,0.802740,0.069876
103,turning,8,47.000000,221,243,7.360000,8.240000,0.880000,0.268964,2.976136,2.988265,2.797234,0.922628,1.451624,-0.507655,-1.203183,93.140255,64.164951,0.520490,0.039396,0.304436
104,turning,8,19.000000,251,255,8.560000,8.720000,0.160000,-0.507246,2.525162,2.575605,2.556213,1.019132,1.058591,0.039459,-0.037963,42.040645,-9.385724,0.503375,0.110196,1.152612
105,turning,8,30.000000,408,411,14.840000,14.960000,0.120000,-9.952363,-0.574238,9.968916,9.907346,0.405898,0.947551,-0.541653,-3.825667,325.714980,0.733169,0.910677,0.905744,0.364944
106,avoidance,8,9.000000,117,137,3.200000,4.000000,0.800000,4.471886,1.173272,4.623239,4.341996,0.958080,1.531757,-0.573677,-0.753990,10.383604,-2.146701,0.685153,0.039504,0.693175
107,avoidance,8,47.000000,220,243,7.320000,8.240000,0.920000,-0.185003,2.810786,2.816868,2.797234,0.922628,1.482029,-0.538059,-1.203183,93.140255,65.244774,0.520490,0.039396,0.304436
108,avoidance,8,19.000000,251,255,8.560000,8.720000,0.160000,-0.435501,2.570161,2.606797,2.556213,1.019132,1.058591,0.039459,-0.037963,42.040645,-9.385724,0.503375,0.110196,1.152612
109,conflict,9,6.000000,52,247,0.600000,8.400000,7.800000,3.109476,1.550253,3.474496,0.575170,0.910741,1.793985,0.286553,-0.759263,36.568822,6.776695,0.417459,0.010033,0.064842
110,conflict,9,61.000000,269,277,9.280000,9.600000,0.320000,-3.503033,-1.382102,3.765826,3.166272,1.869643,1.882667,0.013024,0.034643,13.516900,-3.589174,0.763737,0.759031,0.058690
111,deceleration,9,19.000000,190,198,6.120000,6.440000,0.320000,0.535662,1.162679,1.280139,1.153952,0.996633,1.261103,-0.264471,-0.759263,36.568822,11.975987,0.463244,0.054248,0.979517
112,deceleration,9,11.000000,352,364,12.600000,13.080000,0.480000,-9.395077,-3.571692,10.051092,9.437912,0.400627,1.891432,-1.490806,-3.803447,331.369219,8.258340,1.167474,1.201483,0.152461
113,turning,9,32.000000,39,44,0.080000,0.280000,0.200000,9.493146,3.835288,10.238616,10.067203,0.735011,1.053465,0.318454,1.508074,71.236120,-10.742820,1.068216,0.923651,1.006952
114,turning,9,19.000000,194,198,6.280000,6.440000,0.160000,0.456646,1.125843,1.214928,1.153952,0.996633,1.132557,-0.135924,-0.759263,36.568822,6.450377,0.463244,0.054248,1.294075
115,turning,9,51.000000,361,364,12.960000,13.080000,0.120000,-9.444853,-3.610752,10.111517,10.051092,0.400627,0.937550,-0.536924,-3.803447,331.369219,1.912450,1.167474,1.201483,1.010675
116,avoidance,9,32.000000,40,44,0.120000,0.280000,0.160000,9.385904,3.749430,10.107097,10.067203,0.795979,1.053465,0.257486,1.508074,65.042980,-7.914714,1.068216,0.923651,1.257963
117,avoidance,9,19.000000,190,198,6.120000,6.440000,0.320000,0.494862,1.144495,1.246899,1.153952,0.996633,1.261103,-0.264471,-0.759263,36.568822,11.975987,0.463244,0.054248,0.979517
118,conflict,10,34.000000,39,117,0.080000,3.200000,3.120000,-6.739780,3.205086,7.463057,5.674890,0.515638,1.624356,1.036497,-0.593811,33.879990,2.339921,0.569160,0.211271,0.066319
119,conflict,10,31.000000,126,167,3.560000,5.200000,1.640000,-4.783515,1.869379,5.135815,2.829817,1.595025,1.839723,0.244698,-0.073298,17.236015,-11.205548,0.565270,0.558111,0.073457
120,conflict,10,52.000000,193,224,6.240000,7.480000,1.240000,-1.198571,-2.109723,2.426417,2.316419,1.671415,1.773851,-0.024409,-0.251365,19.060556,12.282234,0.455422,0.242414,0.058797
121,conflict,10,31.000000,347,353,12.400000,12.640000,0.240000,8.749251,-4.509055,9.842813,9.832538,0.000000,0.407131,-0.407131,-3.205522,380.708913,152.271969,1.816303,0.729387,1.220285
122,deceleration,10,31.000000,335,347,11.920000,12.400000,0.480000,8.685636,-4.509722,9.786617,9.233241,0.407131,1.899902,-1.492751,-3.833747,299.189233,0.100954,2.144601,0.745118,0.937255
123,turning,10,52.000000,344,347,12.280000,12.400000,0.120000,8.750007,-4.509055,9.843485,9.786617,0.407131,0.949968,-0.542837,-3.833747,299.189233,0.017282,2.144601,0.745118,0.937255
124,avoidance,10,31.000000,335,347,11.920000,12.400000,0.480000,8.750007,-4.509055,9.843485,9.233241,0.407131,1.899902,-1.492751,-3.833747,299.189233,0.100954,2.144601,0.745118,0.937255
125,conflict,11,59.000000,110,116,2.920000,3.160000,0.240000,3.712012,4.172827,5.584937,5.302188,1.895539,1.897550,0.002011,0.006466,0.503488,0.090108,0.697812,0.768080,1.744783
126,conflict,11,37.000000,126,352,3.560000,12.600000,9.040000,0.103269,2.038152,2.040766,1.331006,0.895633,1.899098,-1.003465,-1.225532,101.925381,-23.984996,0.398923,0.165985,0.050085
127,conflict,11,12.000000,368,380,13.240000,13.720000,0.480000,-7.784504,-6.426765,10.094643,10.092143,0.000000,0.210603,-0.210603,-1.607471,279.280856,-109.849211,0.876935,0.450273,0.842182
128,deceleration,11,37.000000,336,348,11.960000,12.440000,0.480000,-6.970637,-6.407822,9.468366,9.124084,0.947458,1.522744,-0.575285,-1.225532,99.382853,-27.740726,0.515159,0.493922,0.081446
129,deceleration,11,35.000000,358,366,12.840000,13.160000,0.320000,-7.756145,-6.445108,10.084503,9.985741,0.388927,0.922365,-0.533438,-1.875343,149.732159,-12.011977,0.743456,0.929521,0.591944
130,turning,11,12.000000,39,44,0.080000,0.280000,0.200000,7.978262,6.228995,10.121909,9.983069,0.513677,0.878702,0.365025,1.657742,56.789973,-8.158148,0.848538,1.064899,0.718317
131,turning,11,35.000000,340,366,12.120000,13.160000,1.040000,-7.770424,-6.436272,10.089850,9.361602,0.388927,1.360490,-0.971563,-1.875343,149.732159,-75.443712,0.515159,0.508808,0.081446
132,avoidance,11,35.000000,336,366,11.960000,13.160000,1.200000,-6.821115,-6.241663,9.245862,9.124084,0.388927,1.522744,-1.133817,-1.875343,149.732159,-78.247155,0.515159,0.493922,0.081446
133,conflict,12,54.000000,65,73,1.120000,1.440000,0.320000,5.749452,5.976365,8.292957,7.741101,1.760185,1.784748,-0.022319,-0.094347,2.240544,0.458333,0.983565,0.743341,1.616765
134,conflict,12,37.000000,104,216,2.680000,7.160000,4.480000,-2.090197,0.160778,2.096371,1.721189,1.594773,1.829950,-0.134335,-0.340387,27.847873,33.728803,0.498466,0.012151,0.069014
135,conflict,12,62.000000,267,325,9.200000,11.520000,2.320000,-4.561219,-5.245246,6.951067,5.144963,1.256590,1.704391,-0.278351,-0.556625,29.608397,-25.917831,0.475543,0.403027,0.059934
136,conflict,12,37.000000,335,380,11.920000,13.720000,1.800000,-7.039712,-7.613525,10.369345,9.187373,0.235801,1.462592,-1.226791,-1.758036,203.725567,-156.426963,0.483418,0.207825,0.094278
137,deceleration,12,37.000000,351,363,12.560000,13.040000,0.480000,-7.084836,-7.618586,10.403738,10.092111,0.771586,1.358811,-0.587225,-1.253323,196.564132,-58.224375,0.636902,0.207825,0.385130
138,deceleration,12,11.000000,373,379,13.440000,13.680000,0.240000,-7.267421,-7.150244,10.195166,10.182448,0.327944,0.793584,-0.465640,-1.758036,101.180860,-12.657708,0.633884,0.652513,0.842182
139,turning,12,11.000000,39,50,0.080000,0.520000,0.440000,6.984729,6.912514,9.826968,9.273885,1.091645,1.474854,0.383210,0.599231,99.002103,-30.475079,1.120730,1.064899,0.166372
140,turning,12,37.000000,348,379,12.440000,13.680000,1.240000,-7.317427,-7.541843,10.508289,9.927491,0.327944,1.416857,-1.088913,-1.758036,203.725567,-151.141848,0.483418,0.207825,0.094278
141,avoidance,12,37.000000,348,379,12.440000,13.680000,1.240000,-7.039712,-7.613525,10.369345,9.927491,0.327944,1.416857,-1.088913,-1.758036,203.725567,-151.141848,0.483418,0.207825,0.094278
142,conflict,13,31.000000,83,213,1.840000,7.040000,5.200000,-1.113714,-0.353171,1.168370,1.048455,0.908061,1.865784,-0.739731,-0.717724,38.559566,-5.712871,0.395629,0.002335,0.060649
143,conflict,13,36.000000,235,260,7.920000,8.920000,1.000000,0.077392,-2.025664,2.027142,2.027142,1.197454,1.216214,-0.009170,-0.117540,11.359116,-5.355592,0.637477,0.545296,0.083488
144,conflict,13,54.000000,266,318,9.160000,11.240000,2.080000,1.465833,-4.832066,5.049508,3.430004,0.661926,1.154852,-0.085914,-0.797585,66.882814,31.600775,0.432043,0.028361,0.051075
145,conflict,13,36.000000,332,334,11.800000,11.880000,0.080000,2.483206,-5.444493,5.984047,5.882731,1.517163,1.534229,0.017065,0.249597,17.049470,-1.442119,0.959845,0.372755,1.976027
146,conflict,13,56.000000,357,367,12.800000,13.200000,0.400000,3.627626,-6.369820,7.330367,7.330367,1.036699,1.457798,-0.421099,-1.038204,32.162370,8.691950,0.643091,0.380498,0.063253
147,conflict,13,52.000000,385,429,13.920000,15.680000,1.760000,6.116293,-6.905804,9.224921,8.386503,0.296856,1.619404,-1.184644,-2.440364,273.443995,1.309931,0.585858,0.181441,0.061154
148,deceleration,13,31.000000,176,185,5.560000,5.920000,0.360000,-1.192996,-0.203290,1.210192,1.175949,1.029757,1.291057,-0.261300,-0.717724,20.165416,-8.003602,0.419823,0.037403,0.332230
149,deceleration,13,54.000000,291,298,10.160000,10.440000,0.280000,1.303594,-4.484814,4.670430,4.516147,0.757144,1.013805,-0.256661,-0.797585,14.680805,-0.825809,0.432043,0.399125,0.051075
150,deceleration,13,56.000000,354,367,12.680000,13.200000,0.520000,3.804327,-6.501271,7.532558,7.159163,1.036699,1.562170,-0.525471,-1.038204,32.162370,10.204573,0.643091,0.380498,0.063253
151,deceleration,13,38.000000,394,406,14.280000,14.760000,0.480000,5.670844,-6.990877,9.001713,8.803632,0.988809,1.557210,-0.568401,-1.209915,40.929144,19.107874,0.586765,0.254909,0.335245
152,deceleration,13,52.000000,421,428,15.360000,15.640000,0.280000,6.807828,-6.878524,9.677841,9.483768,0.416743,1.142458,-0.725715,-2.440364,219.599140,-5.568598,0.773359,0.546966,0.734848
153,turning,13,56.000000,189,191,6.080000,6.160000,0.080000,-1.035032,-0.478651,1.140350,1.131671,0.908742,0.931165,-0.022423,-0.341341,38.559566,5.163825,0.400126,0.184297,0.722554
154,turning,13,64.000000,302,314,10.600000,11.080000,0.480000,1.448228,-4.812445,5.025633,4.871500,0.661926,0.859809,0.184492,-0.306524,66.882814,31.355758,0.464605,0.028361,0.081990
155,turning,13,52.000000,398,404,14.440000,14.680000,0.240000,5.767775,-6.985625,9.059039,8.968159,1.054309,1.355956,-0.301647,-1.209915,40.929144,11.045806,0.599053,0.342540,0.335245
156,turning,13,52.000000,414,428,15.080000,15.640000,0.560000,6.823419,-6.881434,9.690882,9.284311,0.416743,1.166009,-0.542912,-2.440364,219.599140,-19.735457,0.646652,0.276056,0.734848
157,avoidance,13,56.000000,176,191,5.560000,6.160000,0.600000,-1.113714,-0.353171,1.168370,1.131671,0.908742,1.291057,-0.382316,-0.717724,38.559566,2.454536,0.395629,0.002335,0.332230
158,avoidance,13,39.000000,291,314,10.160000,11.080000,0.920000,1.465833,-4.832066,5.049508,4.516147,0.661926,1.013805,-0.153996,-0.797585,66.882814,34.411469,0.432043,0.028361,0.051075
159,avoidance,13,56.000000,354,367,12.680000,13.200000,0.520000,3.627626,-6.369820,7.330367,7.159163,1.036699,1.562170,-0.525471,-1.038204,32.162370,10.204573,0.643091,0.380498,0.063253
160,avoidance,13,38.000000,394,406,14.280000,14.760000,0.480000,5.975733,-6.946696,9.163295,8.803632,0.988809,1.557210,-0.568401,-1.209915,40.929144,19.107874,0.586765,0.254909,0.335245
161,avoidance,13,52.000000,414,428,15.080000,15.640000,0.560000,6.250980,-6.864669,9.284311,9.284311,0.416743,1.166009,-0.542912,-2.440364,219.599140,-19.735457,0.646652,0.276056,0.734848
162,conflict,14,59.000000,50,68,0.520000,1.240000,0.720000,-2.052441,9.229322,9.454782,8.694070,1.031386,1.263617,-0.176226,-0.505812,16.754713,-9.418106,0.658391,0.206412,0.051727
163,conflict,14,61.000000,76,267,1.560000,9.200000,7.640000,-2.309954,0.959576,2.501334,2.017493,0.172706,1.396831,0.043846,-1.300302,128.518568,82.607541,0.441523,0.000822,0.056003
164,conflict,14,60.000000,437,454,16.000000,16.680000,0.680000,1.994818,-8.430377,8.663172,8.244622,1.443064,1.884794,-0.441730,-2.902820,24.141489,5.047584,1.159469,0.110213,1.355525
165,deceleration,14,51.000000,224,239,7.480000,8.080000,0.600000,-2.317983,1.005202,2.526554,2.458775,0.330457,1.045027,-0.714569,-1.300302,8.463461,1.577593,0.648536,0.000822,0.678380
166,deceleration,14,33.000000,312,321,11.000000,11.360000,0.360000,1.481640,0.402313,1.535289,1.268077,1.428026,1.823200,-0.395175,-0.992443,101.214175,-27.762721,2.836866,3.234450,0.463892
167,deceleration,14,60.000000,448,459,16.440000,16.880000,0.440000,1.924813,-9.449971,9.644006,9.006349,0.639216,1.825432,-1.183986,-4.826635,50.084236,8.285937,1.128069,0.471486,0.774275
168,turning,14,60.000000,39,46,0.080000,0.360000,0.280000,-2.082971,9.666994,9.888860,9.694419,0.454640,0.991075,0.536434,1.567462,170.406866,25.608448,0.943337,2.033757,1.177206
169,turning,14,6.000000,254,259,8.680000,8.880000,0.200000,-2.244890,0.775134,2.374945,2.286328,0.334537,0.595002,0.260464,1.011508,94.993828,10.979136,0.741210,0.760953,0.974181
170,turning,14,33.000000,313,336,11.040000,11.960000,0.920000,1.815304,0.265129,1.834563,1.337803,1.382607,1.789762,-0.186598,-0.992443,102.607661,-73.656440,2.923916,3.226919,0.085310
171,turning,14,60.000000,457,459,16.800000,16.880000,0.080000,1.924813,-9.449971,9.644006,9.581109,0.639216,0.959790,-0.320574,-4.826635,50.084236,3.152026,1.128069,0.968919,0.774275
172,avoidance,14,60.000000,40,46,0.120000,0.360000,0.240000,-2.092395,9.626348,9.851127,9.694419,0.521555,0.991075,0.469520,1.567462,151.513178,18.680337,0.943337,2.033757,1.177206
173,avoidance,14,51.000000,224,239,7.480000,8.080000,0.600000,-2.309954,0.959576,2.501334,2.458775,0.330457,1.045027,-0.714569,-1.300302,8.463461,1.577593,0.648536,0.000822,0.678380
174,avoidance,14,6.000000,254,259,8.680000,8.880000,0.200000,-2.160940,0.746748,2.286328,2.286328,0.334537,0.595002,0.260464,1.011508,94.993828,10.979136,0.741210,0.760953,0.974181
175,avoidance,14,60.000000,448,458,16.440000,16.840000,0.400000,1.953259,-8.791991,9.006349,9.006349,0.799213,1.825432,-1.023989,-4.441872,44.895686,6.393884,1.134601,0.471486,1.038260
176,conflict,15,43.000000,96,100,2.360000,2.520000,0.160000,2.934078,-6.554205,7.180976,6.913616,1.850290,1.861496,-0.011206,-0.047600,0.879108,0.068902,1.006474,0.699418,1.718692
177,conflict,15,18.000000,118,182,3.240000,5.800000,2.560000,2.939242,-4.546038,5.413465,2.573059,1.210475,1.860768,-0.650293,-0.663645,10.345136,7.713785,0.636775,0.135897,0.068130
178,conflict,15,42.000000,188,352,6.040000,12.600000,6.560000,2.202823,2.368999,3.234901,2.253427,0.905050,1.812326,0.193654,-0.815068,13.406474,1.119811,0.499557,0.444941,0.092564
179,conflict,15,42.000000,366,459,13.160000,16.880000,3.720000,0.637500,9.711352,9.732254,9.466590,0.000009,1.247530,-1.241672,-2.210205,206.466188,-63.371736,0.395033,0.003109,0.067186
180,deceleration,15,43.000000,162,167,5.000000,5.200000,0.200000,2.545447,-1.715694,3.069676,2.993836,1.381092,1.534519,-0.153427,-0.663645,6.566602,-1.409533,0.661131,0.414041,1.681008
181,deceleration,15,42.000000,340,349,12.120000,12.480000,0.360000,1.478330,8.302976,8.433556,8.189358,1.419739,1.733969,-0.314230,-0.815068,6.962716,-3.005527,0.551785,0.538214,0.211257
182,deceleration,15,42.000000,369,380,13.280000,13.720000,0.440000,0.701759,9.677114,9.702526,9.551694,0.361642,1.231496,-0.869854,-2.210205,76.909094,13.558092,0.413300,0.022161,0.637146
183,turning,15,40.000000,356,373,12.760000,13.440000,0.680000,1.222070,9.288621,9.368667,9.063584,1.060539,1.305456,-0.244917,-1.659263,76.848748,44.347516,0.632782,0.022161,0.105167
184,avoidance,15,43.000000,162,167,5.000000,5.200000,0.200000,2.566771,-1.831507,3.153210,2.993836,1.381092,1.534519,-0.153427,-0.663645,6.566602,-1.409533,0.661131,0.414041,1.681008
185,avoidance,15,42.000000,340,380,12.120000,13.720000,1.600000,0.835425,9.608664,9.644914,8.189358,0.361642,1.733969,-1.372328,-2.210205,76.909094,51.214842,0.413300,0.022161,0.105167
186,conflict,16,1.000000,39,43,0.080000,0.240000,0.160000,-2.705482,-9.691683,10.062224,10.062224,0.773340,0.923373,0.150033,0.821399,152.872797,21.224953,0.719061,0.006864,1.359687
187,conflict,16,1.000000,50,54,0.520000,0.680000,0.160000,-2.529447,-9.430117,9.763464,9.544888,1.283127,1.402631,0.119505,0.594955,39.686018,3.496385,0.648735,0.544786,0.125869
188,conflict,16,2.000000,96,245,2.360000,8.320000,5.960000,1.478978,-1.240681,1.930458,1.744001,0.832131,1.708612,-0.270963,-0.506437,36.126389,-1.083347,0.394588,0.008267,0.073259
189,conflict,16,1.000000,274,276,9.480000,9.560000,0.080000,2.597581,2.161476,3.379262,3.270432,1.744343,1.772575,0.028231,0.317971,0.707788,0.039058,0.836274,0.692044,1.903088
190,deceleration,16,17.000000,369,381,13.280000,13.760000,0.480000,3.113813,9.550965,10.045734,9.511337,0.399264,1.861162,-1.459611,-3.757615,295.350306,7.462409,0.622423,0.995528,0.137530
191,turning,16,1.000000,39,50,0.080000,0.520000,0.440000,-2.816363,-9.765913,10.163904,9.763464,0.773340,1.283127,0.509787,0.821399,152.872797,40.450355,0.655083,0.006864,0.421271
192,turning,16,17.000000,378,381,13.640000,13.760000,0.120000,3.095759,9.611492,10.097747,10.045734,0.399264,0.931961,-0.532697,-3.757615,295.350306,1.556917,0.692996,0.995528,0.535710
193,avoidance,16,1.000000,40,50,0.120000,0.520000,0.400000,-2.705482,-9.691683,10.062224,9.763464,0.799568,1.283127,0.483558,0.880620,141.729106,34.450742,0.655083,0.006864,0.421271
194,conflict,17,40.000000,82,87,1.800000,2.000000,0.200000,-2.171537,-7.027316,7.355185,7.355185,1.719224,1.727568,-0.008344,-0.047306,2.734337,0.685325,0.679671,0.708102,1.860363
195,conflict,17,16.000000,96,239,2.360000,8.080000,5.720000,-0.530417,-4.150786,4.184539,1.466281,0.515056,1.712684,-0.815144,-0.747863,26.700171,15.493947,0.402928,0.012743,0.058317
196,conflict,17,2.000000,249,259,8.480000,8.880000,0.400000,1.756366,0.442603,1.811275,1.537357,1.113845,1.326536,0.212691,0.486115,20.272452,-5.988581,0.638067,0.749384,0.062952
197,conflict,17,20.000000,346,369,12.360000,13.280000,0.920000,4.096486,8.031841,9.016189,7.355549,1.888619,1.898571,-0.009951,-0.058821,20.226250,3.106741,0.725909,0.722410,0.061149
198,deceleration,17,54.000000,169,175,5.280000,5.520000,0.240000,0.393266,-2.249635,2.283750,2.173512,1.190912,1.386907,-0.195995,-0.701835,8.343945,-2.341966,0.471749,0.415560,1.160692
199,deceleration,17,40.000000,196,205,6.360000,6.720000,0.360000,1.032417,-1.249283,1.620676,1.601678,0.597241,0.878140,-0.280899,-0.747863,26.700171,2.279082,0.404608,0.310428,0.152173
200,deceleration,17,16.000000,377,389,13.600000,14.080000,0.480000,4.076288,9.244200,10.103037,9.573061,0.390921,1.865410,-1.474490,-3.749115,294.533143,8.362030,0.758507,0.789679,0.460355
201,turning,17,20.000000,39,44,0.080000,0.280000,0.200000,-3.781170,-9.367995,10.102306,9.976090,0.443012,0.841789,0.398777,1.863585,105.444370,-12.834063,1.011273,2.978350,0.249669
202,turning,17,16.000000,386,389,13.960000,14.080000,0.120000,4.065157,9.304686,10.153949,10.103037,0.390921,0.920019,-0.529098,-3.749115,294.533143,1.190704,0.930024,0.905476,0.534041
203,avoidance,17,54.000000,169,175,5.280000,5.520000,0.240000,0.468402,-2.122441,2.173512,2.173512,1.190912,1.386907,-0.195995,-0.701835,8.343945,-2.341966,0.471749,0.415560,1.160692
204,avoidance,17,40.000000,196,205,6.360000,6.720000,0.360000,0.928382,-1.381373,1.664358,1.601678,0.597241,0.878140,-0.280899,-0.747863,26.700171,2.279082,0.404608,0.310428,0.152173
205,avoidance,17,16.000000,377,384,13.600000,13.880000,0.280000,4.134463,8.780525,9.705225,9.573061,1.285706,1.865410,-0.579705,-3.470833,27.836652,6.218055,0.758507,0.789679,0.460355
206,conflict,18,43.000000,39,62,0.080000,1.000000,0.920000,5.160341,-7.656009,9.232746,9.232746,0.427123,1.537960,1.110838,0.438002,174.480073,-31.305230,0.677286,0.492993,1.141458
207,conflict,18,15.000000,72,157,1.400000,4.800000,3.400000,3.688262,-3.841665,5.325567,3.888542,1.102068,1.760966,-0.544459,-1.026156,17.106367,-14.134349,0.446373,0.135897,0.065564
208,conflict,18,21.000000,173,181,5.440000,5.760000,0.320000,3.091152,-1.034008,3.259508,3.259508,1.143986,1.203767,0.059295,-0.015320,3.234287,-0.708146,0.671075,0.597940,0.157662
209,conflict,18,21.000000,187,189,6.000000,6.080000,0.080000,3.040360,-0.750919,3.131720,3.094273,1.134964,1.156985,-0.022022,-0.184913,4.290825,0.332057,0.667733,0.619919,0.744192
210,conflict,18,42.000000,199,208,6.480000,6.840000,0.360000,2.917634,-0.132673,2.920649,2.874829,1.142444,1.155008,0.001186,-0.072199,9.537797,-3.650587,0.656329,0.576588,1.066860
211,conflict,18,16.000000,223,284,7.440000,9.880000,2.440000,2.732247,1.468360,3.101814,2.916098,1.066937,1.457680,0.284944,-0.190950,16.420566,4.482495,0.533041,0.466652,0.064836
212,conflict,18,20.000000,306,322,10.760000,11.400000,0.640000,2.308775,4.875107,5.394174,5.394174,1.358670,1.741696,0.383026,0.320901,16.435340,8.345983,0.665005,0.406982,0.073099
213,conflict,18,40.000000,332,345,11.800000,12.320000,0.520000,1.080527,7.202856,7.283452,6.692369,1.798774,1.827090,0.028026,0.014387,36.098948,17.041717,0.726419,0.721310,0.052713
214,conflict,18,43.000000,374,441,13.480000,16.160000,2.680000,-1.060724,8.187466,8.255891,8.173472,0.384150,1.876186,-1.464522,-3.592816,274.917671,-7.117411,0.714825,0.017832,0.397353
215,deceleration,18,15.000000,131,139,3.760000,4.080000,0.320000,3.463689,-3.110695,4.655488,4.499179,1.179341,1.562369,-0.383028,-1.026156,17.106367,-6.348966,0.592856,0.189604,1.143467
216,deceleration,18,4.000000,429,441,15.680000,16.160000,0.480000,-5.382678,8.452028,10.020479,9.578351,0.384150,1.778119,-1.388881,-3.592816,274.917671,-13.748092,0.780472,0.333041,0.640949
217,turning,18,43.000000,39,47,0.080000,0.400000,0.320000,5.598803,-8.606694,10.267511,10.030868,0.427123,1.032094,0.604972,1.559150,174.480073,-27.680933,0.797935,0.506302,1.141458
218,turning,18,40.000000,342,347,12.200000,12.400000,0.200000,1.080527,7.202856,7.283452,7.159755,1.826800,1.827274,0.000185,0.014387,36.098948,7.545927,0.721271,0.721310,0.052713
219,turning,18,4.000000,438,441,16.040000,16.160000,0.120000,-5.437801,8.477976,10.072028,10.020479,0.384150,0.894877,-0.510727,-3.592816,274.917671,-2.393651,0.808831,0.533929,0.742240
220,avoidance,18,43.000000,40,47,0.120000,0.400000,0.280000,5.466738,-8.410296,10.030868,10.030868,0.495598,1.032094,0.536496,1.559150,156.118307,-20.446330,0.797935,0.506302,1.172158
221,avoidance,18,15.000000,131,139,3.760000,4.080000,0.320000,3.493303,-3.222041,4.752338,4.499179,1.179341,1.562369,-0.383028,-1.026156,17.106367,-6.348966,0.592856,0.189604,1.143467
222,avoidance,18,40.000000,342,347,12.200000,12.400000,0.200000,1.080527,7.202856,7.283452,7.159755,1.826800,1.827274,0.000185,0.014387,36.098948,7.545927,0.721271,0.721310,0.052713
223,avoidance,18,4.000000,429,441,15.680000,16.160000,0.480000,-4.813666,8.280908,9.578351,9.578351,0.384150,1.778119,-1.388881,-3.592816,274.917671,-13.748092,0.780472,0.333041,0.640949
224,conflict,19,26.000000,83,295,1.840000,10.320000,8.480000,-0.366065,-1.047322,1.109454,0.493326,0.598308,1.809493,-0.326332,-0.981520,88.490022,10.917560,0.442282,0.006854,0.050784
225,conflict,19,41.000000,303,311,10.640000,10.960000,0.320000,-1.760762,3.482933,3.902705,3.902705,1.402911,1.434470,0.013541,-0.081166,55.163121,-16.186339,0.835287,0.534581,1.250317
226,conflict,19,41.000000,324,337,11.480000,12.000000,0.520000,0.068401,4.558648,4.559161,4.233237,1.623540,1.790171,0.166631,0.269739,5.080092,-0.834150,0.783430,0.759605,0.088314
227,conflict,19,20.000000,391,395,14.160000,14.320000,0.160000,3.571708,6.870044,7.743036,7.607312,1.894740,1.896569,-0.001829,-0.008329,9.267134,-1.654353,1.611461,0.767180,0.741271
228,deceleration,19,39.000000,165,184,5.120000,5.880000,0.760000,-0.402475,-1.134168,1.203463,0.796878,0.869774,1.532965,-0.663191,-0.981520,60.474483,34.223440,0.754885,0.006854,0.853803
229,deceleration,19,8.000000,235,243,7.920000,8.240000,0.320000,-1.494055,0.909878,1.749308,1.584741,0.696376,0.992566,-0.296190,-0.853103,18.026967,-3.930455,0.765058,0.649129,0.365525
230,deceleration,19,44.000000,413,425,15.040000,15.520000,0.480000,5.355331,8.061953,9.678567,9.090958,0.403956,1.896069,-1.492114,-3.820034,314.431983,5.610010,0.841818,0.931719,0.462676
231,turning,19,44.000000,39,47,0.080000,0.400000,0.320000,-5.477563,-8.271807,9.921012,9.556964,1.048298,1.392824,0.344525,1.008135,75.382216,-17.839188,0.841254,0.188297,0.773612
232,turning,19,39.000000,162,202,5.000000,6.600000,1.600000,-0.265405,-0.529111,0.591944,0.493326,0.750250,1.604338,-0.707721,-0.981520,88.490022,93.611675,0.488431,0.006854,0.214339
233,turning,19,26.000000,281,311,9.760000,10.960000,1.200000,-2.063085,2.807142,3.483729,3.132995,1.157281,1.450509,0.277189,-0.081166,63.017980,-67.408096,0.644223,0.534581,0.077868
234,turning,19,44.000000,422,425,15.400000,15.520000,0.120000,5.403973,8.103291,9.739931,9.678567,0.403956,0.944042,-0.540086,-3.820034,314.431983,1.361711,1.013338,0.998060,0.532407
235,avoidance,19,39.000000,162,202,5.000000,6.600000,1.600000,-0.366065,-1.047322,1.109454,0.493326,0.750250,1.604338,-0.707721,-0.981520,88.490022,93.611675,0.488431,0.006854,0.214339
236,avoidance,19,8.000000,235,243,7.920000,8.240000,0.320000,-1.510138,0.937856,1.777664,1.584741,0.696376,0.992566,-0.296190,-0.853103,18.026967,-3.930455,0.765058,0.649129,0.365525
237,avoidance,19,26.000000,281,311,9.760000,10.960000,1.200000,-1.760762,3.482933,3.902705,3.132995,1.157281,1.450509,0.277189,-0.081166,63.017980,-67.408096,0.644223,0.534581,0.077868
238,conflict,20,40.000000,78,89,1.640000,2.080000,0.440000,-2.719228,-6.576975,7.116937,6.346958,1.800857,1.859459,-0.057253,-0.189729,7.209433,1.879949,0.960905,0.089613,1.938472
239,conflict,20,42.000000,108,117,2.840000,3.200000,0.360000,-1.366619,-4.917890,5.104243,4.571860,1.557708,1.687623,-0.129915,-0.344250,4.229414,0.299214,0.824492,0.630886,1.442024
240,conflict,20,40.000000,123,284,3.440000,9.880000,6.440000,0.885736,-1.045576,1.370313,1.194168,0.881175,1.503391,-0.173463,-0.927443,44.111182,28.531258,0.396497,0.011643,0.126213
241,conflict,20,18.000000,306,322,10.760000,11.400000,0.640000,1.639728,4.305278,4.606964,4.606964,1.421428,1.431344,0.009834,0.010327,23.050221,-7.251156,0.602780,0.406982,0.073099
242,conflict,20,17.000000,346,369,12.360000,13.280000,0.920000,3.619855,7.484332,8.313758,6.901432,1.607250,1.710638,0.103388,0.068717,14.384690,-1.181346,0.725909,0.722410,0.061149
243,conflict,20,19.000000,391,395,14.160000,14.320000,0.160000,4.402075,8.405692,9.488620,9.488620,0.000000,0.131023,-0.131023,-2.284680,431.388344,-173.860925,0.948206,0.767180,0.741271
244,deceleration,20,42.000000,178,188,5.640000,6.040000,0.400000,0.875878,-1.088185,1.396893,1.303449,0.948692,1.332350,-0.383659,-0.927443,20.466297,4.528790,0.396497,0.011643,1.001571
245,deceleration,20,19.000000,378,389,13.640000,14.080000,0.440000,4.374744,8.363365,9.438446,8.914087,0.392638,1.796817,-1.396271,-3.639160,334.036995,5.802516,0.771818,0.886844,0.069515
246,turning,20,22.000000,39,49,0.080000,0.480000,0.400000,-4.401233,-8.569124,9.633314,9.068641,1.277560,1.568254,0.290694,0.589183,72.792307,-22.069683,1.011273,2.002506,0.233464
247,turning,20,2.000000,205,212,6.720000,7.000000,0.280000,1.190726,-0.213164,1.209656,1.203443,0.897511,0.927483,-0.015790,-0.145626,44.111182,14.468026,0.409094,0.313868,1.135656
248,turning,20,16.000000,326,336,11.560000,11.960000,0.400000,1.912960,5.653400,5.968278,5.730435,1.456876,1.502751,0.045874,0.118269,43.237042,-17.495696,0.657785,1.037419,0.385018
249,turning,20,19.000000,386,389,13.960000,14.080000,0.120000,4.409128,8.415302,9.500406,9.438446,0.392638,0.913225,-0.520587,-3.639160,334.036995,1.197690,0.930024,0.886844,1.197787
250,avoidance,20,42.000000,178,188,5.640000,6.040000,0.400000,0.885736,-1.045576,1.370313,1.303449,0.948692,1.332350,-0.383659,-0.927443,20.466297,4.528790,0.396497,0.011643,1.001571
251,avoidance,20,2.000000,205,212,6.720000,7.000000,0.280000,1.164004,-0.315935,1.206118,1.203443,0.897511,0.927483,-0.015790,-0.145626,44.111182,14.468026,0.409094,0.313868,1.135656
252,avoidance,20,16.000000,326,336,11.560000,11.960000,0.400000,2.092401,5.965355,6.321677,5.730435,1.456876,1.502751,0.045874,0.118269,43.237042,-17.495696,0.657785,1.037419,0.385018
253,avoidance,20,19.000000,378,389,13.640000,14.080000,0.440000,4.409128,8.415302,9.500406,8.914087,0.392638,1.796817,-1.396271,-3.639160,334.036995,5.802516,0.771818,0.886844,0.069515
254,conflict,21,18.000000,87,181,2.000000,5.760000,3.760000,3.453992,-0.829840,3.552281,3.300762,1.196106,1.693251,-0.497145,-0.453336,11.515569,-15.049367,0.481909,0.329411,0.065564
255,conflict,21,18.000000,187,193,6.000000,6.240000,0.240000,3.194357,-0.091178,3.195658,3.116735,1.165900,1.221503,0.055603,0.051116,8.269533,-2.271320,0.628002,0.619919,0.240354
256,conflict,21,23.000000,199,202,6.480000,6.600000,0.120000,3.038165,0.473436,3.074832,3.064777,1.283124,1.296722,0.013598,0.069919,5.022293,0.824675,0.621456,0.595608,0.082524
257,conflict,21,15.000000,212,259,7.000000,8.880000,1.880000,2.541149,1.905460,3.176195,3.065437,1.134911,1.285485,0.013667,-0.272450,55.106990,13.045441,0.539485,0.412579,0.068617
258,conflict,21,3.000000,289,305,10.080000,10.720000,0.640000,0.614021,4.417423,4.459893,4.459893,1.480301,1.618095,-0.137794,-0.227000,22.255465,6.160698,0.704945,0.522009,0.058858
259,conflict,21,4.000000,411,432,14.960000,15.800000,0.840000,-7.071700,7.684400,10.443130,10.432927,0.000000,0.573503,-0.573503,-3.515300,360.966010,144.019780,1.002802,0.043125,0.683578
260,deceleration,21,23.000000,400,412,14.520000,15.000000,0.480000,-7.008787,7.672957,10.392178,9.873866,0.404623,1.896099,-1.491477,-3.822685,287.447160,4.498886,1.205716,0.043125,0.451677
261,turning,21,15.000000,225,237,7.520000,8.000000,0.480000,2.460357,2.017098,3.181515,3.157506,1.134911,1.214258,-0.061710,-0.272450,55.106990,25.995543,0.594173,0.412579,0.266610
262,turning,21,42.000000,244,252,8.280000,8.600000,0.320000,1.867570,2.473021,3.098976,3.085632,1.192353,1.241782,0.049201,0.113866,53.510224,-19.642300,0.543378,0.442135,0.168911
263,turning,21,4.000000,409,412,14.880000,15.000000,0.120000,-7.071700,7.684400,10.443130,10.392178,0.404623,0.945346,-0.540723,-3.822685,287.447160,1.202168,1.205716,0.043125,0.561498
264,avoidance,21,15.000000,225,252,7.520000,8.600000,1.080000,2.541149,1.905460,3.176195,3.085632,1.134911,1.241782,0.027524,-0.272450,55.106990,6.623478,0.539485,0.412579,0.168911
265,avoidance,21,23.000000,400,412,14.520000,15.000000,0.480000,-7.071700,7.684400,10.443130,9.873866,0.404623,1.896099,-1.491477,-3.822685,287.447160,4.498886,1.205716,0.043125,0.451677
266,conflict,22,5.000000,55,82,0.720000,1.800000,1.080000,-6.713561,-6.704032,9.487674,8.051995,1.238153,1.637588,0.399435,0.248770,21.491273,-18.269282,0.682366,0.542562,0.068096
267,conflict,22,5.000000,91,95,2.160000,2.320000,0.160000,-4.566923,-5.640212,7.257326,7.257326,1.758264,1.763414,-0.003494,-0.037773,7.075149,0.999116,0.690040,0.652006,0.105663
268,conflict,22,1.000000,109,246,2.880000,8.360000,5.480000,2.136033,-3.012267,3.692748,3.347183,1.048801,1.763680,-0.327824,-0.801277,59.539032,29.471360,0.457617,0.042176,0.055049
269,conflict,22,14.000000,262,327,9.000000,11.600000,2.600000,4.620208,0.604953,4.659644,3.636967,1.448184,1.635634,0.187450,-0.121492,32.564632,6.672026,0.494284,0.478883,0.071462
270,conflict,22,5.000000,379,385,13.680000,13.920000,0.240000,7.080007,6.202795,9.412819,9.167140,1.894137,1.895612,0.001334,-1.101235,4.662147,0.296674,0.805285,0.795230,0.066460
271,deceleration,22,48.000000,204,211,6.680000,6.960000,0.280000,2.102156,-3.047508,3.702210,3.669031,1.137565,1.401487,-0.263922,-0.801277,59.539032,18.410383,0.466825,0.042176,0.661156
272,deceleration,22,44.000000,384,396,13.880000,14.360000,0.480000,7.223278,6.894020,9.985152,9.474761,0.405098,1.895612,-1.490514,-3.823414,285.293429,3.741994,0.795942,0.795316,0.066460
273,turning,22,44.000000,39,46,0.080000,0.360000,0.280000,-7.135338,-7.158233,10.107093,9.911461,0.443884,0.952438,0.508553,1.442156,112.827710,-17.198282,0.813390,0.986285,0.083189
274,turning,22,46.000000,199,213,6.480000,7.040000,0.560000,2.064330,-3.082060,3.709521,3.642691,1.090496,1.466532,-0.375581,-0.801277,59.539032,31.107562,0.457617,0.042176,0.343999
275,turning,22,44.000000,393,396,14.240000,14.360000,0.120000,7.232571,6.957373,10.035692,9.985152,0.405098,0.946137,-0.541039,-3.823414,285.293429,1.048906,0.914839,0.955484,0.557878
276,avoidance,22,44.000000,40,46,0.120000,0.360000,0.240000,-7.015926,-7.000989,9.911461,9.911461,0.513520,0.952438,0.438918,1.442156,101.183174,-12.609074,0.813390,0.986285,0.083189
277,avoidance,22,46.000000,199,213,6.480000,7.040000,0.560000,2.136033,-3.012267,3.692748,3.642691,1.090496,1.466532,-0.375581,-0.801277,59.539032,31.107562,0.457617,0.042176,0.343999
278,avoidance,22,44.000000,384,396,13.880000,14.360000,0.480000,7.097568,6.276594,9.474761,9.474761,0.405098,1.895612,-1.490514,-3.823414,285.293429,3.741994,0.795942,0.795316,0.066460
279,conflict,23,45.000000,75,193,1.520000,6.240000,4.720000,3.415745,-0.622257,3.471962,3.314655,1.175755,1.691931,-0.488418,-0.407470,30.125895,-29.671125,0.428295,0.012134,0.061682
280,conflict,23,21.000000,199,202,6.480000,6.600000,0.120000,3.142028,1.088604,3.325266,3.323302,1.301539,1.380088,0.078549,0.520750,25.145252,3.336958,0.621456,0.595608,0.082524
281,conflict,23,4.000000,218,244,7.240000,8.280000,1.040000,1.596425,3.484945,3.833199,3.373521,1.585576,1.763559,0.177983,0.116410,22.807033,13.621384,0.692813,0.698626,0.054687
282,conflict,23,45.000000,355,357,12.720000,12.800000,0.080000,-6.140681,6.328312,8.817907,8.817907,1.896645,1.897868,-0.001223,-0.010145,8.229894,-0.690515,2.083171,0.458922,1.396334
283,deceleration,23,45.000000,368,380,13.240000,13.720000,0.480000,-7.715680,6.689927,10.212093,9.657931,0.405619,1.896168,-1.490532,-3.825610,299.489847,2.718902,1.111329,1.074472,0.318590
284,turning,23,45.000000,39,44,0.080000,0.280000,0.200000,7.989317,-6.600795,10.363382,10.229055,0.506428,0.895818,0.389390,1.780453,63.452830,8.554613,0.905740,4.909868,0.706582
285,turning,23,45.000000,377,380,13.600000,13.720000,0.120000,-7.778682,6.701842,10.267550,10.212093,0.405619,0.947120,-0.541501,-3.825610,299.489847,0.881850,1.111329,1.074472,0.349862
286,avoidance,23,45.000000,368,372,13.240000,13.400000,0.160000,-7.407654,6.621622,9.935755,9.657931,1.760104,1.896168,-0.136048,-2.375884,4.376909,0.703134,1.258015,1.091554,0.355313
287,conflict,24,8.000000,100,238,2.520000,8.040000,5.520000,4.789520,-0.706253,4.841311,2.211531,1.233900,1.888128,-0.038908,-0.728976,14.330481,24.115350,0.475045,0.039504,0.050369
288,conflict,24,45.000000,329,356,11.680000,12.760000,1.080000,-8.344295,5.972516,10.261492,8.711398,1.639840,1.803155,-0.143834,-1.108419,72.740242,11.432624,0.510379,,
289,conflict,24,47.000000,371,389,13.360000,14.080000,0.720000,-9.456272,5.480280,10.929527,10.588239,0.474474,1.202245,-0.727772,-2.205690,123.227817,70.176320,1.118122,0.028652,0.798825
290,deceleration,24,45.000000,141,147,4.160000,4.400000,0.240000,4.052888,-0.190744,4.057374,3.915532,1.328720,1.531110,-0.202389,-0.728976,3.383988,0.325949,0.679903,0.419278,1.428543
291,deceleration,24,23.000000,353,364,12.640000,13.080000,0.440000,-8.813384,6.116473,10.727860,10.403957,1.197533,1.756763,-0.559229,-1.242064,130.244443,42.120459,0.517037,1.942614,0.197436
292,deceleration,24,47.000000,380,390,13.720000,14.120000,0.400000,-9.269737,5.158375,10.608339,10.574699,0.364553,1.088533,-0.721145,-2.205690,109.250266,26.638218,1.131108,0.054879,0.779466
293,turning,24,6.000000,39,42,0.080000,0.200000,0.120000,8.973273,-5.035060,10.289386,10.236225,0.357220,0.623831,0.266610,2.158264,61.262725,4.872012,0.881435,2.045490,0.400068
294,turning,24,47.000000,351,390,12.560000,14.120000,1.560000,-9.214908,6.037093,11.016398,10.261492,0.364553,1.793409,-1.428856,-2.205690,132.055353,153.853944,0.510379,0.028652,0.197436
295,avoidance,24,45.000000,141,147,4.160000,4.400000,0.240000,3.914273,-0.099286,3.915532,3.915532,1.328720,1.531110,-0.202389,-0.728976,3.383988,0.325949,0.679903,0.419278,1.428543
296,avoidance,24,47.000000,351,390,12.560000,14.120000,1.560000,-9.456272,5.480280,10.929527,10.261492,0.364553,1.793409,-1.428856,-2.205690,132.055353,153.853944,0.510379,0.028652,0.197436
297,conflict,25,46.000000,58,71,0.840000,1.360000,0.520000,-7.886695,-4.660069,9.160579,8.281865,1.639768,1.825379,0.185611,0.105691,10.914749,4.588799,0.733692,0.589249,0.104155
298,conflict,25,44.000000,77,96,1.600000,2.360000,0.760000,-6.580998,-4.288754,7.855122,6.658500,1.528714,1.817228,-0.288513,-0.439724,8.014443,-4.670829,0.743911,0.138916,1.086960
299,conflict,25,63.000000,109,220,2.880000,7.320000,4.440000,0.946253,-2.322166,2.507558,2.506466,1.538197,1.874528,-0.016394,-0.258048,20.271382,2.599333,0.477797,0.272603,0.050737
300,conflict,25,7.000000,263,347,9.040000,12.400000,3.360000,8.850946,2.990970,9.342652,5.186318,1.431726,1.785506,-0.279050,-0.653916,58.146024,-3.355247,0.398986,0.495547,0.059828
301,conflict,25,46.000000,362,396,13.000000,14.360000,1.360000,9.440152,4.890217,10.631589,10.353631,0.091616,1.505414,-1.292110,-1.751178,136.293414,108.080476,0.739721,0.027211,0.061544
302,deceleration,25,46.000000,345,349,12.320000,12.480000,0.160000,9.534721,3.439976,10.136288,10.023264,1.365872,1.492125,-0.126252,-0.653916,76.863111,8.713312,0.531120,1.546275,0.396150
303,deceleration,25,46.000000,369,392,13.280000,14.200000,0.920000,9.465713,4.860968,10.640899,10.378587,0.313149,1.481812,-1.168663,-1.751178,136.293414,88.891062,0.811229,0.027211,0.282866
304,turning,25,46.000000,345,392,12.320000,14.200000,1.880000,9.302906,4.991518,10.557429,10.023264,0.313149,1.505414,-1.178976,-1.751178,136.293414,166.595349,0.531120,0.027211,0.156533
305,avoidance,25,46.000000,345,392,12.320000,14.200000,1.880000,9.440152,4.890217,10.631589,10.023264,0.313149,1.505414,-1.178976,-1.751178,136.293414,166.595349,0.531120,0.027211,0.156533
306,conflict,26,6.000000,66,91,1.160000,2.160000,1.000000,8.350592,-1.232606,8.441072,7.192847,1.205165,1.509630,-0.242380,-0.597202,10.937276,-6.704541,0.636648,0.223895,0.078224
307,conflict,26,47.000000,113,215,3.040000,7.120000,4.080000,5.844900,0.108381,5.845905,3.268804,0.884486,1.414494,-0.162528,-0.819531,17.989839,-0.552121,0.496653,0.205788,0.072137
308,conflict,26,19.000000,229,294,7.680000,10.280000,2.600000,0.071638,3.128475,3.129295,3.128251,1.075115,1.742448,0.485148,-0.446749,50.059123,11.744318,0.605256,0.123447,0.050106
309,conflict,26,6.000000,350,365,12.520000,13.120000,0.600000,-6.443140,3.312945,7.244974,6.890244,1.868295,1.892177,0.023882,0.016999,5.095350,2.304348,0.798029,0.794545,0.063216
310,conflict,26,6.000000,388,392,14.040000,14.200000,0.160000,-9.075660,2.624946,9.447642,9.206373,1.892112,1.893536,0.001424,-0.126624,8.378444,0.916980,0.756456,0.739426,0.086341
311,conflict,26,27.000000,402,408,14.600000,14.840000,0.240000,-9.923271,2.278203,10.181430,10.054266,0.248027,1.299916,-1.051890,-3.802001,321.535390,1.271803,0.879091,0.786143,0.412289
312,deceleration,26,27.000000,110,117,2.920000,3.200000,0.280000,5.974133,0.027035,5.974194,5.845905,1.251081,1.532904,-0.281823,-0.819531,6.840173,-1.737172,0.646591,0.205788,1.202426
313,deceleration,26,47.000000,128,131,3.640000,3.760000,0.120000,5.376902,0.428146,5.393921,5.333084,0.975785,1.090631,-0.114846,-0.671831,3.009754,-0.405427,0.577958,0.482178,0.997263
314,deceleration,26,27.000000,395,407,14.320000,14.800000,0.480000,-9.865091,2.304966,10.130789,9.630204,0.393430,1.892281,-1.498851,-3.802001,283.892185,2.746346,0.740968,0.787794,0.405705
315,turning,26,43.000000,238,247,8.040000,8.400000,0.360000,0.786046,3.151901,3.248437,3.222831,1.094648,1.274401,-0.179754,-0.446749,50.059123,18.857149,0.635396,0.489078,0.222479
316,turning,26,27.000000,404,407,14.680000,14.800000,0.120000,-9.921229,2.279305,10.179687,10.130789,0.393430,0.928449,-0.535019,-3.802001,283.892185,0.586986,0.880277,0.787794,0.480793
317,avoidance,26,27.000000,63,65,1.040000,1.120000,0.080000,8.405499,-1.255937,8.498811,8.498811,1.538939,1.605371,-0.066432,-0.629182,5.514947,0.413880,0.826468,0.817615,0.094426
318,avoidance,26,27.000000,110,117,2.920000,3.200000,0.280000,5.844900,0.108381,5.845905,5.845905,1.251081,1.532904,-0.281823,-0.819531,6.840173,-1.737172,0.646591,0.205788,1.202426
319,avoidance,26,47.000000,128,131,3.640000,3.760000,0.120000,5.412738,0.403041,5.427722,5.333084,0.975785,1.090631,-0.114846,-0.671831,3.009754,-0.405427,0.577958,0.482178,0.997263
320,avoidance,26,43.000000,238,247,8.040000,8.400000,0.360000,0.604946,3.165546,3.222831,3.222831,1.094648,1.274401,-0.179754,-0.446749,50.059123,18.857149,0.635396,0.489078,0.222479
321,avoidance,26,27.000000,395,407,14.320000,14.800000,0.480000,-9.921229,2.279305,10.179687,9.630204,0.393430,1.892281,-1.498851,-3.802001,283.892185,2.746346,0.740968,0.787794,0.405705
322,conflict,27,26.000000,72,91,1.400000,2.160000,0.760000,8.101474,-0.349943,8.109029,7.550591,1.563467,1.724162,0.156289,-0.077556,9.752309,-5.594737,0.722198,0.706305,0.104167
323,conflict,27,8.000000,113,191,3.040000,6.160000,3.120000,5.647912,0.911392,5.720974,3.639048,1.152322,1.568600,-0.249660,-0.606394,12.441577,-3.427529,0.577958,0.461350,0.133233
324,conflict,27,8.000000,222,245,7.400000,8.320000,0.920000,0.688539,3.362601,3.432371,3.326609,1.328843,1.567472,0.218937,-0.002869,43.023118,32.275613,0.644976,0.472794,0.071177
325,conflict,27,19.000000,264,276,9.080000,9.560000,0.480000,-1.466932,3.164354,3.487839,3.422281,1.706791,1.825138,0.118347,0.174101,1.828741,-0.100098,0.774878,0.761866,0.071519
326,conflict,27,26.000000,402,408,14.600000,14.840000,0.240000,-9.958694,1.399826,10.056595,10.056595,0.000000,0.000000,0.000000,-0.000000,0.000000,0.000000,0.879091,0.786143,0.412289
327,deceleration,27,50.000000,374,386,13.480000,13.960000,0.480000,-9.916037,1.428242,10.018366,9.516207,0.401891,1.890651,-1.488760,-3.805439,283.578937,7.576286,1.078268,0.980592,0.343809
328,turning,27,8.000000,227,238,7.600000,8.040000,0.440000,0.635088,3.369067,3.428404,3.403976,1.328843,1.433989,0.094418,-0.000512,43.023118,18.911511,0.677021,0.472794,0.261509
329,turning,27,50.000000,383,386,13.840000,13.960000,0.120000,-9.969428,1.393857,10.066396,10.018366,0.401891,0.939595,-0.537704,-3.805439,283.578937,1.659228,1.078268,0.980592,0.400777
330,avoidance,27,8.000000,227,238,7.600000,8.040000,0.440000,0.688539,3.362601,3.432371,3.403976,1.328843,1.433989,0.094418,-0.000512,43.023118,18.911511,0.677021,0.472794,0.261509
331,conflict,28,29.000000,39,62,0.080000,1.000000,0.920000,-9.669046,-0.150334,9.670214,8.877946,0.368141,1.583521,1.215381,0.560200,175.812238,-33.259759,0.726878,0.445266,1.100995
332,conflict,28,49.000000,92,256,2.200000,8.760000,6.560000,0.909132,-2.592620,2.747399,2.568092,0.850003,1.728258,-0.634397,-0.524167,15.834585,20.030591,0.398904,0.284016,0.052755
333,conflict,28,49.000000,272,283,9.400000,9.840000,0.440000,3.770480,-2.310814,4.422260,3.879176,1.675474,1.824770,0.149297,0.197223,6.893713,2.050267,0.715575,0.674316,0.131640
334,conflict,28,49.000000,304,343,10.680000,12.240000,1.560000,6.009276,-1.775352,6.266042,5.653166,1.651178,1.878045,-0.166081,-0.448049,12.232606,-7.936654,0.540805,0.490166,0.066370
335,conflict,28,29.000000,355,378,12.720000,13.640000,0.920000,9.445070,-1.393323,9.547287,8.890702,0.814871,1.705098,-0.879172,-1.653033,56.543197,9.150122,0.531463,0.434649,0.092696
336,conflict,28,49.000000,398,417,14.440000,15.200000,0.760000,10.502841,-0.495054,10.514501,10.144774,0.439696,1.317930,-0.732589,-2.705505,110.477740,55.179979,0.907756,0.017661,0.846090
337,deceleration,28,29.000000,360,374,12.920000,13.480000,0.560000,9.614294,-1.388865,9.714093,9.221364,0.844888,1.665891,-0.821003,-1.653033,33.180016,3.413605,0.531463,0.434649,0.116253
338,deceleration,28,49.000000,408,418,14.840000,15.240000,0.400000,10.175112,-0.044166,10.175208,10.138117,0.312159,1.317930,-1.005770,-2.705505,99.312556,12.800947,0.926282,0.355167,0.588195
339,turning,28,29.000000,39,47,0.080000,0.400000,0.320000,-9.896155,-0.141391,9.897165,9.670214,0.368141,1.028322,0.660182,1.683064,175.812238,-24.845699,0.808167,0.445266,1.223745
340,turning,28,49.000000,375,418,13.520000,15.240000,1.720000,10.538117,-0.683518,10.560261,9.965321,0.312159,1.317930,-0.511753,-2.705505,110.477740,128.558608,0.558952,0.017661,0.420047
341,avoidance,28,29.000000,40,47,0.120000,0.400000,0.280000,-9.669046,-0.150334,9.670214,9.670214,0.445949,1.028322,0.582373,1.683064,156.434743,-17.735483,0.812990,0.445266,1.259861
342,avoidance,28,49.000000,360,418,12.920000,15.240000,2.320000,10.502841,-0.495054,10.514501,9.221364,0.312159,1.665891,-1.353732,-2.705505,110.477740,133.450515,0.531463,0.017661,0.116253
343,conflict,29,28.000000,39,62,0.080000,1.000000,0.920000,-9.536556,0.651787,9.558804,8.650277,0.809370,1.717864,0.908494,0.180851,26.923824,11.827904,0.726878,0.445266,1.100995
344,conflict,29,46.000000,92,264,2.200000,9.080000,6.880000,1.654829,-1.958507,2.564022,2.117009,0.788215,1.785797,-0.466714,-0.645441,16.025050,45.923451,0.398904,0.022738,0.076564
345,conflict,29,46.000000,270,288,9.320000,10.040000,0.720000,3.282017,-1.302800,3.531136,3.204607,1.424876,1.565852,0.072911,-0.187013,25.957675,-8.964113,0.706499,0.696502,0.054297
346,conflict,29,49.000000,329,335,11.680000,11.920000,0.240000,6.653355,-0.909831,6.715276,6.715276,1.812460,1.855240,-0.042779,-0.144448,0.521772,-0.095335,0.724323,0.678216,1.291286
347,conflict,29,49.000000,341,378,12.160000,13.640000,1.480000,9.288115,-0.860829,9.327920,7.576003,0.000000,1.853867,-1.794820,-3.586930,441.091968,173.442222,0.531463,0.434649,0.072606
348,conflict,29,31.000000,415,440,15.120000,16.120000,1.000000,9.624071,-0.871255,9.663428,9.663428,0.000000,0.000000,0.000000,-0.000000,0.000000,0.000000,0.945727,0.044756,0.725209
349,deceleration,29,44.000000,139,142,4.080000,4.200000,0.120000,-3.555736,-1.581502,3.891582,3.845531,1.495791,1.590779,-0.094988,-0.645441,9.063737,0.965852,0.435465,0.746956,0.796718
350,deceleration,29,28.000000,360,373,12.920000,13.440000,0.520000,9.577514,-0.870370,9.616981,8.959624,0.368418,1.822357,-1.453939,-3.586930,346.872031,-1.652210,0.531463,0.434649,0.072606
351,turning,29,33.000000,370,373,13.320000,13.440000,0.120000,9.635267,-0.871694,9.674617,9.616981,0.368418,0.867833,-0.499415,-3.586930,346.872031,0.280686,0.531463,0.529789,0.202154
352,avoidance,29,44.000000,139,142,4.080000,4.200000,0.120000,-3.615335,-1.563672,3.939000,3.845531,1.495791,1.590779,-0.094988,-0.645441,9.063737,0.965852,0.435465,0.746956,0.796718
353,avoidance,29,28.000000,360,373,12.920000,13.440000,0.520000,9.288115,-0.860829,9.327920,8.959624,0.368418,1.822357,-1.453939,-3.586930,346.872031,-1.652210,0.531463,0.434649,0.072606
354,conflict,30,51.000000,55,148,0.720000,4.440000,3.720000,7.009370,1.723051,7.218045,4.722316,1.126352,1.696918,-0.394345,-0.768214,22.925287,-16.368894,0.653538,0.022087,0.066123
355,conflict,30,27.000000,154,159,4.680000,4.880000,0.200000,3.940972,2.190380,4.508772,4.325064,1.322329,1.369620,0.047291,0.203090,6.656297,1.349503,0.728692,0.647545,0.471448
356,conflict,30,8.000000,193,196,6.240000,6.360000,0.120000,1.332786,2.647525,2.964069,2.964069,1.811708,1.821720,0.010012,0.030844,25.161202,3.260535,0.793943,0.782603,0.100166
357,conflict,30,50.000000,206,232,6.760000,7.800000,1.040000,-0.253757,2.369819,2.383366,2.379673,1.484032,1.782161,-0.298129,-0.386669,11.394865,-3.997440,0.806006,0.103227,0.647489
358,conflict,30,50.000000,267,274,9.200000,9.480000,0.280000,-3.078292,2.021374,3.682640,3.682640,1.514731,1.557428,0.041373,-0.030087,4.749134,0.197223,0.622572,0.523023,0.113727
359,deceleration,30,51.000000,81,89,1.760000,2.080000,0.320000,7.116569,1.714343,7.320145,7.169933,1.266911,1.533483,-0.266573,-0.768214,3.382646,-1.132877,0.674516,0.022087,1.834550
360,deceleration,30,32.000000,368,380,13.240000,13.720000,0.480000,-9.889864,-1.497759,10.002634,9.422314,0.406045,1.895618,-1.489320,-3.825402,309.997262,1.687333,1.116412,0.864586,0.602879
361,turning,30,8.000000,39,48,0.080000,0.440000,0.360000,10.022313,1.718519,10.168582,9.716936,1.110044,1.436430,0.326385,0.718487,91.099433,-23.654192,0.911923,0.773383,0.329085
362,turning,30,32.000000,377,380,13.600000,13.720000,0.120000,-9.943863,-1.532479,10.061258,10.002634,0.406045,0.947738,-0.541693,-3.825402,309.997262,0.647283,1.116412,0.864586,0.802624
363,avoidance,30,8.000000,40,48,0.120000,0.440000,0.320000,9.981665,1.699467,10.125306,9.716936,1.135547,1.436430,0.300883,0.752203,85.297587,-20.215408,0.911923,0.788818,0.329085
364,avoidance,30,51.000000,81,89,1.760000,2.080000,0.320000,7.009370,1.723051,7.218045,7.169933,1.266911,1.533483,-0.266573,-0.768214,3.382646,-1.132877,0.674516,0.022087,1.834550
365,conflict,31,33.000000,48,58,0.440000,0.840000,0.400000,-9.385856,1.881121,9.572508,8.998867,1.182564,1.618905,0.436340,0.728643,36.818871,-5.678490,0.701858,0.527683,0.110774
366,conflict,31,33.000000,67,73,1.200000,1.440000,0.240000,-7.763227,1.703558,7.947943,7.947943,1.781629,1.797706,0.012205,-0.046028,1.092555,-0.046963,0.698502,0.651221,0.085579
367,conflict,31,33.000000,85,89,1.920000,2.080000,0.160000,-6.923980,1.599305,7.106284,6.827834,1.749269,1.769100,0.019831,0.050952,8.310559,-1.264422,0.640188,0.566825,0.202162
368,conflict,31,54.000000,112,268,3.000000,9.240000,6.240000,-0.566308,-0.852178,1.023187,1.018205,1.158679,1.751385,-0.338296,-0.398364,76.918629,-31.281333,0.395629,0.003004,0.056960
369,conflict,31,39.000000,282,306,9.800000,10.760000,0.960000,2.814376,-4.655593,5.440153,4.964068,1.609209,1.839219,0.230010,0.095599,53.428227,32.070405,0.721623,0.720983,0.079117
370,conflict,31,34.000000,329,331,11.680000,11.760000,0.080000,5.427125,-4.284696,6.914645,6.914645,1.744037,1.772830,-0.028793,-0.306800,8.726865,-0.697858,1.451647,0.089960,1.991928
371,conflict,31,34.000000,343,440,12.240000,16.120000,3.880000,8.930135,-2.173566,9.190849,7.620749,0.418294,1.649243,-1.230949,-2.456837,220.305352,16.268708,0.543348,0.044756,0.055861
372,deceleration,31,34.000000,345,352,12.320000,12.600000,0.280000,6.697689,-4.130278,7.868814,7.724092,1.365203,1.596647,-0.231444,-0.751125,17.142041,4.759885,0.957783,0.269080,0.948819
373,deceleration,31,29.000000,433,440,15.840000,16.120000,0.280000,9.442919,-1.807497,9.614352,9.413022,0.418294,1.151052,-0.732758,-2.456837,220.305352,-8.390166,0.794989,0.685423,0.725209
374,turning,31,33.000000,39,48,0.080000,0.440000,0.360000,-9.703132,1.837487,9.875583,9.572508,0.605568,1.182564,0.576996,1.457334,139.373839,-27.941192,0.736456,0.312384,1.898312
375,turning,31,54.000000,189,204,6.080000,6.680000,0.600000,-0.478704,-0.900640,1.019956,1.018205,1.280433,1.419563,-0.059886,-0.398364,76.918629,-40.857637,0.400126,0.003004,0.560076
376,turning,31,59.000000,270,290,9.320000,10.120000,0.800000,1.971536,-4.448345,4.865668,4.327838,1.451900,1.722855,0.270955,0.277945,54.012654,38.738187,0.605471,0.724843,0.216875
377,turning,31,34.000000,377,391,13.600000,14.160000,0.560000,8.392442,-3.571559,9.120807,8.935954,0.963734,1.171778,-0.192151,-0.507927,74.861932,38.277086,0.544505,0.493854,0.073920
378,turning,31,33.000000,404,407,14.680000,14.800000,0.120000,8.814708,-2.768916,9.239371,9.236762,0.947645,1.027358,-0.079712,-0.499636,38.649921,6.381440,0.570229,0.528997,0.197864
379,turning,31,29.000000,417,440,15.200000,16.120000,0.920000,9.458022,-1.802291,9.628211,9.178705,0.418294,1.177963,-0.400589,-2.456837,220.305352,-57.478313,0.599745,0.044756,0.725209
380,avoidance,31,33.000000,40,48,0.120000,0.440000,0.320000,-9.680120,1.847939,9.854928,9.572508,0.659703,1.182564,0.522861,1.457334,126.594736,-22.290990,0.736456,0.324675,1.898312
381,avoidance,31,54.000000,189,204,6.080000,6.680000,0.600000,-0.566308,-0.852178,1.023187,1.018205,1.280433,1.419563,-0.059886,-0.398364,76.918629,-40.857637,0.400126,0.003004,0.560076
382,avoidance,31,59.000000,270,290,9.320000,10.120000,0.800000,2.605377,-4.633535,5.315791,4.327838,1.451900,1.722855,0.270955,0.277945,54.012654,38.738187,0.605471,0.724843,0.216875
383,avoidance,31,34.000000,345,352,12.320000,12.600000,0.280000,6.512112,-4.153794,7.724092,7.724092,1.365203,1.596647,-0.231444,-0.751125,17.142041,4.759885,0.957783,0.269080,0.948819
384,avoidance,31,34.000000,377,391,13.600000,14.160000,0.560000,8.447042,-3.514673,9.149068,8.935954,0.963734,1.171778,-0.192151,-0.507927,74.861932,38.277086,0.544505,0.493854,0.073920
385,avoidance,31,33.000000,404,407,14.680000,14.800000,0.120000,8.814708,-2.768916,9.239371,9.236762,0.947645,1.027358,-0.079712,-0.499636,38.649921,6.381440,0.570229,0.528997,0.197864
386,avoidance,31,29.000000,417,440,15.200000,16.120000,0.920000,8.930135,-2.173566,9.190849,9.178705,0.418294,1.177963,-0.400589,-2.456837,220.305352,-57.478313,0.599745,0.044756,0.725209
387,conflict,32,9.000000,52,91,0.600000,2.160000,1.560000,7.618871,2.443676,8.001172,7.713852,1.278203,1.530002,0.006319,-0.356369,22.827173,-20.612078,0.770598,0.504296,0.396759
388,conflict,32,51.000000,110,127,2.920000,3.600000,0.680000,5.441412,2.676236,6.063926,5.797874,1.592803,1.649178,-0.009924,-0.128400,3.991835,-0.840116,0.702263,0.696363,0.053487
389,conflict,32,60.000000,172,216,5.400000,7.160000,1.760000,0.412504,2.474000,2.508153,2.381956,1.523487,1.850645,-0.254269,-0.500640,26.491328,-8.199566,0.769077,0.195375,0.230364
390,deceleration,32,30.000000,353,366,12.640000,13.160000,0.520000,-10.055572,-2.602544,10.386904,9.842880,0.356910,1.861977,-1.505067,-3.592289,286.728667,11.663719,1.156538,1.031742,0.097491
391,turning,32,9.000000,39,47,0.080000,0.400000,0.320000,9.972189,2.853986,10.372550,10.137172,0.450062,1.028762,0.578699,1.523429,170.971292,-27.355963,1.043596,0.923651,0.179057
392,turning,32,30.000000,363,366,13.040000,13.160000,0.120000,-10.086176,-2.649197,10.428288,10.386904,0.356910,0.843874,-0.486964,-3.592289,286.728667,2.550603,1.156538,1.031742,0.919557
393,avoidance,32,9.000000,40,47,0.120000,0.400000,0.280000,9.893857,2.802698,10.283167,10.137172,0.514650,1.028762,0.514111,1.523429,152.531754,-20.347400,1.043596,0.923651,0.179057
394,conflict,33,31.000000,48,58,0.440000,0.840000,0.400000,-9.364010,2.617253,9.722896,9.253337,1.002175,1.312475,0.310300,0.720287,3.304209,0.921969,0.701858,0.527683,0.110774
395,conflict,33,34.000000,67,97,1.200000,2.400000,1.200000,-6.992257,2.151539,7.315789,6.760692,1.495148,1.718773,-0.092683,-0.382745,25.890824,-8.039499,0.640149,0.367407,0.085579
396,conflict,33,28.000000,130,171,3.720000,5.360000,1.640000,-3.768042,-0.077154,3.768832,2.886375,1.712087,1.860324,-0.139251,-0.187315,7.070397,-6.335456,0.740458,0.586356,0.093798
397,conflict,33,28.000000,184,191,5.880000,6.160000,0.280000,-1.673494,-2.271430,2.821343,2.763135,1.717955,1.725551,0.007597,-0.128125,6.956795,-0.381637,0.679115,0.795508,0.053162
398,conflict,33,36.000000,201,242,6.560000,8.200000,1.640000,-0.939896,-2.967963,3.113231,2.860037,0.029225,1.387369,-0.777752,-2.363006,424.538069,139.211773,0.455422,0.045788,0.057819
399,conflict,33,64.000000,258,266,8.840000,9.160000,0.320000,-0.845802,-2.193278,2.350713,2.151554,1.186148,1.429296,0.243148,0.689003,70.023153,-15.738747,0.964958,0.341669,1.364043
400,conflict,33,31.000000,357,392,12.800000,14.200000,1.400000,7.949035,-2.650632,8.379320,6.733983,1.898664,1.899989,-0.001116,-1.506201,3.727607,-0.448407,0.718505,0.708338,0.055976
401,conflict,33,31.000000,399,417,14.480000,15.200000,0.720000,9.391610,-2.684971,9.767876,9.717064,0.000000,0.948107,-0.948107,-3.830472,418.519765,166.921723,0.553514,0.528997,0.065749
402,deceleration,33,10.000000,195,212,6.320000,7.000000,0.680000,-1.021213,-2.899931,3.074488,2.890159,0.341140,1.708953,-1.367813,-2.363006,289.374202,7.884769,0.455422,0.045788,0.068205
403,deceleration,33,31.000000,390,402,14.120000,14.600000,0.480000,9.339910,-2.680936,9.717064,9.106395,0.406161,1.899521,-1.493360,-3.830472,326.185930,-2.531727,0.691111,0.640427,0.055976
404,turning,33,56.000000,209,212,6.880000,7.000000,0.120000,-0.913270,-2.989160,3.125562,3.105274,0.341140,0.598670,-0.257530,-2.264408,289.374202,1.800263,0.455422,0.045788,1.390662
405,turning,33,36.000000,221,223,7.360000,7.440000,0.080000,-0.916058,-2.975467,3.113288,3.098253,0.312433,0.397697,0.085264,0.909190,252.154130,0.392467,0.766294,0.663722,0.888084
406,turning,33,36.000000,233,265,7.840000,9.120000,1.280000,-1.190389,-2.525681,2.792148,2.169743,0.597500,1.399909,0.802409,0.080225,139.867709,-120.469976,0.723362,0.341669,0.057819
407,turning,33,31.000000,399,402,14.480000,14.600000,0.120000,9.403950,-2.685559,9.779903,9.717064,0.406161,0.948107,-0.541946,-3.830472,326.185930,-0.757139,0.691111,0.640427,0.065749
408,avoidance,33,10.000000,195,212,6.320000,7.000000,0.680000,-0.939896,-2.967963,3.113231,2.890159,0.341140,1.708953,-1.367813,-2.363006,289.374202,7.884769,0.455422,0.045788,0.068205
409,avoidance,33,36.000000,221,223,7.360000,7.440000,0.080000,-0.916058,-2.975467,3.113288,3.098253,0.312433,0.397697,0.085264,0.909190,252.154130,0.392467,0.766294,0.663722,0.888084
410,avoidance,33,36.000000,233,265,7.840000,9.120000,1.280000,-0.845802,-2.193278,2.350713,2.169743,0.597500,1.399909,0.802409,0.080225,139.867709,-120.469976,0.723362,0.341669,0.057819
411,avoidance,33,31.000000,390,402,14.120000,14.600000,0.480000,9.403950,-2.685559,9.779903,9.106395,0.406161,1.899521,-1.493360,-3.830472,326.185930,-2.531727,0.691111,0.640427,0.055976
412,conflict,34,10.000000,39,56,0.080000,0.760000,0.680000,-9.092678,3.672435,9.806303,9.335256,0.257898,1.337668,1.079770,0.612882,229.056879,-25.987042,0.666166,0.440707,1.653136
413,conflict,34,33.000000,67,86,1.200000,1.960000,0.760000,-8.072718,3.277457,8.712663,7.779300,1.146172,1.371537,-0.225365,-0.396472,6.486100,-3.464814,0.569160,0.432970,0.079655
414,conflict,34,36.000000,109,150,2.880000,4.520000,1.640000,-6.272616,2.421640,6.723842,4.426106,1.301212,1.586876,0.166799,-0.514465,11.115660,-6.603191,0.613630,0.496041,0.136623
415,conflict,34,38.000000,174,239,5.480000,8.080000,2.600000,-1.846599,-0.530138,1.921191,0.890810,0.899712,1.563847,-0.453580,-0.784770,60.366935,23.883098,0.403560,0.012705,0.059935
416,conflict,34,64.000000,246,254,8.360000,8.680000,0.320000,0.394159,-1.080530,1.150177,0.970300,1.120654,1.272806,0.152152,0.353743,13.460905,4.690579,0.687110,0.763123,0.053354
417,conflict,34,31.000000,329,331,11.680000,11.760000,0.080000,5.409201,-2.772871,6.078509,6.078509,1.834742,1.855107,-0.020366,-0.224729,0.964027,0.068075,1.344565,0.089960,1.991928
418,conflict,34,31.000000,343,370,12.240000,13.320000,1.080000,6.382067,-3.012282,7.057239,7.057239,1.758953,1.876731,0.116521,-0.472578,18.510334,1.847630,0.748371,0.149012,0.052707
419,conflict,34,31.000000,378,398,13.640000,14.440000,0.800000,9.059168,-3.536158,9.724862,9.571506,0.000000,1.301435,-1.301435,-3.774451,454.366723,176.620347,0.543348,0.493854,0.063680
420,deceleration,34,19.000000,205,214,6.720000,7.080000,0.360000,-1.356546,-0.670544,1.513224,1.377943,0.969619,1.270511,-0.300892,-0.784770,35.964794,12.496770,0.413551,0.397523,0.060656
421,deceleration,34,10.000000,371,383,13.360000,13.840000,0.480000,9.007107,-3.514502,9.668490,9.048783,0.400127,1.874348,-1.474221,-3.774451,362.411830,-8.535099,0.707779,0.585926,0.063680
422,turning,34,10.000000,40,46,0.120000,0.360000,0.240000,-9.236527,3.708741,9.953301,9.806303,0.340997,0.866545,0.525548,1.825571,200.492488,-14.421795,0.742995,0.440707,1.671596
423,turning,34,38.000000,180,191,5.720000,6.160000,0.440000,-2.656515,-0.335138,2.677571,2.403872,1.515079,1.563847,-0.046238,-0.195278,60.366935,26.926457,0.415219,0.042759,0.852992
424,turning,34,9.000000,224,227,7.480000,7.600000,0.120000,-0.797042,-0.687134,1.052345,1.005233,0.939169,0.978448,0.039279,0.233400,37.540944,-5.127529,0.543518,0.840603,0.257486
425,turning,34,31.000000,380,383,13.720000,13.840000,0.120000,9.065845,-3.538062,9.731774,9.668490,0.400127,0.934125,-0.533998,-3.774451,362.411830,-1.536141,0.707779,0.585926,0.260676
426,avoidance,34,10.000000,40,46,0.120000,0.360000,0.240000,-9.092678,3.672435,9.806303,9.806303,0.340997,0.866545,0.525548,1.825571,200.492488,-14.421795,0.742995,0.440707,1.671596
427,avoidance,34,38.000000,180,191,5.720000,6.160000,0.440000,-2.485833,-0.398948,2.517643,2.403872,1.515079,1.563847,-0.046238,-0.195278,60.366935,26.926457,0.415219,0.042759,0.852992
428,avoidance,34,19.000000,205,214,6.720000,7.080000,0.360000,-1.594947,-0.603019,1.705135,1.377943,0.969619,1.270511,-0.300892,-0.784770,35.964794,12.496770,0.413551,0.397523,0.060656
429,avoidance,34,9.000000,224,227,7.480000,7.600000,0.120000,-0.834981,-0.682196,1.078233,1.005233,0.939169,0.978448,0.039279,0.233400,37.540944,-5.127529,0.543518,0.840603,0.257486
430,avoidance,34,10.000000,371,383,13.360000,13.840000,0.480000,9.065845,-3.538062,9.731774,9.048783,0.400127,1.874348,-1.474221,-3.774451,362.411830,-8.535099,0.707779,0.585926,0.063680
431,conflict,35,51.000000,54,64,0.680000,1.080000,0.400000,7.671793,5.046938,9.183027,9.183027,1.338110,1.630276,0.292166,0.604085,5.023210,1.608786,0.760465,0.719858,0.609574
432,conflict,35,51.000000,79,100,1.680000,2.520000,0.840000,5.526627,3.570844,6.579858,6.579858,1.754991,1.864465,-0.077079,-0.283027,8.019632,-3.759064,0.651760,0.541718,0.053511
433,conflict,35,50.000000,109,239,2.880000,8.080000,5.200000,0.577453,1.650592,1.748687,0.839621,0.924744,1.694912,-0.470493,-0.390416,40.703622,8.728016,0.417459,0.049304,0.109352
434,conflict,35,61.000000,246,253,8.360000,8.640000,0.280000,-1.060956,0.184106,1.076811,1.076811,1.239775,1.441568,0.201793,0.375601,2.220251,0.602537,0.604103,0.197006,1.475689
435,conflict,35,61.000000,282,292,9.800000,10.200000,0.400000,-3.518614,-1.649200,3.885937,3.214156,1.867373,1.887109,0.019735,0.032650,9.971764,-2.311644,0.771188,0.766000,0.075774
436,conflict,35,51.000000,381,386,13.760000,13.960000,0.200000,-8.737551,-5.477532,10.312524,10.312524,0.000000,0.250853,-0.250853,-2.757377,392.755133,154.686285,0.776615,0.724515,0.312086
437,deceleration,35,11.000000,368,380,13.240000,13.720000,0.480000,-8.712006,-5.433943,10.267754,9.680659,0.396799,1.885732,-1.488932,-3.782128,316.502391,10.613479,0.860483,0.809147,0.141560
438,turning,35,19.000000,190,196,6.120000,6.360000,0.240000,0.613686,1.673749,1.782708,1.679621,1.034852,1.110141,-0.075288,-0.288333,40.703622,11.271300,0.477476,0.049304,0.979517
439,turning,35,51.000000,377,380,13.600000,13.720000,0.120000,-8.744878,-5.487278,10.323910,10.267754,0.396799,0.929752,-0.532953,-3.782128,316.502391,2.375119,0.860483,0.809147,0.242209
440,avoidance,35,19.000000,190,196,6.120000,6.360000,0.240000,0.577453,1.650592,1.748687,1.679621,1.034852,1.110141,-0.075288,-0.288333,40.703622,11.271300,0.477476,0.049304,0.979517
441,avoidance,35,11.000000,368,380,13.240000,13.720000,0.480000,-8.744878,-5.487278,10.323910,9.680659,0.396799,1.885732,-1.488932,-3.782128,316.502391,10.613479,0.860483,0.809147,0.141560
442,conflict,36,10.000000,53,101,0.640000,2.560000,1.920000,-7.841911,5.005652,9.303340,7.117726,1.184193,1.398452,-0.076704,-0.380670,12.708116,8.268361,0.686179,0.438240,0.066319
443,conflict,36,34.000000,109,141,2.880000,4.160000,1.280000,-5.975640,3.135590,6.748348,5.186110,1.169777,1.355072,0.185296,-0.032474,7.612082,4.045855,0.637051,0.496041,0.187559
444,conflict,36,13.000000,174,260,5.480000,8.920000,3.440000,-2.925763,0.349095,2.946515,1.976901,1.039432,1.674928,-0.370696,-1.169386,24.606303,15.826869,0.403560,0.288359,0.073947
445,conflict,36,14.000000,296,459,10.360000,16.880000,6.520000,5.690549,-7.617934,9.508694,4.013852,0.001272,1.527033,-1.453678,-1.346170,38.586408,-18.760057,0.399858,0.233788,0.051522
446,deceleration,36,34.000000,184,195,5.880000,6.320000,0.440000,-2.587952,-0.016250,2.588003,2.420403,1.085090,1.607337,-0.522247,-1.169386,11.672338,5.390082,0.403560,0.335411,0.085121
447,deceleration,36,38.000000,379,406,13.680000,14.760000,1.080000,5.795975,-7.701038,9.638429,8.805996,0.305734,1.468261,-1.162527,-1.346170,38.586408,-10.543078,0.399858,0.233788,0.051522
448,turning,36,38.000000,399,402,14.480000,14.600000,0.120000,5.830026,-7.735437,9.686392,9.663809,0.458120,0.626636,-0.168515,-1.333719,38.586408,-6.411615,0.399858,0.391829,0.051522
449,avoidance,36,34.000000,184,195,5.880000,6.320000,0.440000,-2.836470,0.250625,2.847521,2.420403,1.085090,1.607337,-0.522247,-1.169386,11.672338,5.390082,0.403560,0.335411,0.085121
450,avoidance,36,38.000000,379,406,13.680000,14.760000,1.080000,5.690549,-7.617934,9.508694,8.805996,0.305734,1.468261,-1.162527,-1.346170,38.586408,-10.543078,0.399858,0.233788,0.051522
451,conflict,37,53.000000,43,64,0.240000,1.080000,0.840000,5.465380,8.032638,9.715639,8.817366,0.885248,1.756411,0.871163,0.372760,33.439529,0.436177,0.708769,0.548847,0.062806
452,conflict,37,53.000000,89,97,2.080000,2.400000,0.320000,3.419578,5.542770,6.512742,6.512742,1.714912,1.751591,0.036679,0.042878,12.404464,-2.547058,0.725038,0.660384,0.080863
453,conflict,37,11.000000,132,372,3.800000,13.400000,9.600000,0.163413,3.169032,3.173242,1.820999,0.747084,1.789788,-0.660303,-1.834853,63.351779,73.786927,0.398923,0.017056,0.054230
454,conflict,37,54.000000,383,415,13.840000,15.120000,1.280000,-6.318520,-8.702152,10.754122,10.474848,0.112183,1.618481,-1.318996,-3.041111,102.602213,58.640551,0.912194,0.028714,0.793921
455,deceleration,37,12.000000,348,360,12.440000,12.920000,0.480000,-7.836891,-7.047039,10.539337,10.200796,0.778545,1.633379,-0.854834,-1.834853,63.351779,26.719905,0.532448,0.207825,0.582358
456,deceleration,37,54.000000,400,413,14.520000,15.040000,0.520000,-6.004003,-8.638752,10.520271,10.477077,0.332465,1.542499,-1.210034,-3.041111,94.110219,31.099410,1.001707,0.028714,0.793921
457,turning,37,53.000000,39,42,0.080000,0.200000,0.120000,5.727871,8.383429,10.153344,10.069950,0.592367,0.811211,0.218845,1.794420,56.241081,5.443560,0.834066,0.826736,0.084444
458,turning,37,12.000000,350,385,12.520000,13.920000,1.400000,-7.737500,-7.843811,11.017907,10.324891,0.747084,1.558571,-0.071568,-1.834853,73.493664,77.162804,0.483418,0.207825,0.094278
459,turning,37,54.000000,394,413,14.280000,15.040000,0.760000,-5.953909,-8.620911,10.477077,10.477077,0.332465,1.618429,-1.285963,-3.041111,94.110219,46.645461,0.920529,0.028714,0.793921
460,avoidance,37,53.000000,40,42,0.120000,0.200000,0.080000,5.671740,8.320772,10.069950,10.069950,0.664591,0.811211,0.146621,1.794420,50.540693,3.231506,0.835714,0.826736,0.494259
461,avoidance,37,12.000000,348,385,12.440000,13.920000,1.480000,-7.869698,-7.178118,10.651644,10.200796,0.747084,1.633379,-0.146375,-1.834853,73.493664,79.789744,0.483418,0.207825,0.094278
462,avoidance,37,54.000000,394,413,14.280000,15.040000,0.760000,-6.318520,-8.702152,10.754122,10.477077,0.332465,1.618429,-1.285963,-3.041111,94.110219,46.645461,0.920529,0.028714,0.793921
463,conflict,38,52.000000,83,109,1.840000,2.880000,1.040000,-4.924500,5.168720,7.139073,6.053561,1.357079,1.732952,-0.375874,-0.769975,28.384913,-10.721993,0.624400,0.452467,0.055511
464,conflict,38,34.000000,132,150,3.800000,4.520000,0.720000,-3.892064,2.687259,4.729643,3.849620,1.513460,1.720266,0.173662,-0.165482,9.886661,3.472940,0.652677,0.541086,0.520499
465,conflict,38,39.000000,157,241,4.800000,8.160000,3.360000,-1.523041,-0.248577,1.543193,0.833876,1.108859,1.631824,-0.480624,-0.703976,51.299896,10.464379,0.413551,0.012705,0.325680
466,conflict,38,33.000000,247,272,8.400000,9.400000,1.000000,0.870180,-1.843271,2.038348,1.592236,1.004055,1.135808,0.010576,-0.213381,4.201182,0.647302,0.575642,0.501295,0.097579
467,conflict,38,36.000000,296,459,10.360000,16.880000,6.520000,6.144638,-7.490387,9.688265,3.829266,0.000000,1.775346,-1.413012,-3.598283,479.738785,-21.323594,0.399858,0.233788,0.051460
468,deceleration,38,56.000000,84,90,1.880000,2.120000,0.240000,-4.924500,5.168720,7.139073,6.969962,1.485407,1.701386,-0.215979,-0.769975,28.384913,-7.515660,0.631442,0.452467,0.723818
469,deceleration,38,34.000000,184,189,5.880000,6.080000,0.200000,-1.998830,0.093017,2.000994,1.932972,1.205626,1.378398,-0.172773,-0.703976,41.489693,5.640848,0.491105,0.042759,0.960371
470,deceleration,38,13.000000,385,396,13.920000,14.360000,0.440000,6.123026,-7.468041,9.657281,9.132935,0.391329,1.775346,-1.377085,-3.598283,342.672507,-0.773064,0.442793,0.233788,0.051460
471,turning,38,56.000000,39,45,0.080000,0.320000,0.240000,-6.329219,7.647824,9.927146,9.777006,0.427136,0.904518,0.477382,1.822581,116.124439,15.574912,1.036656,1.048283,1.758649
472,turning,38,34.000000,188,198,6.040000,6.440000,0.400000,-1.800713,-0.100418,1.803510,1.625020,1.108859,1.242237,-0.062758,-0.680552,51.299896,21.360329,0.449015,0.042759,0.817514
473,turning,38,36.000000,393,396,14.240000,14.360000,0.120000,6.166030,-7.512915,9.719250,9.657281,0.391329,0.908425,-0.517096,-3.598283,342.672507,-0.401749,0.442793,0.233788,0.487414
474,avoidance,38,56.000000,84,90,1.880000,2.120000,0.240000,-4.924500,5.168720,7.139073,6.969962,1.485407,1.701386,-0.215979,-0.769975,28.384913,-7.515660,0.631442,0.452467,0.723818
475,avoidance,38,34.000000,184,198,5.880000,6.440000,0.560000,-1.932882,0.018613,1.932972,1.625020,1.108859,1.378398,-0.198919,-0.703976,51.299896,25.355479,0.449015,0.042759,0.817514
476,avoidance,38,13.000000,385,396,13.920000,14.360000,0.440000,6.144638,-7.490387,9.688265,9.132935,0.391329,1.775346,-1.377085,-3.598283,342.672507,-0.773064,0.442793,0.233788,0.051460
477,conflict,39,64.000000,39,66,0.080000,1.160000,1.080000,-3.903043,7.406096,8.371619,8.371619,0.791157,1.794294,1.003137,0.116827,27.412161,-6.966391,0.728526,0.658243,0.084230
478,conflict,39,38.000000,91,237,2.160000,8.000000,5.840000,-0.302526,0.891446,0.941381,0.297317,0.610304,1.896304,-0.906505,-0.831651,54.611085,2.258286,0.397745,0.006854,0.051351
479,conflict,39,34.000000,255,272,8.720000,9.400000,0.680000,1.361812,-1.530545,2.048682,1.912404,1.121908,1.508651,0.386744,0.389748,10.184347,4.957901,0.575642,0.501295,0.061436
480,conflict,39,31.000000,294,306,10.280000,10.760000,0.480000,3.124258,-3.990196,5.067805,4.276431,1.812393,1.858388,0.045995,0.052568,19.952078,-9.549330,0.708857,0.790825,0.079117
481,conflict,39,64.000000,371,399,13.360000,14.480000,1.120000,4.591207,-8.656083,9.798314,9.778772,0.000000,0.755376,-0.755376,-3.732264,454.734987,-178.072754,0.805242,0.732149,0.086751
482,deceleration,39,54.000000,148,169,4.440000,5.280000,0.840000,-0.608410,1.741291,1.844521,1.206502,1.054056,1.676379,-0.622323,-0.831651,8.966291,-2.770015,0.511218,0.232896,1.125034
483,deceleration,39,56.000000,361,373,12.960000,13.440000,0.480000,4.566482,-8.610811,9.746734,9.118896,0.404313,1.893010,-1.488697,-3.818038,361.130745,4.486182,0.821227,0.765290,0.075635
484,turning,39,19.000000,184,192,5.880000,6.200000,0.320000,-0.116659,0.525352,0.538148,0.460980,0.610304,0.813408,-0.203104,-0.624028,54.611085,20.739921,0.397745,0.285916,0.051351
485,turning,39,40.000000,200,205,6.520000,6.720000,0.200000,0.156357,0.290610,0.330002,0.301828,0.732956,0.850715,0.117758,0.478955,41.295372,-9.031758,0.424379,0.177036,0.922167
486,turning,39,64.000000,370,373,13.320000,13.440000,0.120000,4.596448,-8.667251,9.810636,9.746734,0.404313,0.944538,-0.540225,-3.818038,361.130745,1.206021,0.821280,0.765290,1.059957
487,avoidance,39,54.000000,148,169,4.440000,5.280000,0.840000,-0.784723,2.215668,2.350527,1.206502,1.054056,1.676379,-0.622323,-0.831651,8.966291,-2.770015,0.511218,0.232896,1.125034
488,avoidance,39,19.000000,184,192,5.880000,6.200000,0.320000,-0.174990,0.630095,0.653943,0.460980,0.610304,0.813408,-0.203104,-0.624028,54.611085,20.739921,0.397745,0.285916,0.051351
489,avoidance,39,40.000000,200,205,6.520000,6.720000,0.200000,0.216532,0.210271,0.301828,0.301828,0.732956,0.850715,0.117758,0.478955,41.295372,-9.031758,0.424379,0.177036,0.922167
490,avoidance,39,56.000000,361,373,12.960000,13.440000,0.480000,4.596448,-8.667251,9.810636,9.118896,0.404313,1.893010,-1.488697,-3.818038,361.130745,4.486182,0.821227,0.765290,0.075635
491,conflict,40,20.000000,74,89,1.480000,2.080000,0.600000,-0.766131,-7.512650,7.551613,6.768461,1.714625,1.841095,-0.115219,-0.278470,12.673273,-4.842274,0.834514,0.089613,1.918486
492,conflict,40,20.000000,103,281,2.640000,9.760000,7.120000,1.152840,-2.145730,2.435816,1.004365,0.580463,1.668885,-0.238686,-0.848622,75.252358,11.449562,0.396497,0.015871,0.057451
493,conflict,40,18.000000,332,345,11.800000,12.320000,0.520000,1.292622,6.508090,6.635217,5.697536,1.757920,1.860753,0.102833,0.103178,7.309255,-1.768692,0.726419,0.721310,0.052713
494,conflict,40,1.000000,377,432,13.600000,15.800000,2.200000,1.181693,10.318498,10.385943,9.015690,0.032847,1.879590,-1.652328,-2.317911,427.684358,167.422846,0.632520,0.061123,0.073906
495,deceleration,40,2.000000,168,192,5.240000,6.200000,0.960000,1.204569,-1.255070,1.739594,1.648250,0.674675,1.404382,-0.729708,-0.848622,46.576914,0.934940,0.396497,0.061795,0.715958
496,deceleration,40,1.000000,381,405,13.760000,14.720000,0.960000,1.200026,10.333340,10.402787,9.308112,0.320784,1.813347,-1.492563,-2.317911,367.737882,24.943249,0.632520,0.522042,0.073906
497,turning,40,20.000000,165,171,5.120000,5.360000,0.240000,1.165263,-2.089516,2.392471,2.262594,1.322387,1.483313,-0.160926,-0.643101,42.243716,11.514644,0.588173,0.015871,1.157842
498,turning,40,17.000000,192,201,6.200000,6.560000,0.360000,1.264845,-0.977841,1.598751,1.503582,0.580463,0.674675,-0.035616,-0.628212,75.252358,31.282470,0.397495,0.248791,0.637130
499,turning,40,1.000000,393,405,14.240000,14.720000,0.480000,1.156937,10.414580,10.478644,10.064406,0.320784,1.314895,-0.994111,-2.317911,367.737882,26.020771,0.700053,0.522042,1.116698
500,turning,40,15.000000,425,430,15.520000,15.720000,0.200000,1.246464,10.105732,10.182313,10.182313,0.307437,0.472682,-0.165245,-0.810309,97.831822,-14.142292,0.725065,0.624317,0.617917
501,avoidance,40,2.000000,165,201,5.120000,6.560000,1.440000,1.152840,-2.145730,2.435816,1.503582,0.580463,1.483313,-0.844255,-0.848622,75.252358,37.992702,0.396497,0.015871,0.637130
502,avoidance,40,1.000000,381,405,13.760000,14.720000,0.960000,1.156937,10.414580,10.478644,9.308112,0.320784,1.813347,-1.492563,-2.317911,367.737882,24.943249,0.632520,0.522042,0.073906
503,avoidance,40,15.000000,425,430,15.520000,15.720000,0.200000,1.246464,10.105732,10.182313,10.182313,0.307437,0.472682,-0.165245,-0.810309,97.831822,-14.142292,0.725065,0.624317,0.617917
504,conflict,41,42.000000,53,71,0.640000,1.360000,0.720000,0.983228,-9.338675,9.390292,8.398507,1.253105,1.453951,-0.161183,-0.421724,2.545630,1.365449,0.703405,0.436761,0.070022
505,conflict,41,2.000000,86,246,1.960000,8.360000,6.400000,1.908358,-1.304885,2.311830,1.884468,0.187623,1.627344,-0.822971,-1.783977,86.341513,35.049953,0.394588,0.008267,0.061800
506,conflict,41,19.000000,303,311,10.640000,10.960000,0.320000,1.008022,2.585936,2.775459,2.775459,1.865480,1.871868,0.003324,-0.013088,9.182999,-3.098856,1.070817,0.534581,1.250317
507,conflict,41,19.000000,324,337,11.480000,12.000000,0.520000,0.617916,5.117036,5.154210,4.206892,1.891718,1.897644,0.005926,0.005271,2.048127,0.408826,0.783430,0.759605,0.088314
508,conflict,41,2.000000,345,378,12.320000,13.640000,1.320000,0.157619,7.635059,7.636686,5.742788,1.817416,1.897010,-0.079594,-0.135135,14.988735,11.002496,0.759660,0.040164,0.225675
509,conflict,41,2.000000,402,413,14.600000,15.040000,0.440000,-0.733263,9.916015,9.943090,9.802377,0.000000,1.308573,-1.308573,-3.792514,393.211866,158.628646,0.597311,0.593223,0.062452
510,deceleration,41,16.000000,193,217,6.240000,7.200000,0.960000,1.916853,-1.381082,2.362565,2.182293,0.319809,1.591798,-1.271989,-1.783977,28.075158,-4.816266,0.394588,0.008267,0.061800
511,deceleration,41,2.000000,395,407,14.320000,14.800000,0.480000,-0.705220,9.866839,9.892009,9.308895,0.402092,1.879021,-1.475973,-3.792514,313.481195,5.752976,0.723132,0.613031,0.077887
512,turning,41,2.000000,39,41,0.080000,0.160000,0.080000,0.971846,-9.985650,10.032831,9.970323,0.735808,0.864478,0.128669,1.624608,46.954338,3.325525,1.006704,0.974062,0.897227
513,turning,41,64.000000,252,260,8.600000,8.920000,0.320000,1.602567,-0.442269,1.662475,1.572437,0.728397,1.114921,0.386524,0.838178,44.213184,-15.279605,0.681113,0.906939,0.195288
514,turning,41,2.000000,404,407,14.680000,14.800000,0.120000,-0.735988,9.922468,9.949727,9.892009,0.402092,0.939183,-0.537092,-3.792514,313.481195,1.395115,0.723132,0.613031,0.271171
515,avoidance,41,16.000000,193,217,6.240000,7.200000,0.960000,1.908358,-1.304885,2.311830,2.182293,0.319809,1.591798,-1.271989,-1.783977,28.075158,-4.816266,0.394588,0.008267,0.061800
516,avoidance,41,64.000000,252,260,8.600000,8.920000,0.320000,1.665870,-0.550319,1.754416,1.572437,0.728397,1.114921,0.386524,0.838178,44.213184,-15.279605,0.681113,0.906939,0.195288
517,avoidance,41,2.000000,395,407,14.320000,14.800000,0.480000,-0.735988,9.922468,9.949727,9.308895,0.402092,1.879021,-1.475973,-3.792514,313.481195,5.752976,0.723132,0.613031,0.077887
518,conflict,42,41.000000,53,71,0.640000,1.360000,0.720000,0.125964,-9.140625,9.141493,7.950916,1.570583,1.795667,0.225084,0.187082,3.405649,1.775684,0.703405,0.436761,0.070022
519,conflict,42,2.000000,79,89,1.680000,2.080000,0.400000,0.507574,-7.371760,7.389214,6.682858,1.810374,1.843713,0.032491,0.022187,10.973409,4.487185,0.722694,0.364971,1.210135
520,conflict,42,15.000000,103,352,2.640000,12.600000,9.960000,0.738304,-2.694829,2.794136,1.147277,0.733920,1.896263,0.068060,-1.191163,42.520081,22.918931,0.391578,0.005217,0.067322
521,conflict,42,15.000000,366,459,13.160000,16.880000,3.720000,0.247651,9.843048,9.846163,9.658354,0.000000,1.473880,-1.473880,-3.796292,554.047006,-30.467335,0.395033,0.022161,0.077887
522,deceleration,42,3.000000,164,179,5.080000,5.680000,0.600000,0.831796,-1.015324,1.312543,1.240756,0.778542,1.436884,-0.658342,-1.191163,40.424175,-15.056291,0.404378,0.014835,0.710358
523,deceleration,42,15.000000,360,372,12.920000,13.400000,0.480000,0.285047,9.789065,9.793214,9.255031,0.399814,1.888166,-1.488351,-3.796292,295.530062,8.919207,0.676265,0.025039,0.105167
524,turning,42,40.000000,39,42,0.080000,0.200000,0.120000,-0.022866,-9.830729,9.830755,9.716563,0.873372,1.040849,0.167478,1.389955,55.949518,-5.638804,0.921384,0.891701,0.453691
525,turning,42,3.000000,168,172,5.240000,5.400000,0.160000,0.804415,-1.103218,1.365347,1.312543,1.079212,1.292743,-0.213531,-1.191163,40.424175,-9.745789,0.621619,0.094822,0.782022
526,turning,42,15.000000,208,216,6.840000,7.160000,0.320000,1.462194,0.255080,1.484276,1.403356,0.946846,0.977194,-0.013239,-0.164177,42.520081,14.590465,0.423546,0.527426,1.147180
527,turning,42,15.000000,369,372,13.280000,13.400000,0.120000,0.249494,9.841259,9.844421,9.793214,0.399814,0.935706,-0.535892,-3.796292,295.530062,1.989086,0.676265,0.025039,0.871474
528,avoidance,42,1.000000,40,42,0.120000,0.200000,0.080000,-0.020609,-9.794775,9.794797,9.716563,0.928145,1.040849,0.112704,1.389955,50.540194,-3.533891,0.921384,0.917118,0.453691
529,avoidance,42,3.000000,164,179,5.080000,5.680000,0.600000,0.941393,-0.822218,1.249905,1.240756,0.778542,1.436884,-0.658342,-1.191163,40.424175,-15.056291,0.404378,0.014835,0.710358
530,avoidance,42,15.000000,208,216,6.840000,7.160000,0.320000,1.398414,0.117668,1.403356,1.403356,0.946846,0.977194,-0.013239,-0.164177,42.520081,14.590465,0.423546,0.527426,1.147180
531,avoidance,42,15.000000,360,372,12.920000,13.400000,0.480000,0.249494,9.841259,9.844421,9.255031,0.399814,1.888166,-1.488351,-3.796292,295.530062,8.919207,0.676265,0.025039,0.105167
532,conflict,43,18.000000,39,62,0.080000,1.000000,0.920000,4.483072,-7.651244,8.867890,8.867890,0.765561,1.655311,0.880034,-0.066445,12.705821,8.811314,0.677286,0.492993,1.141458
533,conflict,43,15.000000,72,131,1.400000,3.760000,2.360000,3.796946,-5.438395,6.632717,4.281364,1.601232,1.893578,0.289676,-0.095002,2.521137,1.027583,0.446373,0.432409,0.230370
534,conflict,43,3.000000,148,265,4.440000,9.120000,4.680000,1.809792,0.507813,1.879686,1.876580,1.074685,1.713216,-0.096446,-1.149046,24.498756,8.257163,0.432502,0.204437,0.061531
535,conflict,43,3.000000,272,285,9.400000,9.920000,0.520000,0.060775,4.561138,4.561543,4.055850,1.748145,1.857551,0.109406,0.109537,9.818205,3.254627,0.652353,0.743296,0.072903
536,conflict,43,18.000000,370,422,13.320000,15.400000,2.080000,-4.439546,8.965082,10.004112,10.000241,0.000000,0.132516,-0.132516,-2.330334,351.119484,137.937039,0.725181,0.003632,0.070832
537,deceleration,43,3.000000,151,163,4.560000,5.040000,0.480000,2.402461,-1.318802,2.740631,2.529511,1.125789,1.664118,-0.538329,-1.149046,6.411158,-2.748112,0.523170,0.299632,1.334877
538,deceleration,43,3.000000,356,368,12.760000,13.240000,0.480000,-4.387007,8.945610,9.963422,9.465280,0.397862,1.883007,-1.485145,-3.776014,282.922459,10.603882,1.155539,0.921773,0.140486
539,turning,43,3.000000,365,368,13.120000,13.240000,0.120000,-4.445643,8.968339,10.009738,9.963422,0.397862,0.930020,-0.532158,-3.776014,282.922459,2.018779,1.155539,0.921773,0.474809
540,avoidance,43,3.000000,151,163,4.560000,5.040000,0.480000,2.319238,-1.082680,2.559504,2.529511,1.125789,1.664118,-0.538329,-1.149046,6.411158,-2.748112,0.523170,0.299632,1.334877
541,avoidance,43,3.000000,356,368,12.760000,13.240000,0.480000,-4.445643,8.968339,10.009738,9.465280,0.397862,1.883007,-1.485145,-3.776014,282.922459,10.603882,1.155539,0.921773,0.140486
542,conflict,44,25.000000,63,161,1.040000,4.960000,3.920000,-2.811828,-2.955307,4.079242,2.492446,1.124598,1.778992,-0.354794,-0.648148,44.004694,-40.734571,0.442282,0.007768,0.061611
543,conflict,44,17.000000,169,244,5.280000,8.280000,3.000000,1.422765,-1.425637,2.014126,1.677607,0.691282,1.455037,-0.657857,-0.646230,47.566034,9.822850,0.504617,0.481329,0.058317
544,deceleration,44,13.000000,131,141,3.760000,4.160000,0.400000,-2.628928,-2.704949,3.772003,3.382788,1.310765,1.563202,-0.252437,-0.648148,28.607288,-7.001793,0.453784,0.132898,1.493893
545,deceleration,44,17.000000,198,205,6.440000,6.720000,0.280000,0.634916,-1.586715,1.709030,1.684495,0.983620,1.174554,-0.190934,-0.646230,3.319035,-0.651119,0.526291,0.512094,0.167090
546,deceleration,44,25.000000,376,388,13.560000,14.040000,0.480000,6.349341,7.535101,9.853521,9.258365,0.405520,1.896130,-1.490610,-3.825392,317.345739,2.833849,1.287330,0.796336,0.266076
547,turning,44,13.000000,144,157,4.280000,4.800000,0.520000,-2.052327,-2.124409,2.953838,2.660497,1.124598,1.237717,-0.046900,-0.540047,44.004694,-22.588840,0.511779,0.014245,1.789772
548,turning,44,22.000000,243,255,8.240000,8.720000,0.480000,2.035600,-1.243472,2.385349,2.289228,0.770833,1.284239,0.513406,0.553411,60.970186,28.733921,0.582036,0.808094,0.080039
549,turning,44,22.000000,385,388,13.920000,14.040000,0.120000,6.369979,7.595789,9.913256,9.853521,0.405520,0.946960,-0.541440,-3.825392,317.345739,0.917378,1.287330,0.866579,0.639734
550,avoidance,44,13.000000,131,157,3.760000,4.800000,1.040000,-2.052327,-2.124409,2.953838,2.660497,1.124598,1.563202,-0.372384,-0.648148,44.004694,-33.274194,0.453784,0.014245,1.493893
551,avoidance,44,17.000000,198,205,6.440000,6.720000,0.280000,0.755018,-1.564719,1.737353,1.684495,0.983620,1.174554,-0.190934,-0.646230,3.319035,-0.651119,0.526291,0.512094,0.167090
552,avoidance,44,22.000000,243,255,8.240000,8.720000,0.480000,1.882427,-1.302702,2.289228,2.289228,0.770833,1.284239,0.513406,0.553411,60.970186,28.733921,0.582036,0.808094,0.080039
553,conflict,45,24.000000,75,220,1.520000,7.320000,5.800000,3.613276,-0.750112,3.690316,1.843742,1.198918,1.710585,-0.413993,-0.594781,17.942245,7.817325,0.408332,0.264763,0.053521
554,conflict,45,8.000000,226,243,7.560000,8.240000,0.680000,0.432941,1.901487,1.950151,1.933084,1.487351,1.792821,0.305470,0.185331,25.883639,15.747040,0.620716,0.385277,0.071290
555,conflict,45,27.000000,266,276,9.160000,9.560000,0.400000,-2.881748,3.125338,4.251142,3.570357,1.881622,1.892940,0.011318,0.017988,5.392291,-1.353298,0.774878,0.771974,0.071519
556,conflict,45,24.000000,329,357,11.680000,12.800000,1.120000,-8.224502,5.681291,9.995974,8.122850,0.550319,1.899985,-1.349645,-3.707661,279.578729,-2.809103,0.510379,0.458922,0.585085
557,deceleration,45,24.000000,345,358,12.320000,12.840000,0.520000,-8.224502,5.681291,9.995974,9.318488,0.388794,1.871994,-1.483200,-3.707661,341.652188,-1.539581,0.510379,0.458922,0.585085
558,turning,45,23.000000,355,358,12.720000,12.840000,0.120000,-8.278802,5.710010,10.056976,9.995974,0.388794,0.906699,-0.517905,-3.707661,341.652188,0.350322,0.554493,0.458922,1.190205
559,avoidance,45,24.000000,345,358,12.320000,12.840000,0.520000,-8.224502,5.681291,9.995974,9.318488,0.388794,1.871994,-1.483200,-3.707661,341.652188,-1.539581,0.510379,0.458922,0.585085
560,conflict,46,25.000000,55,71,0.720000,1.360000,0.640000,-7.768910,-5.467579,9.500020,8.628684,1.371588,1.417647,0.046059,0.007772,14.039925,3.532677,0.728425,0.313057,0.104155
561,conflict,46,22.000000,107,158,2.800000,4.840000,2.040000,-2.275333,-3.813765,4.440939,4.061336,1.450452,1.682368,-0.156004,-0.483786,9.607092,-7.760217,0.502569,0.356517,0.064858
562,conflict,46,5.000000,168,175,5.240000,5.520000,0.280000,-0.773342,-3.570124,3.652922,3.606938,1.534545,1.571965,0.033511,-0.108743,3.929480,0.543230,0.655730,0.653139,0.077991
563,conflict,46,29.000000,206,264,6.760000,9.080000,2.320000,2.193704,-2.638350,3.431214,3.422552,0.703565,1.468918,-0.039650,-1.268179,42.306060,13.777120,0.576648,0.022738,0.089237
564,conflict,46,29.000000,270,304,9.320000,10.680000,1.360000,3.932182,-1.607450,4.248052,3.932014,1.554109,1.847000,0.292891,0.040167,29.256431,18.727172,0.669014,0.696502,0.050509
565,conflict,46,25.000000,362,403,13.000000,14.640000,1.640000,8.098956,4.162766,9.106136,8.277456,0.482886,1.880557,-1.397671,-2.868367,217.759844,12.900407,0.738521,0.027211,0.346037
566,deceleration,46,28.000000,211,225,6.960000,7.520000,0.560000,1.753670,-3.042916,3.512078,3.506205,0.747545,1.402426,-0.654882,-1.268179,41.066514,16.199744,0.611388,0.284016,0.614750
567,deceleration,46,25.000000,371,384,13.360000,13.880000,0.520000,8.126395,4.216949,9.155378,8.782276,1.132794,1.772941,-0.640146,-1.297011,29.182790,7.097996,1.031883,0.027211,0.821681
568,deceleration,46,5.000000,395,404,14.320000,14.680000,0.360000,8.435621,5.337978,9.982671,9.733044,0.343550,1.375788,-1.032238,-2.868367,266.944446,-1.350828,0.738521,0.712284,0.815277
569,turning,46,25.000000,39,44,0.080000,0.280000,0.200000,-8.370458,-5.601373,10.071740,9.977426,0.314892,0.752580,0.437688,2.001856,112.378647,10.881652,0.879135,0.872298,0.062929
570,turning,46,28.000000,223,229,7.440000,7.680000,0.240000,1.997147,-2.882407,3.506689,3.498782,0.707198,0.804306,-0.097108,-0.856922,42.306060,11.287520,0.589726,0.284016,1.174145
571,turning,46,28.000000,239,243,8.080000,8.240000,0.160000,2.264410,-2.566381,3.422552,3.422552,0.819103,0.918021,0.098917,0.518451,39.491819,-8.229372,0.577169,0.573966,0.234819
572,turning,46,5.000000,401,404,14.560000,14.680000,0.120000,8.442671,5.365039,10.003116,9.962622,0.343550,0.780813,-0.437263,-2.868367,266.944446,-0.338103,0.766380,0.731823,1.072490
573,avoidance,46,25.000000,40,44,0.120000,0.280000,0.160000,-8.264776,-5.589500,9.977426,9.977426,0.400732,0.752580,0.351848,2.001856,99.556102,6.815586,0.879164,0.872298,0.062929
574,avoidance,46,28.000000,211,229,6.960000,7.680000,0.720000,1.952974,-2.918315,3.511506,3.498782,0.707198,1.402426,-0.695228,-1.268179,42.306060,24.313134,0.589726,0.284016,0.614750
575,avoidance,46,28.000000,239,243,8.080000,8.240000,0.160000,2.214986,-2.614076,3.426304,3.422552,0.819103,0.918021,0.098917,0.518451,39.491819,-8.229372,0.577169,0.573966,0.234819
576,avoidance,46,25.000000,371,384,13.360000,13.880000,0.520000,8.098956,4.162766,9.106136,8.782276,1.132794,1.772941,-0.640146,-1.297011,29.182790,7.097996,1.031883,0.027211,0.821681
577,avoidance,46,5.000000,395,404,14.320000,14.680000,0.360000,8.352406,4.996944,9.733044,9.733044,0.343550,1.375788,-1.032238,-2.868367,266.944446,-1.350828,0.738521,0.712284,0.815277
578,conflict,47,26.000000,82,295,1.800000,10.320000,8.520000,3.917504,0.700322,3.979609,2.499810,0.801189,1.840969,-0.685004,-0.748001,69.141388,31.703255,0.496653,0.012134,0.050106
579,conflict,47,24.000000,371,389,13.360000,14.080000,0.720000,-7.235762,3.737712,8.144124,7.578274,1.707548,1.874593,-0.162715,-0.307398,9.760727,0.558196,1.035894,0.028652,0.798825
580,deceleration,47,26.000000,129,135,3.680000,3.920000,0.240000,5.058513,-0.142543,5.060521,4.942937,1.276140,1.463992,-0.187852,-0.696452,9.137798,1.490445,0.593796,0.494737,0.817599
581,deceleration,47,8.000000,236,245,7.960000,8.320000,0.360000,0.376162,2.659259,2.685731,2.658023,0.932495,1.205624,-0.273128,-0.748001,63.557770,14.109826,0.534678,0.471464,0.271763
582,deceleration,47,24.000000,399,410,14.480000,14.920000,0.440000,-9.117835,4.142455,10.014731,9.489093,0.396780,1.816092,-1.410780,-3.678732,330.348985,1.076309,0.947277,0.938146,0.186796
583,turning,47,24.000000,39,43,0.080000,0.240000,0.160000,9.425428,-4.090464,10.274755,10.177303,0.456312,0.775479,0.319167,1.897006,57.580294,-6.494062,1.016867,,
584,turning,47,8.000000,240,254,8.120000,8.680000,0.560000,0.154332,2.684946,2.689378,2.631972,0.823224,1.101501,-0.263360,-0.748001,69.141388,35.256138,0.499741,0.487090,0.050106
585,turning,47,19.000000,266,277,9.160000,9.600000,0.440000,-0.617659,2.428845,2.506151,2.499810,0.801189,0.929306,-0.128117,-0.296123,51.091503,-22.661788,0.550559,0.503340,0.145667
586,turning,47,6.000000,407,410,14.800000,14.920000,0.120000,-9.179540,4.154745,10.076004,10.014731,0.396780,0.922856,-0.526076,-3.678732,330.348985,0.539271,0.947277,0.939857,0.186796
587,avoidance,47,26.000000,129,135,3.680000,3.920000,0.240000,5.183616,-0.260307,5.190148,4.942937,1.276140,1.463992,-0.187852,-0.696452,9.137798,1.490445,0.593796,0.494737,0.817599
588,avoidance,47,8.000000,236,254,7.960000,8.680000,0.720000,0.638858,2.580106,2.658023,2.631972,0.823224,1.205624,-0.367483,-0.748001,69.141388,39.823061,0.499741,0.471464,0.050106
589,avoidance,47,19.000000,266,277,9.160000,9.600000,0.440000,-0.512640,2.447010,2.500131,2.499810,0.801189,0.929306,-0.128117,-0.296123,51.091503,-22.661788,0.550559,0.503340,0.145667
590,avoidance,47,24.000000,399,404,14.480000,14.680000,0.200000,-8.740309,4.058931,9.636801,9.489093,1.443268,1.816092,-0.364292,-3.013169,3.196064,0.177120,0.998724,0.938146,0.344936
591,conflict,48,7.000000,50,64,0.520000,1.080000,0.560000,-9.231346,-2.085917,9.464080,8.592003,1.392776,1.726618,0.333842,0.043428,13.404419,5.705088,0.742427,0.430559,0.063215
592,conflict,48,63.000000,77,246,1.600000,8.360000,6.760000,1.073925,-2.110181,2.367737,2.251909,1.456175,1.742610,-0.163422,-0.466869,34.754921,51.682321,0.402071,0.042176,0.055461
593,conflict,48,7.000000,262,373,9.000000,13.440000,4.440000,9.274081,2.045202,9.496917,3.511236,0.375731,1.795264,-1.096631,-3.475957,299.681473,-62.629244,0.494284,0.006192,0.073729
594,conflict,48,49.000000,380,388,13.720000,14.040000,0.320000,9.467694,2.002894,9.677232,9.677232,0.000000,0.000000,0.000000,-0.434671,307.075304,0.000000,1.251530,0.115949,1.009434
595,conflict,48,28.000000,407,412,14.800000,15.000000,0.200000,9.467694,2.002894,9.677232,9.677232,0.000000,0.000000,0.000000,-0.000000,0.000000,0.000000,1.234043,0.330504,1.818477
596,deceleration,48,49.000000,361,373,12.960000,13.440000,0.480000,9.419879,2.011784,9.632310,9.130927,0.375731,1.738087,-1.362356,-3.475957,299.681473,6.901348,0.730048,0.006192,1.147233
597,turning,48,7.000000,324,342,11.480000,12.200000,0.720000,6.859882,2.562029,7.322703,6.838217,1.654882,1.770839,-0.074709,-0.282054,50.592729,-34.001074,0.559708,0.675544,0.670675
598,turning,48,49.000000,370,373,13.320000,13.440000,0.120000,9.478679,2.000238,9.687431,9.632310,0.375731,0.867980,-0.492249,-3.475957,299.681473,1.255379,0.988319,0.329917,1.147233
599,avoidance,48,7.000000,324,342,11.480000,12.200000,0.720000,6.925723,2.573910,7.388549,6.838217,1.654882,1.770839,-0.074709,-0.282054,50.592729,-34.001074,0.559708,0.675544,0.670675
600,avoidance,48,49.000000,361,373,12.960000,13.440000,0.480000,9.274081,2.045202,9.496917,9.130927,0.375731,1.738087,-1.362356,-3.475957,299.681473,6.901348,0.730048,0.006192,1.147233
601,conflict,49,28.000000,85,252,1.920000,8.600000,6.680000,-6.487786,-1.744856,6.718325,3.097318,1.108986,1.691706,0.001246,-0.794803,32.959138,15.450351,0.439259,0.270617,0.052755
602,conflict,49,28.000000,272,283,9.400000,9.840000,0.440000,4.432547,-2.582319,5.129897,4.603371,1.856245,1.875042,0.009697,-0.116488,5.904232,-0.677913,0.715575,0.674316,0.131640
603,conflict,49,29.000000,305,373,10.720000,13.440000,2.720000,9.925446,-0.331952,9.930995,6.309284,1.632900,1.876387,-0.073806,-0.500600,67.908089,54.006450,0.540805,0.006192,0.059436
604,conflict,49,48.000000,380,388,13.720000,14.040000,0.320000,10.065233,0.879995,10.103628,10.103628,0.689365,1.493053,-0.803687,-2.885625,92.851208,23.635587,1.271988,0.115949,1.009434
605,conflict,49,28.000000,398,417,14.440000,15.200000,0.760000,10.043033,0.911176,10.084283,10.084283,0.000000,0.000000,0.000000,-0.341373,127.465071,0.000000,0.932624,0.017661,0.846090
606,deceleration,49,48.000000,99,105,2.480000,2.720000,0.240000,-6.106130,-1.831120,6.374780,6.235467,1.371742,1.601700,-0.229959,-0.794803,19.734725,-5.583337,0.497144,0.416725,0.113794
607,deceleration,49,48.000000,377,390,13.600000,14.120000,0.520000,10.065233,0.879995,10.103628,10.086091,0.418463,1.593254,-1.174791,-2.885625,142.799965,36.464533,1.233063,0.115949,0.420047
608,turning,49,48.000000,357,390,12.800000,14.120000,1.320000,10.044670,0.913149,10.086091,9.477167,0.418463,1.822041,-1.403578,-2.885625,142.799965,83.211771,0.705505,0.006192,0.420047
609,avoidance,49,48.000000,99,105,2.480000,2.720000,0.240000,-6.289939,-1.787185,6.538912,6.235467,1.371742,1.601700,-0.229959,-0.794803,19.734725,-5.583337,0.497144,0.416725,0.113794
610,avoidance,49,48.000000,357,390,12.800000,14.120000,1.320000,9.925446,-0.331952,9.930995,9.477167,0.418463,1.822041,-1.403578,-2.885625,142.799965,83.211771,0.705505,0.006192,0.420047
611,conflict,50,6.000000,67,87,1.200000,2.000000,0.800000,7.029339,0.062472,7.029616,7.029616,1.681095,1.811452,0.114544,-0.112527,9.790401,-1.242551,0.803437,0.485711,1.203564
612,conflict,50,9.000000,100,256,2.520000,8.760000,6.240000,-1.131107,1.285901,1.712584,1.131281,1.102947,1.864089,-0.502945,-0.603436,30.208633,11.477870,0.462062,0.103227,0.058838
613,conflict,50,30.000000,267,274,9.200000,9.480000,0.280000,-3.421240,1.479395,3.727398,3.727398,1.571948,1.736114,0.164167,0.431307,2.163905,0.564638,0.622572,0.523023,0.113727
614,deceleration,50,30.000000,345,357,12.320000,12.800000,0.480000,-9.681998,0.367475,9.688969,9.140153,0.405293,1.889095,-1.483024,-3.812701,298.007607,3.388292,1.512017,1.402510,0.119108
615,turning,50,30.000000,39,45,0.080000,0.320000,0.240000,9.890072,-0.186951,9.891839,9.725573,0.466854,0.947013,0.480159,1.796270,129.675000,17.810299,0.904044,0.945693,0.372633
616,turning,50,27.000000,354,357,12.680000,12.800000,0.120000,-9.738616,0.337419,9.744459,9.688969,0.405293,0.945483,-0.540190,-3.812701,298.007607,0.499974,1.544514,1.402510,0.291261
617,avoidance,50,59.000000,169,171,5.280000,5.360000,0.080000,1.182513,1.172380,1.665177,1.665177,1.454201,1.504687,-0.050487,-0.603436,30.208633,2.588429,0.630001,0.484664,0.516909
618,conflict,51,35.000000,54,64,0.680000,1.080000,0.400000,7.793671,4.296303,8.899412,8.899412,1.447801,1.732805,0.285004,0.437746,6.125095,1.413337,0.760465,0.719858,0.609574
619,conflict,51,30.000000,78,147,1.640000,4.400000,2.760000,6.526927,3.418034,7.367750,4.136049,1.184103,1.633332,-0.444481,-1.136652,21.236871,-23.452436,0.498812,0.022087,0.053487
620,conflict,51,35.000000,156,247,4.760000,8.400000,3.640000,-0.371847,1.091002,1.152630,1.097511,1.044635,1.331183,0.081164,-0.311322,18.087784,34.275375,0.523754,0.000822,0.109352
621,conflict,51,61.000000,255,307,8.720000,10.800000,2.080000,-1.190757,0.417444,1.261809,1.238964,1.246048,1.890860,0.644639,-0.012400,11.457214,-2.182138,0.645857,0.453882,0.054859
622,conflict,51,35.000000,381,386,13.760000,13.960000,0.200000,-8.769944,-4.696770,9.948446,9.852009,0.256287,1.136377,-0.880090,-3.826196,393.475743,-0.195319,0.776615,0.724515,0.312086
623,deceleration,51,30.000000,75,84,1.520000,1.880000,0.360000,6.885360,3.718881,7.825488,7.554325,1.307920,1.771249,-0.463330,-1.136652,15.055819,6.243541,0.680888,0.027171,1.523890
624,deceleration,51,9.000000,112,115,3.000000,3.120000,0.120000,5.178648,2.666875,5.824999,5.710536,1.405522,1.489865,-0.084343,-0.626145,10.867613,-1.391283,0.507685,0.386945,1.036465
625,deceleration,51,35.000000,373,385,13.440000,13.920000,0.480000,-8.721564,-4.674919,9.895481,9.266399,0.405079,1.896135,-1.490797,-3.826196,346.359046,-0.291700,0.777497,0.724515,0.141560
626,turning,51,35.000000,39,44,0.080000,0.280000,0.200000,8.889469,4.907342,10.154046,10.028663,0.435778,0.836228,0.400450,1.863045,95.562353,11.727795,0.805193,3.361280,0.848237
627,turning,51,35.000000,382,385,13.800000,13.920000,0.120000,-8.779916,-4.701190,9.959323,9.895481,0.405079,0.946689,-0.541610,-3.826196,346.359046,-0.140455,0.777497,0.724515,0.346474
628,avoidance,51,35.000000,40,44,0.120000,0.280000,0.160000,8.826561,4.886204,10.088765,10.028663,0.513503,0.836228,0.322725,1.863045,85.233169,7.931948,0.805193,3.361280,0.848237
629,avoidance,51,30.000000,75,84,1.520000,1.880000,0.360000,6.835183,3.681872,7.763756,7.554325,1.307920,1.771249,-0.463330,-1.136652,15.055819,6.243541,0.680888,0.027171,1.523890
630,avoidance,51,9.000000,112,115,3.000000,3.120000,0.120000,5.126346,2.641965,5.767096,5.710536,1.405522,1.489865,-0.084343,-0.626145,10.867613,-1.391283,0.507685,0.386945,1.036465
631,avoidance,51,35.000000,373,385,13.440000,13.920000,0.480000,-8.769944,-4.696770,9.948446,9.266399,0.405079,1.896135,-1.490797,-3.826196,346.359046,-0.291700,0.777497,0.724515,0.141560
632,conflict,52,36.000000,60,69,0.920000,1.280000,0.360000,-7.164154,5.496562,9.029801,8.429879,1.648704,1.739926,0.091222,0.063416,9.163389,2.051968,0.790785,0.655894,0.101135
633,conflict,52,10.000000,84,113,1.880000,3.040000,1.160000,-6.077905,4.152082,7.360755,5.666826,1.481384,1.694940,-0.139039,-0.428479,8.708753,4.863542,0.720659,0.211271,0.050526
634,conflict,52,56.000000,127,223,3.600000,7.440000,3.840000,-4.265738,2.209781,4.804128,1.816242,1.332743,1.756888,-0.293754,-0.732536,12.454804,-6.531741,0.565270,0.137841,0.084256
635,conflict,52,56.000000,229,232,7.680000,7.800000,0.120000,0.024038,-2.877744,2.877844,2.754503,1.271004,1.283159,0.012155,-0.039069,20.691505,-2.647729,0.615803,0.758334,0.566643
636,conflict,52,13.000000,396,429,14.360000,15.680000,1.320000,7.460581,-6.346907,9.795075,9.795075,0.000000,0.000000,0.000000,-0.000000,0.000000,0.000000,0.826496,0.181441,0.734848
637,deceleration,52,31.000000,213,221,7.040000,7.360000,0.320000,-0.467952,-2.258379,2.306351,2.169076,1.377641,1.628558,-0.250917,-0.732536,10.229064,-2.141366,0.572322,0.441999,0.249056
638,deceleration,52,10.000000,350,362,12.520000,13.000000,0.480000,7.408681,-6.345664,9.754794,9.279417,0.406646,1.898551,-1.491808,-3.831159,275.463501,-0.198071,2.227254,1.852259,0.920500
639,turning,52,10.000000,359,362,12.880000,13.000000,0.120000,7.472956,-6.346952,9.804533,9.754794,0.406646,0.949107,-0.542461,-3.831159,275.463501,-0.249881,2.230878,1.854099,1.140135
640,avoidance,52,31.000000,213,221,7.040000,7.360000,0.320000,-0.318950,-2.429891,2.450735,2.169076,1.377641,1.628558,-0.250917,-0.732536,10.229064,-2.141366,0.572322,0.441999,0.249056
641,conflict,53,37.000000,43,64,0.240000,1.080000,0.840000,6.118230,7.604747,9.760374,8.994868,0.658893,1.444743,0.785850,0.091868,40.371024,2.950004,0.708769,0.548847,0.062806
642,conflict,53,37.000000,89,97,2.080000,2.400000,0.320000,4.122976,5.718587,7.049905,7.049905,1.565079,1.744121,0.179041,0.408417,4.093152,0.082833,0.725038,0.660384,0.080863
643,conflict,53,11.000000,138,140,4.040000,4.120000,0.080000,1.735697,3.882478,4.252797,4.140569,1.675071,1.697949,-0.022878,-0.338093,9.199159,-0.674686,0.618388,0.633063,0.456961
644,conflict,53,37.000000,153,213,4.640000,7.040000,2.400000,0.706679,3.244630,3.320695,1.999278,1.342185,1.626186,0.094069,-0.548748,13.530236,19.859139,0.581369,0.364791,0.103752
645,conflict,53,35.000000,241,329,8.160000,11.680000,3.520000,-4.789813,-3.105717,5.708571,2.914539,1.477526,1.817285,-0.139228,-0.471838,19.288725,18.115308,0.496880,0.451093,0.055239
646,conflict,53,12.000000,335,357,11.920000,12.800000,0.880000,-6.503756,-7.174192,9.683381,8.420651,1.618669,1.789837,0.171168,-1.344379,17.126128,9.209919,0.642785,0.682672,0.064317
647,deceleration,53,57.000000,356,367,12.760000,13.200000,0.440000,-6.526060,-7.627097,10.038031,9.624874,0.386488,1.789837,-1.401248,-3.612841,281.827742,7.188726,0.677168,0.682672,0.064317
648,turning,53,37.000000,39,43,0.080000,0.240000,0.160000,6.367181,7.847752,10.105850,10.029122,0.303683,0.658893,0.355210,2.051511,89.191350,-6.945944,0.833591,0.798034,0.494259
649,turning,53,55.000000,364,367,13.080000,13.200000,0.120000,-6.524100,-7.688414,10.083432,10.038031,0.386488,0.898991,-0.512503,-3.612841,281.827742,1.809035,0.772570,1.008128,0.089435
650,avoidance,53,37.000000,40,43,0.120000,0.240000,0.120000,6.315049,7.791242,10.029122,10.029122,0.391783,0.658893,0.267110,2.051511,76.986269,-4.031448,0.833591,0.798034,0.494259
651,avoidance,53,57.000000,356,367,12.760000,13.200000,0.440000,-6.503756,-7.174192,9.683381,9.624874,0.386488,1.789837,-1.401248,-3.612841,281.827742,7.188726,0.677168,0.682672,0.064317
652,conflict,54,12.000000,65,73,1.120000,1.440000,0.320000,3.690018,6.962003,7.879449,7.282928,1.855834,1.880034,0.024201,0.052117,2.250014,0.697132,1.143596,0.743341,1.616765
653,conflict,54,31.000000,104,315,2.680000,11.120000,8.440000,0.504902,-0.571405,0.762515,0.739070,0.864882,1.898926,-0.563803,-0.829993,85.178944,0.499637,0.406439,0.003004,0.054304
654,conflict,54,58.000000,347,419,12.400000,15.280000,2.880000,-3.645102,-8.266657,9.034621,6.719501,0.124589,1.862210,-1.688545,-3.453400,341.999412,0.253557,0.726571,0.028714,0.051235
655,deceleration,54,42.000000,138,152,4.040000,4.600000,0.560000,1.627435,1.399128,2.146183,1.687926,1.353227,1.804011,-0.450784,-0.829993,46.494496,-23.897031,1.101593,0.005217,1.301291
656,deceleration,54,19.000000,160,167,4.920000,5.200000,0.280000,0.919355,0.606860,1.101587,0.982457,0.954258,1.202554,-0.248296,-0.769496,83.744275,15.388452,0.863178,0.012371,1.009478
657,deceleration,54,31.000000,197,200,6.400000,6.520000,0.120000,0.417770,-0.782815,0.887317,0.830303,0.980497,1.089626,-0.109128,-0.667174,65.166869,7.395978,0.582179,0.086818,0.627772
658,deceleration,54,37.000000,404,417,14.680000,15.200000,0.520000,-4.238499,-8.497230,9.495672,9.034621,0.371266,1.760362,-1.389096,-3.453400,274.362491,11.528432,0.791229,0.028714,0.369508
659,turning,54,42.000000,140,148,4.120000,4.440000,0.320000,1.627435,1.399128,2.146183,1.908765,1.466868,1.741408,-0.274540,-0.829993,46.494496,-16.228788,1.281983,0.005217,1.301291
660,turning,54,19.000000,162,173,5.000000,5.440000,0.440000,0.823967,0.474214,0.950684,0.858135,0.876607,1.154256,-0.255561,-0.769496,85.178944,38.022717,0.863178,0.012371,0.707955
661,turning,54,31.000000,179,187,5.680000,6.000000,0.320000,0.759100,-0.110289,0.767070,0.750330,1.078214,1.186873,0.108659,0.071828,51.437024,-17.779901,0.418803,0.174293,0.303936
662,turning,54,31.000000,195,213,6.320000,7.040000,0.720000,0.389738,-0.927530,1.006086,0.781199,0.864882,1.140444,-0.202268,-0.667174,67.745206,44.804186,0.519433,0.011005,0.410827
663,turning,54,64.000000,305,328,10.720000,11.640000,0.920000,1.737939,-5.611710,5.874668,5.322901,1.176416,1.600402,0.423986,0.232557,78.681571,-59.516119,0.483307,2.103921,0.184679
664,turning,54,37.000000,414,417,15.080000,15.200000,0.120000,-4.290673,-8.524761,9.543659,9.495672,0.371266,0.860551,-0.489286,-3.453400,274.362491,1.238414,0.791229,0.582663,0.369508
665,avoidance,54,42.000000,138,152,4.040000,4.600000,0.560000,1.627435,1.399128,2.146183,1.687926,1.353227,1.804011,-0.450784,-0.829993,46.494496,-23.897031,1.101593,0.005217,1.301291
666,avoidance,54,31.000000,160,187,4.920000,6.000000,1.080000,0.803850,0.270713,0.848211,0.750330,0.876607,1.202554,-0.015681,-0.769496,85.178944,18.028964,0.418803,0.011111,0.303936
667,avoidance,54,31.000000,195,213,6.320000,7.040000,0.720000,0.390754,-1.063190,1.132723,0.781199,0.864882,1.140444,-0.202268,-0.667174,67.745206,44.804186,0.519433,0.011005,0.410827
668,avoidance,54,64.000000,305,328,10.720000,11.640000,0.920000,1.820961,-5.299073,5.603220,5.322901,1.176416,1.600402,0.423986,0.232557,78.681571,-59.516119,0.483307,2.103921,0.184679
669,avoidance,54,37.000000,404,417,14.680000,15.200000,0.520000,-3.645102,-8.266657,9.034621,9.034621,0.371266,1.760362,-1.389096,-3.453400,274.362491,11.528432,0.791229,0.028714,0.369508
670,conflict,55,64.000000,91,177,2.160000,5.600000,3.440000,-0.840938,3.297850,3.403379,2.909814,1.076910,1.889002,-0.444794,-0.722962,19.957995,1.040103,0.398742,0.017056,0.059999
671,conflict,55,9.000000,197,322,6.400000,11.400000,5.000000,-5.397615,-3.242570,6.296706,2.562765,0.924091,1.706327,-0.526327,-1.101520,52.601565,-1.302788,0.463853,0.502033,0.055239
672,conflict,55,54.000000,363,368,13.040000,13.240000,0.200000,-6.119743,-6.607452,9.006091,9.006091,1.786154,1.828919,0.042764,0.176803,4.113470,-0.529168,1.007035,0.709888,1.697648
673,conflict,55,54.000000,414,419,15.080000,15.280000,0.200000,-4.113207,-9.295831,10.165183,10.165183,0.000000,0.044039,-0.044039,-1.854282,284.134147,112.301581,0.790439,0.766533,0.218562
674,deceleration,55,37.000000,143,155,4.240000,4.720000,0.480000,-0.600723,3.715146,3.763399,3.403379,1.235540,1.559714,-0.324174,-0.722962,18.485139,-1.091472,0.400090,0.017056,1.577840
675,deceleration,55,53.000000,307,323,10.800000,11.440000,0.640000,-6.612948,-4.540878,8.021886,7.635469,0.894259,1.544282,-0.650023,-1.101520,56.941692,15.938596,0.536510,0.535843,0.055239
676,deceleration,55,57.000000,399,411,14.480000,14.960000,0.480000,-4.146750,-9.261542,10.147497,9.907145,0.384059,1.887946,-1.503887,-3.777542,225.787443,3.806843,0.873373,0.861218,0.082921
677,turning,55,57.000000,39,47,0.080000,0.400000,0.320000,3.780669,9.295088,10.034546,9.785547,0.637075,1.139657,0.502582,1.384502,119.583097,23.345130,0.849036,3.002864,1.161878
678,turning,55,53.000000,319,341,11.280000,12.160000,0.880000,-6.899984,-5.096624,8.578191,8.235029,0.808876,1.111188,0.083158,-0.924802,75.605431,57.107089,0.567806,0.818460,0.064335
679,turning,55,54.000000,408,411,14.840000,14.960000,0.120000,-4.105207,-9.304702,10.170064,10.147497,0.384059,0.912909,-0.528850,-3.777542,225.787443,0.839368,0.873373,0.861218,0.082921
680,avoidance,55,37.000000,143,155,4.240000,4.720000,0.480000,-0.840938,3.297850,3.403379,3.403379,1.235540,1.559714,-0.324174,-0.722962,18.485139,-1.091472,0.400090,0.017056,1.577840
681,avoidance,55,53.000000,307,337,10.800000,12.000000,1.200000,-6.348666,-4.242031,7.635469,7.635469,0.808876,1.544282,-0.592535,-1.101520,75.605431,57.081197,0.536510,0.535843,0.055239
682,avoidance,55,57.000000,399,411,14.480000,14.960000,0.480000,-4.105207,-9.304702,10.170064,9.907145,0.384059,1.887946,-1.503887,-3.777542,225.787443,3.806843,0.873373,0.861218,0.082921
683,conflict,56,38.000000,87,94,2.000000,2.280000,0.280000,-4.490283,5.651879,7.218475,6.740800,1.766102,1.837235,-0.071133,-0.215137,2.325906,-0.741444,0.624400,0.452467,0.055511
684,conflict,56,52.000000,100,232,2.520000,7.800000,5.280000,-1.544167,0.080317,1.546255,1.338301,1.258562,1.819369,-0.438767,-0.623417,42.593687,5.901071,0.445209,0.002335,0.059935
685,conflict,56,36.000000,356,394,12.760000,14.280000,1.520000,5.300040,-8.226481,9.785980,9.776081,0.000000,0.257411,-0.257411,-2.806873,372.048783,148.508780,0.724555,0.380498,0.067568
686,deceleration,56,39.000000,343,355,12.240000,12.720000,0.480000,5.242748,-8.199051,9.731950,9.194920,0.406427,1.895271,-1.488233,-3.824903,293.427730,1.850966,1.313410,1.010213,0.052343
687,turning,56,39.000000,39,45,0.080000,0.320000,0.240000,-5.537865,8.317464,9.992405,9.853049,0.334729,0.842136,0.507408,1.916227,159.069301,-17.790001,0.883018,1.048283,1.758649
688,turning,56,54.000000,190,196,6.120000,6.360000,0.240000,-1.332058,-0.249990,1.355313,1.338301,1.409004,1.504971,0.095966,0.203985,42.593687,-12.485575,0.448347,0.031887,0.110130
689,turning,56,39.000000,352,355,12.600000,12.720000,0.120000,5.300664,-8.226921,9.786688,9.731950,0.406427,0.948211,-0.541784,-3.824903,293.427730,0.312622,1.313410,1.010213,0.470003
690,avoidance,56,54.000000,190,196,6.120000,6.360000,0.240000,-1.413515,-0.099987,1.417047,1.338301,1.409004,1.504971,0.095966,0.203985,42.593687,-12.485575,0.448347,0.031887,0.110130
691,avoidance,56,33.000000,211,213,6.960000,7.040000,0.080000,-1.026317,-1.328161,1.678493,1.678493,1.393066,1.451913,-0.058847,-0.623417,23.118682,2.019503,0.579752,0.160078,1.291754
692,avoidance,56,39.000000,343,355,12.240000,12.720000,0.480000,5.300664,-8.226921,9.786688,9.194920,0.406427,1.895271,-1.488233,-3.824903,293.427730,1.850966,1.313410,1.010213,0.052343
693,conflict,57,12.000000,86,214,1.960000,7.080000,5.120000,-0.470506,4.551403,4.575658,2.596944,1.606194,1.884145,0.099475,-0.254990,14.130336,22.536068,0.398742,0.390358,0.059999
694,conflict,57,62.000000,340,383,12.120000,13.840000,1.720000,-2.925319,-9.223257,9.676051,9.676051,0.000000,0.000000,0.000000,-0.029684,95.031707,0.000000,0.733162,0.002501,0.064691
695,deceleration,57,54.000000,318,330,11.240000,11.720000,0.480000,-2.934753,-9.172129,9.630199,9.077058,0.407094,1.899625,-1.492460,-3.833229,299.028908,0.307811,3.134958,3.237788,0.957464
696,turning,57,53.000000,327,330,11.600000,11.720000,0.120000,-2.923102,-9.235435,9.686991,9.630199,0.407094,0.949873,-0.542779,-3.833229,299.028908,0.052798,3.257661,4.540825,0.957464
697,avoidance,57,53.000000,325,330,11.520000,11.720000,0.200000,-2.942633,-9.129107,9.591646,9.543327,0.407094,1.323022,-0.915928,-3.833229,299.028908,0.091422,3.257661,3.237788,0.957464
698,conflict,58,62.000000,77,80,1.600000,1.720000,0.120000,0.768108,7.593338,7.632088,7.632088,1.692241,1.751861,-0.059620,-0.445957,8.628293,-1.059014,0.753533,0.445917,1.954679
699,conflict,58,62.000000,86,186,1.960000,5.960000,4.000000,-1.977003,3.034559,3.621752,3.208549,1.457803,1.702312,-0.123999,-0.606235,13.579274,8.134082,0.451653,0.531254,0.098879
700,conflict,58,55.000000,195,218,6.320000,7.240000,0.920000,-2.992951,1.153291,3.207466,3.202829,0.162827,1.149381,-0.986554,-1.569869,51.208194,6.241342,0.591035,0.548248,0.085854
701,conflict,58,61.000000,225,229,7.520000,7.680000,0.160000,-3.151423,0.699207,3.228057,3.228057,0.301733,0.428051,0.126317,0.602850,57.384555,7.427288,0.748657,0.657643,1.299999
702,conflict,58,60.000000,238,266,8.040000,9.160000,1.120000,-3.073927,0.415333,3.101859,3.008107,0.185654,0.499302,-0.196100,-0.610724,57.028434,15.978693,0.723351,0.617471,0.089596
703,conflict,58,60.000000,272,275,9.400000,9.520000,0.120000,-2.960885,0.104857,2.962741,2.962741,0.443422,0.514747,0.071325,0.597192,63.988620,-5.365879,0.719324,0.686292,0.087942
704,conflict,58,60.000000,283,287,9.840000,10.000000,0.160000,-2.958865,-0.090219,2.960240,2.960240,0.739055,0.902954,0.163899,0.904347,7.477078,-0.246691,0.677068,0.606727,0.067926
705,conflict,58,54.000000,347,391,12.400000,14.160000,1.760000,-2.899349,-4.282127,5.171347,5.171347,1.715052,1.860613,-0.064048,-0.231891,12.306602,10.847085,0.737279,0.452531,0.051235
706,deceleration,58,55.000000,186,210,5.960000,6.920000,0.960000,-3.039244,1.050465,3.215662,3.197606,0.306646,1.457803,-1.151157,-1.569869,4.486140,2.271694,0.597756,0.548248,0.050018
707,deceleration,58,62.000000,412,424,15.000000,15.480000,0.480000,-2.062236,-9.469299,9.691256,9.109714,0.403838,1.874676,-1.468952,-3.785661,313.423018,-1.899782,0.820476,0.822544,0.064908
708,turning,58,61.000000,225,229,7.520000,7.680000,0.160000,-3.156153,0.760292,3.246436,3.228057,0.301733,0.428051,0.126317,0.602850,57.384555,7.427288,0.748657,0.657643,1.299999
709,turning,58,51.000000,266,276,9.160000,9.560000,0.400000,-2.977440,0.211411,2.984937,2.960719,0.303202,0.538575,0.235373,0.512249,73.686799,-28.893457,0.716450,0.686292,0.087942
710,turning,58,60.000000,421,424,15.360000,15.480000,0.120000,-2.053235,-9.532575,9.751192,9.691256,0.403838,0.941270,-0.537432,-3.785661,313.423018,0.022736,0.897468,1.418208,0.064908
711,avoidance,58,55.000000,186,210,5.960000,6.920000,0.960000,-2.992951,1.153291,3.207466,3.197606,0.306646,1.457803,-1.151157,-1.569869,4.486140,2.271694,0.597756,0.548248,0.050018
712,avoidance,58,61.000000,225,229,7.520000,7.680000,0.160000,-3.151423,0.699207,3.228057,3.228057,0.301733,0.428051,0.126317,0.602850,57.384555,7.427288,0.748657,0.657643,1.299999
713,avoidance,58,51.000000,266,276,9.160000,9.560000,0.400000,-2.960885,0.104857,2.962741,2.960719,0.303202,0.538575,0.235373,0.512249,73.686799,-28.893457,0.716450,0.686292,0.087942
714,conflict,59,14.000000,54,77,0.680000,1.600000,0.920000,-2.854579,8.849925,9.298914,7.724042,1.485078,1.809496,0.324418,0.148825,5.267448,-0.098033,0.708262,0.475234,0.051727
715,conflict,59,42.000000,96,263,2.360000,9.040000,6.680000,-0.283547,2.650286,2.665411,0.512724,1.026123,1.892165,-0.607759,-0.688234,35.499268,9.500403,0.397745,0.005509,0.053893
716,conflict,59,31.000000,282,301,9.800000,10.560000,0.760000,2.388572,-4.051328,4.703035,4.024465,1.496073,1.708100,0.212027,0.216470,19.221315,-13.516103,0.721623,0.720983,0.051075
717,deceleration,59,42.000000,145,154,4.320000,4.680000,0.360000,-0.204505,2.402884,2.411570,2.179079,1.429132,1.683294,-0.254163,-0.688234,12.509784,-4.650045,0.602490,0.005509,1.438762
718,deceleration,59,39.000000,355,367,12.720000,13.200000,0.480000,3.077039,-9.167535,9.670153,9.044906,0.406845,1.897812,-1.490587,-3.829820,338.612483,0.910352,1.502685,1.021333,0.390700
719,turning,59,14.000000,39,43,0.080000,0.240000,0.160000,-3.121725,9.433408,9.936516,9.830756,0.526818,0.830249,0.303431,1.813936,67.983652,-7.946299,0.972524,4.734330,0.696936
720,turning,59,38.000000,230,232,7.720000,7.800000,0.080000,0.793163,-1.285091,1.510155,1.467084,1.087696,1.095401,-0.007705,-0.102453,35.499268,2.943713,0.643430,0.591339,0.980634
721,turning,59,39.000000,364,367,13.080000,13.200000,0.120000,3.089695,-9.230612,9.733982,9.670153,0.406845,0.949236,-0.542391,-3.829820,338.612483,0.157119,1.600345,1.021333,1.655777
722,avoidance,59,14.000000,40,43,0.120000,0.240000,0.120000,-3.109071,9.414734,9.914814,9.830756,0.601368,0.830249,0.228881,1.813936,61.183061,-5.211377,0.991893,,
723,avoidance,59,42.000000,145,154,4.320000,4.680000,0.360000,-0.283547,2.650286,2.665411,2.179079,1.429132,1.683294,-0.254163,-0.688234,12.509784,-4.650045,0.602490,0.005509,1.438762
724,avoidance,59,38.000000,230,232,7.720000,7.800000,0.080000,0.810097,-1.325317,1.553294,1.467084,1.087696,1.095401,-0.007705,-0.102453,35.499268,2.943713,0.643430,0.591339,0.980634
725,conflict,60,61.000000,50,219,0.520000,7.280000,6.760000,-1.937299,2.812805,3.415406,3.329956,0.678409,1.397299,-0.263953,-0.752079,46.328447,-36.627385,0.441523,0.195375,0.060632
726,conflict,60,50.000000,236,266,7.960000,9.160000,1.200000,-3.517324,0.770601,3.600749,3.457246,0.835320,1.090116,-0.212482,-0.526096,34.492282,19.351497,0.698513,0.578683,0.058838
727,conflict,60,58.000000,272,275,9.400000,9.520000,0.120000,-3.576936,0.476216,3.608498,3.608498,0.686792,0.718615,-0.031824,-0.324796,49.581454,6.992674,0.719324,0.686292,0.087942
728,conflict,60,58.000000,283,286,9.840000,9.960000,0.120000,-3.549595,0.258123,3.558968,3.537641,0.605247,0.660018,-0.054771,-0.241019,93.185131,7.477141,0.677429,0.606727,0.167944
729,conflict,60,62.000000,409,454,14.880000,16.680000,1.800000,0.190050,-7.426632,7.429064,6.610809,0.926384,1.895536,-0.968530,-2.647915,111.447912,5.135287,0.923094,0.009414,1.011354
730,deceleration,60,32.000000,181,187,5.760000,6.000000,0.240000,-1.839696,3.116914,3.619341,3.550613,0.786486,0.996609,-0.210123,-0.752079,20.988331,-2.757244,0.551726,0.421100,0.098062
731,deceleration,60,14.000000,437,458,16.000000,16.840000,0.840000,0.824328,-9.701413,9.736372,8.655159,0.357918,1.804529,-1.446611,-3.540654,376.351880,1.791438,0.923094,0.110213,1.020882
732,turning,60,14.000000,39,45,0.080000,0.320000,0.240000,-1.085630,9.791414,9.851415,9.710134,0.415386,0.906622,0.491237,1.713313,101.867412,13.525577,0.958729,2.047198,0.182089
733,turning,60,32.000000,192,202,6.200000,6.600000,0.400000,-1.963483,2.764612,3.390921,3.348845,0.678409,0.694835,-0.013863,-0.281627,46.328447,-18.885233,0.562760,0.195375,1.761049
734,turning,60,51.000000,267,299,9.200000,10.480000,1.280000,-3.495902,0.099292,3.497312,3.247731,0.569301,1.075410,0.261945,-0.496912,113.866342,86.755656,0.677068,0.606727,0.079472
735,turning,60,64.000000,311,327,10.960000,11.600000,0.640000,-2.273526,-0.332534,2.297716,2.044183,1.473243,1.641223,0.135718,0.022823,74.503378,-42.423899,1.468960,3.969507,0.057129
736,turning,60,14.000000,454,458,16.680000,16.840000,0.160000,0.824328,-9.701413,9.736372,9.635926,0.357918,0.926384,-0.568467,-3.540654,376.351880,0.094311,0.944896,0.796746,1.038260
737,avoidance,60,14.000000,40,45,0.120000,0.320000,0.200000,-1.103215,9.755912,9.818091,9.710134,0.495226,0.906622,0.411396,1.713313,91.469376,9.433290,0.958729,2.047198,0.182089
738,avoidance,60,32.000000,181,202,5.760000,6.600000,0.840000,-1.937299,2.812805,3.415406,3.348845,0.678409,0.996609,-0.315638,-0.752079,46.328447,-27.491491,0.551726,0.195375,0.098062
739,avoidance,60,51.000000,267,299,9.200000,10.480000,1.280000,-3.549595,0.258123,3.558968,3.247731,0.569301,1.075410,0.261945,-0.496912,113.866342,86.755656,0.677068,0.606727,0.079472
740,avoidance,60,14.000000,437,458,16.000000,16.840000,0.840000,0.616881,-9.037534,9.058563,8.655159,0.357918,1.804529,-1.446611,-3.540654,376.351880,1.791438,0.923094,0.110213,1.020882
741,conflict,61,36.000000,58,204,0.840000,6.680000,5.840000,-3.825141,1.320142,4.046539,4.007614,0.615880,1.705892,-0.838680,-1.907672,35.418146,11.681822,0.514730,0.475160,0.050810
742,conflict,61,53.000000,211,213,6.960000,7.040000,0.080000,-4.009495,0.576427,4.050719,4.044101,0.621715,0.684556,-0.062841,-0.542598,42.660344,2.017518,0.793488,0.682783,1.785461
743,conflict,61,51.000000,223,307,7.440000,10.800000,3.360000,-3.631152,-0.163752,3.634843,3.527630,0.266630,0.809847,0.163736,-0.778032,104.527257,-50.771328,0.711901,0.197006,0.054859
744,conflict,61,62.000000,413,446,15.040000,16.360000,1.320000,-0.899044,-8.722628,8.768838,8.049050,1.006836,1.896595,-0.889759,-2.419219,35.058774,9.973721,0.792906,0.037891,0.405757
745,deceleration,61,62.000000,183,197,5.840000,6.400000,0.560000,-3.889890,1.171006,4.062327,4.029003,0.654862,1.615607,-0.960745,-1.907672,33.070359,9.780450,0.514730,0.475160,0.111098
746,deceleration,61,35.000000,247,254,8.400000,8.680000,0.280000,-3.572775,-0.262400,3.582398,3.562090,0.351918,0.601747,-0.249829,-0.778032,20.853017,0.154381,0.795152,0.262863,1.386180
747,deceleration,61,62.000000,418,430,15.240000,15.720000,0.480000,-0.899044,-8.722628,8.768838,8.359545,1.275432,1.845926,-0.570494,-1.218209,35.058774,9.800965,1.194057,0.037891,0.665543
748,deceleration,61,60.000000,441,451,16.160000,16.560000,0.400000,-0.172120,-9.642046,9.643582,9.355236,0.319166,1.349911,-1.030745,-2.769751,296.087395,-5.684041,0.792906,0.483079,0.158949
749,turning,61,55.000000,212,224,7.000000,7.480000,0.480000,-3.996874,0.402729,4.017113,3.960600,0.496874,0.654228,-0.101954,-0.542598,69.049956,31.811816,0.811991,0.741606,0.486163
750,turning,61,51.000000,263,275,9.040000,9.520000,0.480000,-3.505442,-0.397347,3.527890,3.527630,0.303773,0.576422,0.272649,0.361872,104.527257,-37.530976,0.783303,0.578683,1.139234
751,turning,61,51.000000,301,319,10.560000,11.280000,0.720000,-4.184450,-1.391797,4.409844,4.246968,0.701518,1.176770,0.439130,-0.143166,86.318280,50.567598,0.709150,0.708154,0.054859
752,turning,61,60.000000,449,451,16.480000,16.560000,0.080000,-0.144100,-9.684862,9.685934,9.664643,0.319166,0.590490,-0.271324,-2.754500,296.087395,-0.574555,0.810146,0.897563,0.158949
753,avoidance,61,62.000000,183,197,5.840000,6.400000,0.560000,-3.825141,1.320142,4.046539,4.029003,0.654862,1.615607,-0.960745,-1.907672,33.070359,9.780450,0.514730,0.475160,0.111098
754,avoidance,61,55.000000,212,224,7.000000,7.480000,0.480000,-4.009893,0.548708,4.047262,3.960600,0.496874,0.654228,-0.101954,-0.542598,69.049956,31.811816,0.811991,0.741606,0.486163
755,avoidance,61,35.000000,247,254,8.400000,8.680000,0.280000,-3.617871,-0.186149,3.622656,3.562090,0.351918,0.601747,-0.249829,-0.778032,20.853017,0.154381,0.795152,0.262863,1.386180
756,avoidance,61,51.000000,263,275,9.040000,9.520000,0.480000,-3.505594,-0.411161,3.529623,3.527630,0.303773,0.576422,0.272649,0.361872,104.527257,-37.530976,0.783303,0.578683,1.139234
757,avoidance,61,51.000000,301,319,10.560000,11.280000,0.720000,-4.167112,-1.339753,4.377187,4.246968,0.701518,1.176770,0.439130,-0.143166,86.318280,50.567598,0.709150,0.708154,0.054859
758,avoidance,61,62.000000,418,430,15.240000,15.720000,0.480000,-0.899044,-8.722628,8.768838,8.359545,1.275432,1.845926,-0.570494,-1.218209,35.058774,9.800965,1.194057,0.037891,0.665543
759,avoidance,61,60.000000,441,451,16.160000,16.560000,0.400000,-0.350451,-9.393673,9.400208,9.355236,0.319166,1.349911,-1.030745,-2.769751,296.087395,-5.684041,0.792906,0.483079,0.158949
760,conflict,62,59.000000,70,80,1.320000,1.720000,0.400000,-0.033188,7.515122,7.515195,7.515195,1.376194,1.628638,-0.252445,-0.606803,6.211900,-2.443825,0.737194,0.445917,1.538156
761,conflict,62,61.000000,88,216,2.040000,7.160000,5.120000,-3.527540,0.230263,3.535047,3.500437,1.304056,1.798160,0.020661,-0.443950,42.221791,22.009603,0.514730,0.012151,0.053427
762,conflict,62,12.000000,267,322,9.200000,11.400000,2.200000,-5.050119,-5.162327,7.221726,5.555375,1.553308,1.845511,0.063092,-0.505839,46.533959,10.199632,0.475543,0.403027,0.065727
763,conflict,62,57.000000,340,383,12.120000,13.840000,1.720000,-4.855872,-8.274937,9.594482,9.587472,1.351294,1.528717,0.114558,-0.128155,79.408241,-8.791332,0.733162,0.002501,0.064691
764,conflict,62,61.000000,409,442,14.880000,16.200000,1.320000,-1.293474,-10.298689,10.379599,10.008149,0.000000,1.752497,-1.743429,-1.795866,135.193177,92.438918,0.803663,0.009414,0.077783
765,deceleration,62,12.000000,324,332,11.480000,11.800000,0.320000,-5.722663,-7.406509,9.359767,9.148716,1.461988,1.707824,-0.245836,-0.722938,85.728520,24.733527,0.626692,1.972042,0.987078
766,deceleration,62,61.000000,414,436,15.080000,15.960000,0.880000,-1.238604,-10.293977,10.368226,10.026697,0.348379,1.721518,-1.373139,-1.795866,135.193177,84.265111,0.891071,0.009414,0.351018
767,turning,62,12.000000,195,202,6.320000,6.600000,0.280000,-3.516879,0.621914,3.571444,3.564236,1.394318,1.482162,-0.087844,-0.435874,42.221791,12.669140,0.516389,0.054746,0.908270
768,turning,62,57.000000,320,345,11.320000,12.320000,1.000000,-5.587138,-7.799955,9.594551,8.900970,1.350124,1.788106,-0.391732,-0.722938,88.787831,75.328649,0.565531,0.038004,0.987078
769,turning,62,57.000000,354,359,12.680000,12.880000,0.200000,-4.606256,-8.420737,9.598250,9.588352,1.455731,1.518922,0.063191,0.153312,38.313746,-8.121936,1.684571,0.179841,1.070539
770,turning,62,58.000000,384,399,13.880000,14.480000,0.600000,-3.193403,-9.948386,10.448360,10.282972,1.468990,1.651161,0.182171,0.096117,63.166929,35.082044,0.727994,0.839677,0.175811
771,turning,62,61.000000,416,436,15.160000,15.960000,0.800000,-1.004221,-10.213663,10.262913,10.026697,0.348379,1.650121,-1.301741,-1.795866,135.193177,82.232573,0.891071,0.009414,0.351018
772,avoidance,62,12.000000,195,202,6.320000,6.600000,0.280000,-3.516879,0.621914,3.571444,3.564236,1.394318,1.482162,-0.087844,-0.435874,42.221791,12.669140,0.516389,0.054746,0.908270
773,avoidance,62,57.000000,320,345,11.320000,12.320000,1.000000,-5.174931,-8.150680,9.654714,8.900970,1.350124,1.788106,-0.391732,-0.722938,88.787831,75.328649,0.565531,0.038004,0.987078
774,avoidance,62,57.000000,354,359,12.680000,12.880000,0.200000,-4.703956,-8.355196,9.588352,9.588352,1.455731,1.518922,0.063191,0.153312,38.313746,-8.121936,1.684571,0.179841,1.070539
775,avoidance,62,58.000000,384,399,13.880000,14.480000,0.600000,-2.718896,-10.127797,10.486404,10.282972,1.468990,1.651161,0.182171,0.096117,63.166929,35.082044,0.727994,0.839677,0.175811
776,avoidance,62,61.000000,414,436,15.080000,15.960000,0.880000,-1.293474,-10.298689,10.379599,10.026697,0.348379,1.721518,-1.373139,-1.795866,135.193177,84.265111,0.891071,0.009414,0.351018
777,conflict,63,7.000000,42,57,0.200000,0.800000,0.600000,-9.027126,-3.784694,9.788407,9.122379,0.692642,1.554088,0.861446,0.706899,89.504796,-17.029375,0.684346,0.053185,0.128601
778,conflict,63,48.000000,84,101,1.880000,2.560000,0.680000,-5.786363,-2.876844,6.462061,6.216998,1.630547,1.758878,-0.086211,-0.310708,12.563690,-5.881068,0.708945,0.421757,1.284999
779,conflict,63,5.000000,109,257,2.880000,8.800000,5.920000,-2.521886,-2.930828,3.866479,2.203799,1.516262,1.884698,0.109186,-0.474892,25.494441,33.628463,0.402071,0.356517,0.063282
780,conflict,63,14.000000,263,347,9.040000,12.400000,3.360000,8.428164,3.249920,9.033046,4.685548,0.378205,1.811083,-1.333968,-3.459932,328.272048,-1.730392,0.398986,0.495547,0.141319
781,conflict,63,7.000000,376,388,13.560000,14.040000,0.480000,8.993730,3.645800,9.704589,9.704589,0.000000,0.000000,0.000000,-0.000000,0.000000,0.000000,0.738321,0.009554,0.961544
782,deceleration,63,46.000000,336,347,11.960000,12.400000,0.440000,8.954788,3.616227,9.657397,9.165043,0.378205,1.709178,-1.323439,-3.459932,328.272048,2.152955,0.494098,1.212842,0.310116
783,turning,63,7.000000,39,47,0.080000,0.400000,0.320000,-9.129261,-3.866251,9.914197,9.669897,0.467251,1.074723,0.607472,1.656849,126.333220,-21.259658,0.781758,0.053185,1.908109
784,turning,63,7.000000,344,347,12.280000,12.400000,0.120000,9.003020,3.652374,9.715669,9.657397,0.378205,0.873940,-0.495735,-3.459932,328.272048,0.639376,0.517586,1.212842,1.160550
785,avoidance,63,7.000000,40,47,0.120000,0.400000,0.280000,-9.027126,-3.784694,9.788407,9.669897,0.539354,1.074723,0.535369,1.656849,114.057079,-16.048892,0.781758,0.053185,1.908109
786,avoidance,63,46.000000,336,347,11.960000,12.400000,0.440000,9.003020,3.652374,9.715669,9.165043,0.378205,1.709178,-1.323439,-3.459932,328.272048,2.152955,0.494098,1.212842,0.310116
787,conflict,64,39.000000,39,66,0.080000,1.160000,1.080000,-3.573492,8.055824,8.812840,8.812840,0.408428,1.706652,1.298224,0.506741,300.752523,63.679667,0.728526,0.658243,0.084230
788,conflict,64,12.000000,91,266,2.160000,9.160000,7.000000,-0.959060,1.808703,2.047242,0.070714,0.197290,1.895806,-1.260826,-0.919160,81.011583,3.020822,0.508979,0.018783,0.053354
789,conflict,64,13.000000,308,318,10.840000,11.240000,0.400000,1.210870,-2.666742,2.928774,2.858625,1.667787,1.746820,-0.075662,-0.207160,7.921248,0.765626,1.310264,0.028361,1.539210
790,conflict,64,39.000000,371,399,13.360000,14.480000,1.120000,3.286121,-7.521942,8.208423,7.448795,1.489471,1.899450,-0.409034,-3.196738,8.339877,-4.370608,0.805242,0.732149,0.086751
791,deceleration,64,19.000000,175,189,5.520000,6.080000,0.560000,-0.804849,0.849035,1.169890,0.927682,0.832242,1.327934,-0.495692,-0.919160,73.719822,23.317426,0.592403,0.019424,0.822407
792,deceleration,64,41.000000,232,240,7.800000,8.120000,0.320000,0.384252,-0.191941,0.429524,0.322239,0.321619,0.619341,-0.297722,-0.867880,49.829596,0.224092,0.692154,0.522363,1.726429
793,deceleration,64,39.000000,393,405,14.240000,14.720000,0.480000,3.853387,-8.954360,9.748290,9.119209,0.406347,1.895134,-1.488717,-3.824393,345.873674,-0.997675,0.795152,0.782462,0.069209
794,turning,64,39.000000,39,49,0.080000,0.480000,0.400000,-4.066266,9.201793,10.060195,9.796984,0.408428,1.042446,0.634018,0.870267,300.752523,59.858029,0.746868,0.686854,0.279513
795,turning,64,19.000000,182,197,5.800000,6.400000,0.600000,-0.685049,0.577228,0.895815,0.688324,0.721956,1.084551,-0.362595,-0.919160,74.221127,40.461688,0.582178,0.019424,0.470336
796,turning,64,41.000000,254,256,8.680000,8.760000,0.080000,0.487832,-0.332252,0.590230,0.577478,0.335774,0.398521,0.062747,0.631376,42.702352,5.765281,0.761098,0.763123,0.053354
797,turning,64,33.000000,264,273,9.080000,9.440000,0.360000,0.661010,-0.551194,0.860668,0.765408,0.587112,0.789847,0.202735,0.518774,52.961184,-20.610473,0.821319,0.720350,0.824491
798,turning,64,58.000000,402,405,14.600000,14.720000,0.120000,3.875214,-9.014799,9.812435,9.748290,0.406347,0.948035,-0.541688,-3.824393,345.873674,0.209204,0.795831,5.922790,1.181689
799,avoidance,64,39.000000,40,49,0.120000,0.480000,0.360000,-4.074538,9.187302,10.050292,9.796984,0.431334,1.042446,0.611112,0.994278,270.905535,46.785368,0.746868,0.692154,0.279513
800,avoidance,64,19.000000,175,197,5.520000,6.400000,0.880000,-0.704582,0.603455,0.927682,0.688324,0.721956,1.327934,-0.605978,-0.919160,74.221127,45.961758,0.582178,0.019424,0.470336
801,avoidance,64,41.000000,232,240,7.800000,8.120000,0.320000,0.314918,-0.146212,0.347205,0.322239,0.321619,0.619341,-0.297722,-0.867880,49.829596,0.224092,0.692154,0.522363,1.726429
802,avoidance,64,41.000000,254,256,8.680000,8.760000,0.080000,0.480575,-0.320200,0.577478,0.577478,0.335774,0.398521,0.062747,0.631376,42.702352,5.765281,0.761098,0.763123,0.053354
803,avoidance,64,33.000000,264,273,9.080000,9.440000,0.360000,0.605367,-0.468381,0.765408,0.765408,0.587112,0.789847,0.202735,0.518774,52.961184,-20.610473,0.821319,0.720350,0.824491
804,avoidance,64,39.000000,393,405,14.240000,14.720000,0.480000,3.642470,-8.360167,9.119209,9.119209,0.406347,1.895134,-1.488717,-3.824393,345.873674,-0.997675,0.795152,0.782462,0.069209
