event_id,event_type,pedestrian,neighbor,start_frame,end_frame,start_time_s,end_time_s,duration_s,x_m,y_m,radius_m,minimum_radius_m,min_speed_m_s,max_speed_m_s,speed_change_m_s,max_deceleration_m_s2,max_abs_turn_rate_deg_s,net_heading_change_deg,nearest_distance_m,predicted_separation_m,time_to_cpa_s
1,conflict,1,16.000000,39,41,0.080000,0.160000,0.080000,-2.056728,-9.989419,10.198952,10.161848,0.380080,0.552970,0.172890,2.084031,77.802400,-4.943193,0.755145,0.043094,1.346550
2,conflict,1,24.000000,54,224,0.680000,7.480000,6.800000,-0.757673,-4.753332,4.813339,0.498490,0.797268,2.305332,-0.194102,-1.158691,73.227479,-17.170657,0.384112,0.006650,0.073265
3,conflict,1,40.000000,349,357,12.480000,12.800000,0.320000,1.990484,9.672254,9.874945,9.867301,0.080611,0.111917,0.011262,-0.253588,213.442347,42.617452,0.699216,0.689192,0.108033
4,conflict,1,40.000000,382,388,13.800000,14.040000,0.240000,1.962233,9.706413,9.902768,9.892947,0.034383,0.050789,-0.016406,0.007463,49.494750,31.667910,0.912103,0.395454,1.730258
5,deceleration,1,24.000000,138,160,4.040000,4.920000,0.880000,-0.152779,-1.708090,1.714909,1.423927,0.906906,1.773676,-0.866770,-1.158691,39.002879,1.453209,0.461051,0.012779,0.560865
6,deceleration,1,16.000000,290,340,10.120000,12.120000,2.000000,1.970163,8.005677,8.244538,7.578358,0.325566,2.202599,-1.877033,-1.483588,98.367687,-48.274638,0.992283,0.817850,0.295561
7,turning,1,16.000000,39,43,0.080000,0.240000,0.160000,-2.056728,-9.989419,10.198952,10.110661,0.380080,0.728010,0.347931,2.084031,77.802400,-7.521605,0.728005,0.043094,0.261901
8,turning,1,6.000000,160,178,4.920000,5.640000,0.720000,-0.093803,-1.290445,1.293850,0.849869,0.797268,1.318105,0.411199,-0.734169,73.227479,-11.677121,0.384112,0.018224,0.451204
9,turning,1,3.000000,225,229,7.520000,7.680000,0.160000,1.323590,1.729561,2.177906,2.120845,1.520913,1.698537,0.177624,0.829668,42.250582,8.809302,0.600357,1.020371,0.060572
10,turning,1,16.000000,324,340,11.480000,12.120000,0.640000,1.865605,9.495325,9.676863,9.474309,0.325566,0.819946,-0.494380,-0.954264,98.367687,-46.027083,0.992283,0.817850,0.569713
11,turning,1,59.000000,457,459,16.800000,16.880000,0.080000,1.980202,9.780038,9.978494,9.978494,0.300628,0.359456,0.058827,0.747101,70.759136,-4.839178,0.927713,19.644727,0.455983
12,avoidance,1,16.000000,40,43,0.120000,0.240000,0.120000,-2.055363,-9.972556,10.182161,10.110661,0.466106,0.728010,0.261905,2.125331,68.423381,-4.591758,0.728005,0.081638,0.261901
13,avoidance,1,24.000000,138,178,4.040000,5.640000,1.600000,-0.202010,-1.855517,1.866481,0.849869,0.797268,1.773676,-0.455571,-1.158691,73.227479,-10.223912,0.384112,0.012779,0.451204
14,avoidance,1,3.000000,225,229,7.520000,7.680000,0.160000,1.366925,1.845987,2.296987,2.120845,1.520913,1.698537,0.177624,0.829668,42.250582,8.809302,0.600357,1.020371,0.060572
15,avoidance,1,16.000000,334,340,11.880000,12.120000,0.240000,1.915793,9.554145,9.744329,9.729843,0.325566,0.480299,-0.154734,-0.747094,77.227557,-7.938259,0.992283,0.817850,0.569713
16,conflict,2,15.000000,58,67,0.840000,1.200000,0.360000,1.755306,-9.138321,9.305375,8.735850,1.469976,1.715907,0.245931,0.487272,31.088806,-6.066346,0.855283,0.541948,0.424749
17,conflict,2,61.000000,109,275,2.880000,9.520000,6.640000,0.229215,-1.312018,1.331890,0.343212,0.500848,1.703696,-0.225875,-0.595529,91.473681,-2.863972,0.358758,0.000095,0.058595
18,conflict,2,41.000000,341,360,12.160000,12.920000,0.760000,-0.755508,5.973102,6.020693,6.020693,1.843703,1.986183,-0.007980,-0.434734,32.261320,2.387492,2.567838,0.571448,1.201286
19,conflict,2,15.000000,366,372,13.160000,13.400000,0.240000,-1.368814,7.936004,8.053186,7.925579,1.777585,1.884148,-0.094875,-0.588747,30.002059,0.140624,1.803509,0.641540,1.073325
20,conflict,2,41.000000,395,404,14.320000,14.680000,0.360000,-1.924387,9.357895,9.553715,9.463677,0.669439,0.705794,-0.004440,-0.648555,92.227542,5.850376,0.916775,0.657759,0.751715
21,deceleration,2,15.000000,373,395,13.440000,14.320000,0.880000,-1.876367,8.941278,9.136039,8.375407,0.703920,1.785953,-1.082033,-1.297432,82.810845,-33.260923,1.103718,0.776432,0.660436
22,deceleration,2,41.000000,405,412,14.720000,15.000000,0.280000,-1.922072,9.637864,9.827654,9.717946,0.322685,0.679323,-0.356639,-0.936343,303.167818,54.568348,0.882490,0.807593,0.202214
23,turning,2,41.000000,39,47,0.080000,0.400000,0.320000,1.989432,-9.937236,10.134422,9.893657,0.455033,1.052850,0.597817,1.624921,182.883913,31.064000,1.012466,0.992366,0.059464
24,turning,2,49.000000,116,120,3.160000,3.320000,0.160000,0.930583,-5.005588,5.091355,4.968824,1.523444,1.623962,-0.100518,-0.456250,44.712096,9.287468,1.711190,0.307861,1.607867
25,turning,2,17.000000,141,144,4.160000,4.280000,0.120000,0.467279,-3.632738,3.662668,3.601178,1.477617,1.493234,0.009111,-0.087115,40.603077,6.155721,1.032745,0.301519,1.625923
26,turning,2,17.000000,152,162,4.600000,5.000000,0.400000,0.127535,-2.976778,2.979509,2.686145,1.148393,1.371902,-0.223508,-0.538274,71.094572,-29.116954,0.676092,0.007653,0.952579
27,turning,2,14.000000,180,186,5.720000,5.960000,0.240000,0.144041,-1.887048,1.892538,1.792373,0.819943,0.830521,0.007375,-0.144894,45.463146,-13.449921,0.514514,0.020225,1.725817
28,turning,2,61.000000,193,242,6.240000,8.200000,1.960000,0.189914,-1.178471,1.193675,0.429785,0.500848,0.867420,-0.193002,-0.556509,91.473681,3.389467,0.419196,0.000095,0.287513
29,turning,2,61.000000,248,253,8.440000,8.640000,0.200000,0.361067,-0.106085,0.376329,0.351316,0.756555,0.954664,0.198108,0.810950,49.756588,16.335764,0.415375,0.317447,0.594021
30,turning,2,13.000000,271,277,9.360000,9.600000,0.240000,0.421356,1.021173,1.104688,0.929047,1.448519,1.500228,0.051708,0.450843,51.765262,16.581467,0.641883,0.754541,0.079169
31,turning,2,41.000000,361,365,12.960000,13.120000,0.160000,-1.185114,7.606568,7.698335,7.523202,1.919559,2.001010,-0.081451,-0.466242,41.581058,8.332132,2.165013,0.835492,1.030819
32,turning,2,41.000000,387,421,14.000000,15.360000,1.360000,-2.046014,9.587381,9.803267,9.183706,0.269387,1.118792,-0.772739,-1.290414,375.468020,137.301821,0.882490,0.657759,0.202214
33,turning,2,41.000000,430,436,15.720000,15.960000,0.240000,-2.046905,9.572571,9.788970,9.788970,0.305270,0.365877,0.004187,-0.413859,288.115105,-6.190639,0.944111,0.801769,0.819208
34,avoidance,2,42.000000,43,47,0.240000,0.400000,0.160000,1.990270,-9.842166,10.041385,9.893657,0.753129,1.052850,0.299721,1.624921,108.941042,9.650961,1.012466,1.012364,0.059464
35,avoidance,2,49.000000,116,120,3.160000,3.320000,0.160000,0.894174,-4.887706,4.968824,4.968824,1.523444,1.623962,-0.100518,-0.456250,44.712096,9.287468,1.711190,0.307861,1.607867
36,avoidance,2,17.000000,141,144,4.160000,4.280000,0.120000,0.485666,-3.692328,3.724131,3.601178,1.477617,1.493234,0.009111,-0.087115,40.603077,6.155721,1.032745,0.301519,1.625923
37,avoidance,2,17.000000,152,162,4.600000,5.000000,0.400000,0.118583,-2.727266,2.729842,2.686145,1.148393,1.371902,-0.223508,-0.538274,71.094572,-29.116954,0.676092,0.007653,0.952579
38,avoidance,2,61.000000,180,253,5.720000,8.640000,2.920000,0.229215,-1.312018,1.331890,0.351316,0.500848,0.954664,0.133469,-0.556509,91.473681,5.576665,0.412305,0.000095,0.259272
39,avoidance,2,13.000000,271,277,9.360000,9.600000,0.240000,0.414855,1.079091,1.156089,0.929047,1.448519,1.500228,0.051708,0.450843,51.765262,16.581467,0.641883,0.754541,0.079169
40,avoidance,2,41.000000,361,365,12.960000,13.120000,0.160000,-1.135639,7.436994,7.523202,7.523202,1.919559,2.001010,-0.081451,-0.466242,41.581058,8.332132,2.165013,0.835492,1.030819
41,avoidance,2,15.000000,373,419,13.440000,15.280000,1.840000,-1.924387,9.357895,9.553715,8.375407,0.269387,1.785953,-1.405210,-1.297432,310.455848,125.481813,0.882490,0.657759,0.202214
42,conflict,3,31.000000,80,174,1.720000,5.480000,3.760000,2.972703,-1.325157,3.254690,3.076486,0.156693,2.894368,-2.262476,-3.029932,335.275195,-12.822942,0.286785,0.000354,0.083265
43,conflict,3,5.000000,180,215,5.720000,7.120000,1.400000,3.258252,1.317436,3.514519,3.428206,1.040128,1.999385,0.959257,-0.564698,40.158875,33.574827,0.577544,0.244871,0.070153
44,conflict,3,15.000000,272,304,9.400000,10.680000,1.280000,-3.195836,8.624884,9.197935,7.633688,0.792733,2.461087,-1.659432,-1.794386,54.287743,41.888771,0.782142,0.049816,0.233318
45,conflict,3,15.000000,344,348,12.280000,12.440000,0.160000,-3.758127,8.935020,9.693199,9.693199,0.333446,0.352474,-0.004291,-0.003940,278.678661,34.646088,0.840524,0.695486,1.295836
46,deceleration,3,31.000000,127,150,3.600000,4.520000,0.920000,3.147789,0.260003,3.158509,3.076486,0.346328,2.461192,-2.114864,-3.029932,225.719838,-10.008971,0.286785,0.001807,0.342762
47,deceleration,3,15.000000,263,306,9.040000,10.760000,1.720000,-2.462716,8.378695,8.733127,6.835655,0.729410,2.739369,-2.009959,-1.794386,54.287743,55.873943,0.782142,0.049816,0.079366
48,deceleration,3,4.000000,325,334,11.520000,11.880000,0.360000,-3.700223,9.078649,9.803750,9.674467,0.347955,0.719708,-0.371753,-0.973485,267.647415,69.237198,0.834757,0.823770,0.079627
49,turning,3,18.000000,39,44,0.080000,0.280000,0.200000,3.864976,-9.271219,10.044578,9.845185,0.762055,1.253789,0.491734,2.302726,106.160391,-14.130683,0.937680,1.648165,0.824679
50,turning,3,29.000000,146,150,4.360000,4.520000,0.160000,3.195777,0.564304,3.245216,3.215148,0.346328,0.672548,-0.326220,-2.408633,225.719838,-3.915789,0.286785,0.014077,0.370814
51,turning,3,44.000000,157,167,4.800000,5.200000,0.400000,3.345168,0.421657,3.371638,3.280904,0.305454,0.469206,0.011693,-0.490889,263.635482,2.779520,0.325851,0.306908,0.083265
52,turning,3,5.000000,173,179,5.440000,5.680000,0.240000,3.392628,0.418988,3.418402,3.418402,0.318569,0.956382,0.637813,1.427844,299.073052,22.536557,0.551074,0.813760,0.272562
53,turning,3,33.000000,206,211,6.760000,6.960000,0.200000,2.899959,2.199226,3.639555,3.612133,1.434262,1.681507,0.247245,0.885290,40.158875,11.654696,0.577544,0.937744,0.866169
54,turning,3,15.000000,280,288,9.720000,10.040000,0.320000,-2.240758,8.296072,8.593359,8.242774,1.804869,2.298730,-0.493861,-1.794386,52.889858,19.797118,0.913876,0.683784,0.233318
55,turning,3,15.000000,299,335,10.480000,11.920000,1.440000,-3.786817,9.074542,9.832970,9.105903,0.321075,1.081934,-0.760859,-1.441386,282.396659,38.565193,0.782142,0.049816,0.079627
56,turning,3,15.000000,342,354,12.200000,12.680000,0.480000,-3.824545,9.022361,9.799497,9.680387,0.311372,0.352474,0.015008,-0.339689,288.036210,124.926460,0.775482,0.695486,1.295836
57,turning,3,18.000000,371,380,13.360000,13.720000,0.360000,-3.882544,9.065844,9.862235,9.819057,0.302868,0.386817,-0.016914,-0.529794,83.141502,20.575030,0.806557,0.702013,0.873145
58,turning,3,21.000000,420,422,15.320000,15.400000,0.080000,-3.838535,9.031743,9.813600,9.809438,0.314931,0.349226,0.034296,0.196689,58.422114,-3.445511,0.885110,3.844753,0.353275
59,turning,3,15.000000,448,453,16.440000,16.640000,0.200000,-3.841507,9.064806,9.845196,9.838246,0.311593,0.340357,-0.021574,-0.223298,74.308951,-10.526752,0.876048,19.970159,0.711575
60,avoidance,3,31.000000,127,179,3.600000,5.680000,2.080000,3.122470,0.070692,3.123270,3.076486,0.156693,2.461192,-1.504810,-3.029932,335.275195,14.506411,0.286785,0.001807,0.083265
61,avoidance,3,33.000000,206,211,6.760000,6.960000,0.200000,2.983258,2.036585,3.612133,3.612133,1.434262,1.681507,0.247245,0.885290,40.158875,11.654696,0.577544,0.937744,0.866169
62,avoidance,3,15.000000,263,319,9.040000,11.280000,2.240000,-3.195836,8.624884,9.197935,6.835655,0.676989,2.739369,-2.009249,-1.794386,141.461553,-12.503657,0.782142,0.049816,0.079366
63,avoidance,3,15.000000,329,354,11.680000,12.680000,1.000000,-3.758127,8.935020,9.693199,9.680387,0.238888,0.540889,-0.214508,-0.973485,300.680546,-86.005215,0.775482,0.695486,0.627253
64,conflict,4,18.000000,55,62,0.720000,1.000000,0.280000,5.834445,-7.149486,9.227995,8.981361,1.441578,1.631990,0.190412,0.425759,38.241118,5.863337,0.844771,0.309771,1.557460
65,conflict,4,3.000000,74,80,1.480000,1.720000,0.240000,5.077986,-6.140701,7.968322,7.663421,1.909388,1.918165,0.002573,0.124714,20.289725,5.034990,0.734542,0.530903,0.815619
66,conflict,4,26.000000,86,250,1.960000,8.520000,6.560000,1.233548,1.934505,2.294330,1.988527,0.969110,2.019392,-0.381709,-0.831736,65.881812,40.331107,0.395286,0.001308,0.050107
67,conflict,4,18.000000,375,409,13.520000,14.880000,1.360000,-6.222583,7.583593,9.809761,9.712316,0.081098,0.632569,-0.235678,-0.970042,336.263196,144.650004,0.719204,0.371997,0.065880
68,deceleration,4,26.000000,155,163,4.720000,5.040000,0.320000,2.388462,-1.005444,2.591460,2.481779,1.061940,1.338980,-0.277040,-0.831736,10.132354,-3.841349,0.524371,0.113758,0.384210
69,deceleration,4,43.000000,332,347,11.800000,12.400000,0.600000,-5.501795,6.429879,8.462452,7.930222,1.007606,1.573870,-0.566264,-1.078327,48.954648,22.918552,2.256824,1.415448,0.546096
70,deceleration,4,18.000000,366,374,13.160000,13.480000,0.320000,-6.269626,7.263435,9.595087,9.450640,0.670306,1.025352,-0.355046,-0.973011,100.743489,-27.464076,1.698386,0.867760,1.221637
71,deceleration,4,18.000000,385,390,13.920000,14.120000,0.200000,-6.171811,7.715698,9.880448,9.826115,0.342613,0.523333,-0.180720,-0.970042,140.460679,11.608860,1.028375,0.449324,0.662542
72,turning,4,18.000000,39,45,0.080000,0.320000,0.240000,6.329395,-7.950637,10.162375,9.954774,0.556215,1.158403,0.602189,1.835230,123.632496,-15.846326,0.983958,1.029602,0.050896
73,turning,4,18.000000,53,56,0.640000,0.760000,0.120000,5.986212,-7.317034,9.453768,9.342706,1.422262,1.451722,0.023736,0.415226,39.156702,8.136591,0.985776,0.381605,0.612268
74,turning,4,5.000000,134,138,3.880000,4.040000,0.160000,2.729547,-2.306085,3.573297,3.458890,1.643061,1.674292,-0.022827,-0.377208,41.297636,-8.826582,0.828166,0.028028,1.038967
75,turning,4,26.000000,176,185,5.560000,5.920000,0.360000,2.017982,-0.191513,2.027050,1.989226,1.020654,1.231368,0.210713,0.277176,62.657490,-24.477795,0.395286,0.018224,0.062086
76,turning,4,1.000000,191,200,6.160000,6.520000,0.360000,1.998044,0.531151,2.067438,2.032284,1.237450,1.343023,0.005777,-0.067121,65.881812,27.468285,0.575180,0.139631,0.583688
77,turning,4,48.000000,222,225,7.400000,7.520000,0.120000,1.065753,2.163532,2.411784,2.358685,1.693260,1.770923,-0.077663,-0.421917,36.504488,5.971616,0.528280,0.195155,1.004499
78,turning,4,48.000000,238,247,8.040000,8.400000,0.360000,0.146426,2.926463,2.930124,2.809493,1.538380,1.630658,-0.070314,-0.326958,55.572823,21.660735,0.498663,0.372094,0.050107
79,turning,4,43.000000,338,343,12.040000,12.240000,0.200000,-5.464226,6.395099,8.411603,8.295341,1.142508,1.423633,-0.281125,-1.078327,48.954648,12.834600,2.256824,1.456484,0.546096
80,turning,4,18.000000,349,358,12.480000,12.840000,0.360000,-5.922762,6.674940,8.923785,8.772830,0.912373,0.993980,0.025071,-0.435733,70.022845,-27.482058,2.136064,1.249548,1.424044
81,turning,4,18.000000,367,381,13.200000,13.760000,0.560000,-6.287782,7.379098,9.694704,9.492029,0.592259,0.950321,-0.354804,-0.973011,100.743489,-51.671012,1.382827,0.376820,1.138799
82,turning,4,18.000000,387,390,14.000000,14.120000,0.120000,-6.171811,7.715698,9.880448,9.845808,0.342613,0.468485,-0.125872,-0.970042,140.460679,8.454249,1.028375,0.560404,0.662542
83,turning,4,21.000000,402,411,14.600000,14.960000,0.360000,-6.309668,7.621876,9.894690,9.894690,0.307396,0.422652,0.001216,-0.815554,196.188913,10.963581,0.719204,0.751167,0.909539
84,avoidance,4,18.000000,40,45,0.120000,0.320000,0.200000,6.210816,-7.779672,9.954774,9.954774,0.653443,1.158403,0.504960,1.835230,109.168132,-11.041134,0.987475,1.029602,0.050896
85,avoidance,4,18.000000,53,56,0.640000,0.760000,0.120000,5.916651,-7.230449,9.342706,9.342706,1.422262,1.451722,0.023736,0.415226,39.156702,8.136591,0.985776,0.381605,0.612268
86,avoidance,4,5.000000,134,138,3.880000,4.040000,0.160000,2.729547,-2.306085,3.573297,3.458890,1.643061,1.674292,-0.022827,-0.377208,41.297636,-8.826582,0.828166,0.028028,1.038967
87,avoidance,4,26.000000,155,163,4.720000,5.040000,0.320000,2.473328,-1.197872,2.748136,2.481779,1.061940,1.338980,-0.277040,-0.831736,10.132354,-3.841349,0.524371,0.113758,0.384210
88,avoidance,4,1.000000,176,200,5.560000,6.520000,0.960000,2.079631,-0.350745,2.109001,1.988527,1.020654,1.356574,0.322369,-0.067121,65.881812,0.794908,0.395286,0.018224,0.062086
89,avoidance,4,48.000000,222,225,7.400000,7.520000,0.120000,1.153250,2.057525,2.358685,2.358685,1.693260,1.770923,-0.077663,-0.421917,36.504488,5.971616,0.528280,0.195155,1.004499
90,avoidance,4,48.000000,238,247,8.040000,8.400000,0.360000,0.364975,2.785685,2.809493,2.809493,1.538380,1.630658,-0.070314,-0.326958,55.572823,21.660735,0.498663,0.372094,0.050107
91,avoidance,4,18.000000,366,390,13.160000,14.120000,0.960000,-6.222583,7.583593,9.809761,9.450640,0.342613,1.025352,-0.682740,-0.973011,140.460679,-41.344189,1.028375,0.371997,0.662542
92,avoidance,4,21.000000,402,411,14.600000,14.960000,0.360000,-6.278368,7.665771,9.908681,9.894690,0.307396,0.422652,0.001216,-0.815554,196.188913,10.963581,0.719204,0.751167,0.909539
93,conflict,5,46.000000,65,67,1.120000,1.200000,0.080000,-6.810466,-5.816236,8.956062,8.878643,1.974962,2.046682,0.071720,0.875523,8.413936,-0.085734,0.955644,0.761020,1.306088
94,conflict,5,15.000000,86,209,1.960000,6.880000,4.920000,-3.900908,-3.906272,5.520512,0.394455,1.327939,3.150696,-0.534311,-1.511757,56.161042,18.447026,0.440983,0.000441,0.066947
95,conflict,5,44.000000,231,251,7.760000,8.560000,0.800000,4.949282,4.623905,6.773174,6.195562,2.152681,2.465689,-0.311223,-0.706715,24.193191,-5.157337,0.778402,0.051540,0.076236
96,conflict,5,46.000000,358,361,12.840000,12.960000,0.120000,7.819575,6.285446,10.032576,10.029278,0.263478,0.277873,-0.013575,-0.271717,186.518811,14.356460,1.054856,0.781270,1.037264
97,conflict,5,22.000000,378,383,13.640000,13.840000,0.200000,7.855917,6.385178,10.123533,10.116024,0.099554,0.195751,-0.096197,-0.248457,357.538873,31.657487,0.990188,0.014776,1.647454
98,deceleration,5,15.000000,110,145,2.920000,4.320000,1.400000,-0.705879,-1.523761,1.679319,1.193379,1.380748,3.016541,-1.635793,-1.511757,48.633025,4.756765,0.754926,0.006329,0.523139
99,deceleration,5,22.000000,249,295,8.480000,10.320000,1.840000,6.749260,5.694147,8.830392,7.866346,0.355526,2.169206,-1.813680,-1.452790,201.857246,-43.925477,0.736003,0.753633,0.054599
100,turning,5,19.000000,43,53,0.240000,0.640000,0.400000,-7.745506,-6.476462,10.096406,9.839257,0.349515,1.111161,0.761646,1.447981,83.654671,-19.961849,0.878838,0.867530,0.127746
101,turning,5,15.000000,144,150,4.280000,4.520000,0.240000,-0.200474,-1.086430,1.104771,0.958039,1.327939,1.404276,-0.076337,-0.811641,56.161042,18.529337,0.717816,0.102326,0.523139
102,turning,5,15.000000,157,159,4.800000,4.880000,0.080000,0.052152,-0.526594,0.529170,0.482521,1.543634,1.634293,0.090659,1.126944,38.490695,-5.924589,0.440983,0.446629,0.066947
103,turning,5,22.000000,263,265,9.040000,9.120000,0.080000,6.915803,5.792957,9.021457,8.960221,1.447608,1.596463,-0.148856,-1.452364,37.842749,4.622282,1.284293,1.134035,0.740467
104,turning,5,22.000000,273,295,9.440000,10.320000,0.880000,7.916571,6.229819,10.073864,9.480600,0.355526,1.142363,-0.786837,-1.168620,201.857246,-51.619091,0.959291,0.912209,0.054599
105,turning,5,16.000000,303,308,10.640000,10.840000,0.200000,7.967485,6.288718,10.150310,10.150310,0.305996,0.346003,0.010992,-0.460287,262.863756,38.120548,1.079098,3.653008,0.104012
106,avoidance,5,19.000000,50,53,0.520000,0.640000,0.120000,-7.650603,-6.360770,9.949428,9.839257,0.813411,1.111161,0.297751,2.197113,52.333673,-8.797277,0.924470,1.399447,0.740206
107,avoidance,5,15.000000,110,159,2.920000,4.880000,1.960000,-2.244469,-2.654528,3.476228,0.482521,1.327939,3.016541,-1.382248,-1.511757,56.161042,13.779572,0.440983,0.006329,0.066947
108,avoidance,5,22.000000,249,266,8.480000,9.160000,0.680000,6.040089,5.296199,8.033206,7.866346,1.394882,2.169206,-0.774324,-1.452790,37.842749,8.718289,0.736003,0.753633,0.076236
109,conflict,6,26.000000,55,57,0.720000,0.800000,0.080000,8.782025,-2.890404,9.245453,9.110216,1.610039,1.693631,0.083593,0.781124,21.881620,-2.371852,1.025003,0.750893,1.387759
110,conflict,6,18.000000,102,314,2.600000,11.080000,8.480000,2.210453,-0.993927,2.423632,0.863161,0.763472,1.967122,-0.308980,-1.344180,90.880691,-8.046368,0.369132,0.006269,0.062667
111,conflict,6,26.000000,367,370,13.200000,13.320000,0.120000,-8.906737,2.556044,9.266246,9.266246,0.835748,0.936866,-0.101118,-0.874479,72.143209,12.408828,1.139323,0.403935,1.814805
112,conflict,6,26.000000,377,414,13.600000,15.080000,1.480000,-9.460758,2.757303,9.854373,9.553458,0.138244,0.587146,-0.448903,-0.783152,291.560276,-60.750365,0.959672,0.034607,0.851101
113,conflict,6,26.000000,426,432,15.560000,15.800000,0.240000,-9.544572,2.771482,9.938811,9.930455,0.117175,0.171151,0.011580,-0.121348,287.093328,-87.504228,0.780888,0.773819,0.050127
114,conflict,6,47.000000,438,442,16.040000,16.200000,0.160000,-9.567949,2.839630,9.980439,9.967786,0.092860,0.165838,-0.072978,-0.335262,320.020102,-38.735294,0.856946,0.549243,1.482361
115,deceleration,6,15.000000,145,158,4.320000,4.840000,0.520000,2.055783,-0.956823,2.267544,1.989848,0.885708,1.544935,-0.659227,-1.344180,30.088932,-11.517519,0.525926,0.006269,0.397678
116,deceleration,6,26.000000,362,380,13.000000,13.720000,0.720000,-9.008117,2.549621,9.361984,9.048766,0.499317,1.107410,-0.608094,-0.874479,73.008144,25.696436,1.124506,0.403935,0.270516
117,turning,6,2.000000,160,170,4.920000,5.320000,0.400000,1.610380,-0.740819,1.772607,1.608293,0.795424,1.049307,0.210771,-0.382752,90.880691,40.432736,0.407296,0.009605,1.245592
118,turning,6,25.000000,196,202,6.360000,6.600000,0.240000,0.224670,-0.915065,0.942242,0.913451,0.784418,0.960987,-0.176569,-0.552729,51.793990,-16.356589,0.389464,0.028786,0.968001
119,turning,6,25.000000,216,225,7.160000,7.520000,0.360000,-0.520244,-0.813401,0.965544,0.921805,1.045330,1.292817,0.247487,0.544537,61.478309,-24.245979,0.395678,0.190794,0.093759
120,turning,6,57.000000,249,255,8.480000,8.720000,0.240000,-2.037715,0.073983,2.039057,1.895710,1.331261,1.450553,0.119292,0.087849,52.993684,17.509784,0.448895,0.402273,0.062667
121,turning,6,47.000000,361,371,12.960000,13.360000,0.400000,-8.868440,2.548690,9.227407,9.002334,0.808648,1.129753,-0.321105,-0.874479,73.008144,31.608099,1.139323,0.403935,0.270516
122,turning,6,26.000000,383,409,13.840000,14.880000,1.040000,-9.511939,2.575878,9.854548,9.660920,0.279965,0.447565,-0.140813,-0.583396,196.117442,-102.826221,0.968801,0.034607,1.328765
123,avoidance,6,15.000000,145,170,4.320000,5.320000,1.000000,2.210453,-0.993927,2.423632,1.608293,0.795424,1.544935,-0.495628,-1.344180,90.880691,28.472190,0.407296,0.006269,0.397678
124,avoidance,6,25.000000,196,202,6.360000,6.600000,0.240000,0.258971,-0.915270,0.951202,0.913451,0.784418,0.960987,-0.176569,-0.552729,51.793990,-16.356589,0.389464,0.028786,0.968001
125,avoidance,6,25.000000,216,225,7.160000,7.520000,0.360000,-0.355089,-0.850668,0.921805,0.921805,1.045330,1.292817,0.247487,0.544537,61.478309,-24.245979,0.395678,0.190794,0.093759
126,avoidance,6,57.000000,249,255,8.480000,8.720000,0.240000,-1.895709,0.001416,1.895710,1.895710,1.331261,1.450553,0.119292,0.087849,52.993684,17.509784,0.448895,0.402273,0.062667
127,avoidance,6,26.000000,361,409,12.960000,14.880000,1.920000,-9.460758,2.757303,9.854373,9.002334,0.279965,1.129753,-0.823001,-0.874479,196.117442,-80.187360,0.968801,0.034607,0.270516
128,conflict,7,25.000000,58,87,0.840000,2.000000,1.160000,-8.182747,-3.032777,8.726688,7.813345,1.256669,1.514656,0.137856,-0.538196,58.642706,-34.714807,0.708545,0.384159,0.074616
129,conflict,7,51.000000,144,219,4.280000,7.280000,3.000000,-0.586246,-3.666005,3.712584,3.288322,1.161676,1.928260,-0.145854,-0.858442,57.680104,30.133531,0.477214,0.003847,0.061131
130,conflict,7,33.000000,247,301,8.400000,10.560000,2.160000,3.824163,-0.964328,3.943875,3.613170,1.675894,1.997692,-0.232222,-0.326963,23.102524,-3.143373,0.439401,0.009844,0.055220
131,conflict,7,63.000000,308,321,10.840000,11.360000,0.520000,6.444566,1.556692,6.629911,6.629911,1.772943,1.865941,-0.001652,-0.194202,38.724648,-10.975072,1.121720,0.161364,1.426497
132,deceleration,7,51.000000,174,188,5.480000,6.040000,0.560000,-0.264306,-3.667677,3.677188,3.662040,1.283725,1.749199,-0.465474,-0.858442,38.744552,2.896645,0.537508,0.003847,0.888460
133,deceleration,7,63.000000,335,357,11.920000,12.800000,0.880000,9.139255,2.371419,9.441907,8.548055,0.882702,1.667859,-0.785157,-1.092614,60.784029,2.541672,1.608582,1.400857,0.212702
134,deceleration,7,63.000000,366,382,13.160000,13.800000,0.640000,9.839539,2.810403,10.233030,9.956288,0.307391,0.760018,-0.452628,-0.839966,54.442415,-8.410679,1.298506,1.147351,0.948867
135,turning,7,25.000000,76,86,1.560000,1.960000,0.400000,-7.329181,-3.123665,7.967068,7.840421,1.256669,1.424428,-0.061249,-0.538196,58.642706,-24.162354,0.722193,0.580590,0.112040
136,turning,7,17.000000,94,101,2.280000,2.560000,0.280000,-6.556227,-3.601688,7.480393,7.286162,1.695273,1.817453,0.122180,0.138961,44.580779,13.480086,0.755706,1.076108,0.069415
137,turning,7,51.000000,188,198,6.040000,6.440000,0.400000,0.303685,-3.623799,3.636502,3.563684,1.161676,1.283725,-0.116960,-0.664546,57.680104,24.367015,0.543781,0.304550,0.825917
138,turning,7,63.000000,307,311,10.800000,10.960000,0.160000,6.505699,1.602433,6.700142,6.560783,1.815952,1.837678,-0.007042,0.024633,38.724648,-8.104095,1.035733,0.161364,1.299608
139,turning,7,63.000000,354,367,12.680000,13.200000,0.520000,9.460743,2.430832,9.768040,9.564741,0.723652,0.962685,-0.239033,-0.930915,73.760403,35.844754,1.459780,1.244456,0.212702
140,turning,7,63.000000,378,382,13.640000,13.800000,0.160000,9.827573,2.802382,10.219322,10.177536,0.307391,0.420749,-0.113358,-0.839966,54.442415,-10.776954,1.298506,1.180708,0.960437
141,turning,7,63.000000,413,421,15.040000,15.360000,0.320000,9.771789,2.900582,10.193196,10.076459,0.301814,0.353406,0.021640,-0.382572,123.263147,11.437071,1.062948,0.864473,0.584292
142,avoidance,7,25.000000,76,86,1.560000,1.960000,0.400000,-7.637899,-3.052662,8.225342,7.840421,1.256669,1.424428,-0.061249,-0.538196,58.642706,-24.162354,0.722193,0.580590,0.112040
143,avoidance,7,17.000000,94,101,2.280000,2.560000,0.280000,-6.622437,-3.573800,7.525205,7.286162,1.695273,1.817453,0.122180,0.138961,44.580779,13.480086,0.755706,1.076108,0.069415
144,avoidance,7,51.000000,174,198,5.480000,6.440000,0.960000,-0.586246,-3.666005,3.712584,3.563684,1.161676,1.749199,-0.582434,-0.858442,57.680104,27.263659,0.537508,0.003847,0.825917
145,avoidance,7,63.000000,307,311,10.800000,10.960000,0.160000,6.444566,1.556692,6.629911,6.560783,1.815952,1.837678,-0.007042,0.024633,38.724648,-8.104095,1.035733,0.161364,1.299608
146,conflict,8,52.000000,79,193,1.680000,6.240000,4.560000,5.823936,0.676552,5.863101,1.528630,1.962682,3.113374,-0.856967,-1.209377,71.415909,19.404844,0.494636,0.000994,0.072850
147,conflict,8,9.000000,216,237,7.160000,8.000000,0.840000,-4.961642,-0.611541,4.999187,4.759522,1.527516,2.261751,0.696054,-0.021440,47.865370,9.961627,1.902793,0.010817,0.876207
148,conflict,8,30.000000,249,251,8.480000,8.560000,0.080000,-7.576565,-0.550875,7.596565,7.506926,2.243997,2.253279,0.009282,-0.283706,27.390912,0.991462,1.208239,0.757222,1.156705
149,conflict,8,30.000000,261,301,8.960000,10.560000,1.600000,-8.939817,-0.957492,8.990946,8.528340,0.250684,1.845806,-1.464397,-1.838130,146.073058,-6.185257,0.615771,0.472719,0.058702
150,deceleration,8,59.000000,115,125,3.120000,3.520000,0.400000,2.461228,1.295144,2.781194,2.315443,2.440358,2.812972,-0.372615,-0.867545,11.481302,5.112310,1.113255,0.095391,1.480281
151,deceleration,8,32.000000,187,205,6.000000,6.720000,0.720000,-3.714984,-0.860605,3.813365,2.919335,1.364510,2.287318,-0.922808,-1.463836,71.549598,-51.228872,0.494636,0.485215,0.072850
152,deceleration,8,30.000000,254,289,8.680000,10.080000,1.400000,-9.248186,-1.087901,9.311953,7.961500,0.393528,2.185773,-1.792244,-1.838130,142.867565,-60.468255,0.678030,0.472719,0.375309
153,turning,8,30.000000,39,44,0.080000,0.280000,0.200000,10.088550,0.733402,10.115173,10.007766,0.340806,0.746307,0.405501,1.945872,59.488466,-7.035686,0.931920,0.834820,0.087916
154,turning,8,38.000000,146,156,4.360000,4.760000,0.400000,-0.418488,1.474498,1.532735,1.528630,1.962682,2.080190,-0.058540,-0.393959,50.467378,21.315705,0.892678,0.002006,0.913466
155,turning,8,52.000000,162,167,5.000000,5.200000,0.200000,-1.446472,0.955103,1.733350,1.640844,2.075971,2.124842,-0.007712,0.205757,39.917849,9.999602,0.995774,0.009374,0.919778
156,turning,8,32.000000,186,207,5.960000,6.800000,0.840000,-3.415383,-0.795259,3.506747,2.842094,1.321074,2.310168,-0.989094,-1.463836,71.549598,-58.142506,0.494636,0.482897,0.072850
157,turning,8,9.000000,214,219,7.080000,7.280000,0.200000,-4.716478,-0.638654,4.759522,4.648741,1.490710,1.682760,0.192051,0.875721,47.865370,14.528284,2.114762,0.208024,1.662020
158,turning,8,30.000000,260,262,8.920000,9.000000,0.080000,-8.497635,-0.723031,8.528340,8.455884,1.820469,1.886444,-0.065975,-1.029547,37.770002,5.449442,1.132553,0.712258,0.956541
159,turning,8,50.000000,273,290,9.440000,10.120000,0.680000,-9.520175,-1.144809,9.588760,9.265744,0.341641,1.242897,-0.901256,-1.838130,142.867565,-67.863753,0.653597,0.519595,0.303576
160,turning,8,30.000000,297,307,10.400000,10.800000,0.400000,-9.827944,-1.034420,9.882232,9.741386,0.303868,0.381409,-0.012362,-0.330370,126.042843,-34.522658,0.655682,0.739625,0.186756
161,avoidance,8,59.000000,115,125,3.120000,3.520000,0.400000,2.668072,1.243281,2.943528,2.315443,2.440358,2.812972,-0.372615,-0.867545,11.481302,5.112310,1.113255,0.095391,1.480281
162,avoidance,8,52.000000,146,167,4.360000,5.200000,0.840000,-1.076895,1.164576,1.586172,1.528630,1.962682,2.125286,0.036940,-0.393959,50.467378,36.994456,0.892678,0.001598,0.866570
163,avoidance,8,9.000000,186,219,5.960000,7.280000,1.320000,-4.895270,-0.609676,4.933090,2.842094,1.314256,2.310168,-0.627408,-1.463836,71.549598,-44.082487,0.494636,0.208024,0.072850
164,avoidance,8,30.000000,254,307,8.680000,10.800000,2.120000,-8.939817,-0.957492,8.990946,7.961500,0.250684,2.185773,-1.881905,-1.838130,146.073058,-32.558313,0.615771,0.472719,0.058702
165,conflict,9,10.000000,110,118,2.920000,3.240000,0.320000,4.545555,7.527540,8.793516,8.664187,3.040563,3.113835,-0.034402,-0.115168,13.449302,1.910409,1.076620,0.230990,1.598900
166,conflict,9,11.000000,128,138,3.640000,4.040000,0.400000,1.560170,7.891584,8.044329,8.044329,3.147096,3.232965,0.035543,-0.170362,18.081915,7.463398,0.688788,0.684500,0.063976
167,conflict,9,50.000000,216,281,7.160000,9.760000,2.600000,-6.022650,2.803086,6.643012,6.624350,1.524007,2.371228,-0.594705,-0.822740,27.013573,13.976602,0.379473,0.010817,0.060743
168,conflict,9,32.000000,293,301,10.240000,10.560000,0.320000,-8.504359,-2.281668,8.805120,8.593005,1.658763,1.769002,-0.107187,-0.363982,28.323585,3.308444,1.279637,0.736266,0.593430
169,conflict,9,51.000000,389,404,14.080000,14.680000,0.600000,-9.401865,-3.989420,10.213253,10.199946,0.014856,0.044655,-0.006705,-0.054064,44.721960,4.322915,0.996933,0.557311,1.189904
170,deceleration,9,8.000000,206,215,6.760000,7.120000,0.360000,-5.412248,3.668927,6.538613,6.527622,2.373303,2.730549,-0.357246,-0.863626,20.423026,1.645977,2.177478,0.949234,1.649812
171,deceleration,9,50.000000,232,240,7.800000,8.120000,0.320000,-6.741159,1.624296,6.934087,6.841054,1.943390,2.224515,-0.281125,-0.822740,27.013573,9.296164,1.842851,0.022684,1.336345
172,deceleration,9,32.000000,305,330,10.720000,11.720000,1.000000,-9.059704,-3.774240,9.814434,9.173395,0.310743,1.625807,-1.315064,-2.005585,172.266168,-13.376391,0.879612,0.882967,0.071506
173,deceleration,9,35.000000,346,350,12.360000,12.520000,0.160000,-9.417120,-3.967277,10.218681,10.144424,0.330634,0.549654,-0.219021,-1.164431,91.742166,10.462002,0.979160,1.784777,1.029839
174,turning,9,51.000000,39,59,0.080000,0.880000,0.800000,9.508106,3.848467,10.257425,10.234005,0.202699,1.627296,1.342145,-0.330104,617.973197,-101.036058,1.013132,0.982046,0.062844
175,turning,9,35.000000,69,73,1.280000,1.440000,0.160000,8.751980,5.352464,10.258949,10.228824,2.112641,2.251425,0.138785,0.918664,41.826771,8.707234,1.097326,0.950131,0.448376
176,turning,9,32.000000,325,350,11.520000,12.520000,1.000000,-9.067779,-3.844430,9.849074,9.801358,0.276907,0.853477,-0.522843,-2.005585,172.912918,-43.825763,0.978249,0.899608,0.083712
177,avoidance,9,8.000000,206,215,6.760000,7.120000,0.360000,-5.783831,3.208770,6.614296,6.527622,2.373303,2.730549,-0.357246,-0.863626,20.423026,1.645977,2.177478,0.949234,1.649812
178,avoidance,9,50.000000,232,240,7.800000,8.120000,0.320000,-6.640287,1.772353,6.872747,6.841054,1.943390,2.224515,-0.281125,-0.822740,27.013573,9.296164,1.842851,0.022684,1.336345
179,avoidance,9,32.000000,305,316,10.720000,11.160000,0.440000,-8.957056,-3.315212,9.550889,9.173395,1.155078,1.625807,-0.470729,-1.091005,21.691824,-1.096456,0.886652,0.882967,0.071506
180,conflict,10,34.000000,61,74,0.960000,1.480000,0.520000,-8.795335,4.580703,9.916691,9.878183,0.014944,0.561177,0.464022,-0.346906,212.139741,-30.623475,0.613513,0.139445,0.214699
181,conflict,10,28.000000,110,292,2.920000,10.200000,7.280000,5.498862,2.198727,5.922152,5.157486,1.455349,3.173655,-1.567920,-1.976625,52.960321,-96.791461,0.573709,0.000318,0.067526
182,conflict,10,36.000000,330,336,11.720000,11.960000,0.240000,9.124617,-4.866314,10.341163,10.300438,0.268134,0.344430,-0.071338,-0.294819,217.685476,-44.839463,0.940622,0.635921,1.467252
183,deceleration,10,35.000000,140,144,4.120000,4.280000,0.160000,-2.626859,6.333684,6.856817,6.721892,2.909091,3.066345,-0.157255,-0.723167,4.478255,3.305747,1.446454,0.004775,1.029122
184,deceleration,10,20.000000,179,184,5.680000,5.880000,0.200000,1.796656,4.845392,5.167765,5.164443,2.839692,3.032495,-0.192803,-0.734101,16.470818,-5.495703,1.071297,0.474176,0.800805
185,deceleration,10,44.000000,205,213,6.720000,7.040000,0.320000,4.577523,3.259083,5.619194,5.478850,2.532260,2.893821,-0.361560,-0.951280,36.568801,-10.986251,0.782659,0.335979,0.342385
186,deceleration,10,34.000000,276,315,9.560000,11.120000,1.560000,8.840161,-4.794234,10.056496,8.769821,0.311893,2.470163,-2.158269,-2.044623,200.457669,68.293941,0.573709,0.448388,0.054665
187,turning,10,34.000000,44,48,0.280000,0.440000,0.160000,-8.868074,4.501628,9.945219,9.945219,0.312204,0.326290,-0.001530,-0.150240,95.906041,4.463818,0.852140,5.473336,0.451709
188,turning,10,34.000000,72,77,1.400000,1.600000,0.200000,-8.771742,4.565202,9.888606,9.866565,0.319714,0.975605,0.655892,2.220026,207.237714,16.512463,0.605379,0.518413,0.050583
189,turning,10,13.000000,83,90,1.840000,2.120000,0.280000,-8.425690,5.140500,9.870005,9.794071,1.624396,1.917154,0.292758,1.259325,50.037066,-17.883256,0.774712,2.021707,0.066128
190,turning,10,38.000000,100,105,2.520000,2.720000,0.200000,-7.272451,6.087002,9.483677,9.378026,2.490577,2.718399,0.227822,1.240449,44.963953,-15.421565,0.967743,2.817563,0.050646
191,turning,10,11.000000,116,125,3.160000,3.520000,0.360000,-5.338863,6.741283,8.599323,8.219755,3.079383,3.149372,0.059555,-0.028962,52.960321,-21.746384,1.189285,0.004170,1.370565
192,turning,10,44.000000,211,213,6.960000,7.040000,0.080000,4.826329,3.067055,5.718416,5.687994,2.532260,2.620217,-0.087956,-0.870798,36.568801,-5.058247,1.320696,0.463678,0.342385
193,turning,10,34.000000,302,315,10.600000,11.120000,0.520000,8.914297,-4.852925,10.149659,9.804800,0.311893,1.304326,-0.992433,-2.044623,200.457669,67.616603,0.907216,0.841185,0.054665
194,turning,10,36.000000,322,334,11.400000,11.880000,0.480000,9.073972,-4.806264,10.268259,10.201639,0.298619,0.344430,0.005624,-0.257930,206.604962,-98.109593,0.928055,0.635921,0.146806
195,avoidance,10,34.000000,46,48,0.360000,0.440000,0.080000,-8.897331,4.498502,9.969906,9.945219,0.312204,0.326290,-0.013913,-0.150240,95.906041,1.554794,0.875462,5.473336,0.451709
196,avoidance,10,52.000000,72,89,1.400000,2.080000,0.680000,-8.771742,4.565202,9.888606,9.820932,0.319714,1.879841,1.560128,1.259325,207.237714,-1.423140,0.605379,0.518413,0.050583
197,avoidance,10,38.000000,100,105,2.520000,2.720000,0.200000,-7.063816,6.168459,9.378026,9.378026,2.490577,2.718399,0.227822,1.240449,44.963953,-15.421565,0.967743,2.817563,0.050646
198,avoidance,10,11.000000,116,125,3.160000,3.520000,0.360000,-5.082024,6.757691,8.455374,8.219755,3.079383,3.149372,0.059555,-0.028962,52.960321,-21.746384,1.189285,0.004170,1.370565
199,avoidance,10,35.000000,140,144,4.120000,4.280000,0.160000,-2.512618,6.304062,6.786342,6.721892,2.909091,3.066345,-0.157255,-0.723167,4.478255,3.305747,1.446454,0.004775,1.029122
200,avoidance,10,20.000000,179,184,5.680000,5.880000,0.200000,2.116771,4.710706,5.164443,5.164443,2.839692,3.032495,-0.192803,-0.734101,16.470818,-5.495703,1.071297,0.474176,0.800805
201,avoidance,10,44.000000,205,213,6.720000,7.040000,0.320000,4.201147,3.516840,5.478850,5.478850,2.532260,2.893821,-0.361560,-0.951280,36.568801,-10.986251,0.782659,0.335979,0.342385
202,avoidance,10,34.000000,276,307,9.560000,10.800000,1.240000,8.352269,-2.673830,8.769821,8.769821,0.979838,2.470163,-1.490324,-1.976625,94.491968,11.640588,0.573709,0.448388,0.071483
203,avoidance,10,56.000000,315,334,11.120000,11.880000,0.760000,9.124617,-4.866314,10.341163,10.162465,0.286677,0.344430,-0.003656,-0.968845,206.604962,-63.386469,0.928055,0.635921,0.146806
204,conflict,11,53.000000,58,60,0.840000,0.920000,0.080000,7.426600,6.278700,9.725043,9.645097,1.233215,1.296960,0.063745,0.705856,36.369329,-2.824625,1.161536,0.210415,1.426829
205,conflict,11,34.000000,107,138,2.800000,4.040000,1.240000,2.805802,7.087848,7.622999,7.358155,2.004647,2.157678,-0.092997,-0.329884,36.215207,9.788584,0.688788,0.004170,0.063976
206,conflict,11,47.000000,210,290,6.920000,10.120000,3.200000,-3.744735,3.477527,5.110405,5.031845,1.539371,2.046750,-0.170888,-0.958666,27.040599,16.904420,0.435477,0.008127,0.055594
207,conflict,11,12.000000,341,381,12.160000,13.760000,1.600000,-7.516235,-5.510257,9.319695,8.383157,0.854423,1.644674,-0.743926,-1.406886,62.930394,-13.468340,1.114223,0.368428,0.906351
208,conflict,11,35.000000,387,399,14.000000,14.480000,0.480000,-7.722344,-6.410345,10.036290,10.021212,0.158911,0.409001,-0.250090,-1.297472,151.920068,-4.811774,0.996571,0.453472,1.419871
209,deceleration,11,27.000000,230,239,7.720000,8.080000,0.360000,-4.396616,2.562283,5.088765,5.049697,1.612927,1.982303,-0.369376,-0.958666,14.100986,6.052258,0.528234,0.380522,0.069019
210,deceleration,11,9.000000,327,331,11.600000,11.760000,0.160000,-7.119447,-3.380261,7.881161,7.765187,1.675516,1.823282,-0.147767,-0.680953,30.630230,3.515611,1.275158,1.389606,0.581094
211,deceleration,11,12.000000,366,389,13.160000,14.080000,0.920000,-7.678335,-6.351962,9.965152,9.386275,0.316250,1.285447,-0.969198,-1.549052,141.841248,-57.971560,1.019551,0.380769,0.877860
212,turning,11,9.000000,41,46,0.160000,0.360000,0.200000,7.964991,6.232967,10.113899,10.050766,0.314830,0.565499,0.250670,0.980014,189.197918,-18.211260,0.872971,1.164892,0.077827
213,turning,11,53.000000,60,67,0.920000,1.200000,0.280000,7.114420,6.301304,9.503758,9.426074,1.296960,1.444076,0.147116,0.571054,52.261896,-18.371282,1.142295,0.658914,0.528421
214,turning,11,10.000000,153,159,4.640000,4.880000,0.240000,0.008408,7.019873,7.019878,6.934576,2.008023,2.076395,0.060999,0.028816,42.829667,12.338133,0.819125,1.226108,0.095140
215,turning,11,9.000000,333,335,11.840000,11.920000,0.080000,-7.243491,-3.691065,8.129706,8.085646,1.588916,1.626969,-0.038054,-0.511966,37.432022,3.900166,1.321443,1.819489,0.199544
216,turning,11,12.000000,378,389,13.640000,14.080000,0.440000,-7.722344,-6.410345,10.036290,9.779627,0.316250,1.009682,-0.693432,-1.549052,141.841248,-43.610824,1.019551,0.453472,0.877860
217,avoidance,11,9.000000,43,46,0.240000,0.360000,0.120000,7.880401,6.238364,10.050766,10.050766,0.408261,0.565499,0.157238,1.171127,131.409080,-7.604350,0.891694,2.587674,0.405602
218,avoidance,11,53.000000,60,67,0.920000,1.200000,0.280000,7.325912,6.273669,9.645097,9.426074,1.296960,1.444076,0.147116,0.571054,52.261896,-18.371282,1.142295,0.658914,0.528421
219,avoidance,11,27.000000,230,239,7.720000,8.080000,0.360000,-4.154703,2.870171,5.049697,5.049697,1.612927,1.982303,-0.369376,-0.958666,14.100986,6.052258,0.528234,0.380522,0.069019
220,avoidance,11,9.000000,327,335,11.600000,11.920000,0.320000,-7.053653,-3.247169,7.765187,7.765187,1.588916,1.823282,-0.234366,-0.680953,37.432022,10.840485,1.275158,1.389606,0.199544
221,avoidance,11,12.000000,366,389,13.160000,14.080000,0.920000,-7.515615,-5.622962,9.386275,9.386275,0.316250,1.285447,-0.969198,-1.549052,141.841248,-57.971560,1.019551,0.380769,0.877860
222,conflict,12,55.000000,52,54,0.600000,0.680000,0.080000,6.121076,6.269578,8.762145,8.762145,2.282500,2.381968,0.099468,1.139965,19.069036,0.448725,1.255395,0.127967,1.952169
223,conflict,12,36.000000,77,130,1.600000,3.720000,2.120000,1.565158,3.804841,4.114187,2.403126,2.829737,3.775908,0.706314,-0.452279,27.303186,9.140290,0.965871,0.005774,0.865414
224,conflict,12,11.000000,341,381,12.160000,13.760000,1.600000,-7.190311,-7.289900,10.239298,10.238139,0.000682,0.033399,0.010951,-0.039055,484.475048,-126.684694,1.114223,0.368428,0.906351
225,deceleration,12,47.000000,177,223,5.600000,7.440000,1.840000,-7.236760,-7.031513,10.090237,6.959410,0.395972,3.112273,-2.708127,-2.346123,89.346772,33.008888,2.063877,2.770714,0.070218
226,turning,12,11.000000,39,50,0.080000,0.520000,0.440000,6.987879,6.911043,9.828172,9.111032,1.116980,2.175550,1.058570,1.860300,137.699860,-38.153635,1.120391,1.122294,0.077827
227,turning,12,47.000000,210,220,6.920000,7.320000,0.400000,-7.243200,-7.077327,10.126821,9.874830,0.514166,1.464222,-0.950056,-2.346123,89.346772,39.316181,2.739718,2.772270,0.071218
228,turning,12,32.000000,249,255,8.480000,8.720000,0.240000,-7.189785,-7.444877,10.349841,10.295833,0.315031,0.346013,0.004601,-0.337828,115.500163,-3.667070,2.819045,4.644534,1.037633
229,avoidance,12,37.000000,40,50,0.120000,0.520000,0.400000,6.968305,6.869323,9.784931,9.111032,1.189975,2.175550,0.985574,1.860300,128.556512,-32.501438,1.138296,1.148957,0.077827
230,conflict,13,52.000000,46,52,0.360000,0.600000,0.240000,-7.075290,6.795623,9.810210,9.759758,0.192448,0.381687,0.189239,0.675829,58.443153,17.159455,0.697707,0.416918,0.182805
231,conflict,13,53.000000,67,303,1.200000,10.640000,9.440000,-2.275039,1.298879,2.619712,0.566831,0.569689,1.464566,0.350983,-0.593609,122.427650,4.220303,0.493167,0.000778,0.051852
232,conflict,13,52.000000,366,375,13.160000,13.520000,0.360000,3.917747,-3.170436,5.039882,4.962128,1.816382,1.907658,-0.090729,-0.287418,11.363450,-5.533689,2.604896,0.219567,1.367987
233,conflict,13,38.000000,453,459,16.640000,16.880000,0.240000,7.171499,-7.101602,10.092728,9.984115,0.462979,0.538439,-0.075460,-0.348755,159.333015,-33.609303,0.767465,0.596148,1.082544
234,deceleration,13,38.000000,424,445,15.480000,16.320000,0.840000,6.527511,-6.611222,9.290676,8.891376,0.675098,1.573815,-0.898717,-1.168761,44.082057,26.277167,0.859767,0.785241,0.175169
235,turning,13,10.000000,51,61,0.560000,0.960000,0.400000,-7.066429,6.748462,9.771190,9.519323,0.331645,0.929419,0.597775,0.892732,58.394015,16.948002,0.697260,0.678248,0.113916
236,turning,13,24.000000,204,208,6.680000,6.840000,0.160000,-2.143209,1.181165,2.447140,2.386559,0.742206,0.852588,-0.110381,-0.593609,42.350583,8.887067,0.728717,0.166705,1.451281
237,turning,13,53.000000,226,255,7.560000,8.720000,1.160000,-1.506006,0.796996,1.703895,1.328381,0.569689,0.750033,0.012791,-0.289176,122.427650,28.542587,0.591221,0.072260,0.088340
238,turning,13,25.000000,276,281,9.560000,9.760000,0.200000,-0.123701,0.749311,0.759453,0.708005,1.113908,1.216488,0.102580,0.278119,45.082966,-13.481215,0.594772,0.012423,0.454215
239,turning,13,36.000000,300,305,10.520000,10.720000,0.200000,0.880853,0.200074,0.903289,0.827759,1.314171,1.407883,0.093712,0.405493,42.525556,-11.481702,0.583340,0.576179,0.072135
240,turning,13,38.000000,427,435,15.600000,15.920000,0.320000,6.490363,-6.578554,9.241330,9.077902,1.050540,1.449195,-0.398656,-1.168761,44.082057,15.772879,0.890352,1.229564,0.260150
241,turning,13,38.000000,446,459,16.360000,16.880000,0.520000,7.171499,-7.101602,10.092728,9.819519,0.462979,0.657908,-0.194929,-0.593934,159.333015,-56.401987,0.767465,0.596148,0.758497
242,avoidance,13,10.000000,51,61,0.560000,0.960000,0.400000,-7.066429,6.748462,9.771190,9.519323,0.331645,0.929419,0.597775,0.892732,58.394015,16.948002,0.697260,0.678248,0.113916
243,avoidance,13,24.000000,204,208,6.680000,6.840000,0.160000,-2.198796,1.219407,2.514290,2.386559,0.742206,0.852588,-0.110381,-0.593609,42.350583,8.887067,0.728717,0.166705,1.451281
244,avoidance,13,53.000000,226,255,7.560000,8.720000,1.160000,-1.680088,0.893456,1.902882,1.328381,0.569689,0.750033,0.012791,-0.289176,122.427650,28.542587,0.591221,0.072260,0.088340
245,avoidance,13,25.000000,276,281,9.560000,9.760000,0.200000,-0.123701,0.749311,0.759453,0.708005,1.113908,1.216488,0.102580,0.278119,45.082966,-13.481215,0.594772,0.012423,0.454215
246,avoidance,13,36.000000,300,305,10.520000,10.720000,0.200000,0.835328,0.224893,0.865072,0.827759,1.314171,1.407883,0.093712,0.405493,42.525556,-11.481702,0.583340,0.576179,0.072135
247,avoidance,13,38.000000,438,458,16.040000,16.840000,0.800000,7.169305,-7.083206,10.078231,9.592457,0.464670,0.931174,-0.466504,-1.056326,152.006435,-48.066272,0.767465,0.661922,0.175169
248,conflict,14,60.000000,55,64,0.720000,1.080000,0.360000,-1.982374,9.049051,9.263645,8.791537,1.319092,1.386778,0.033874,0.097805,31.533756,-13.739470,0.807634,0.412057,0.352918
249,conflict,14,25.000000,101,272,2.560000,9.400000,6.840000,-0.157147,1.101739,1.112890,0.224392,0.534309,1.599019,-0.409034,-0.713221,91.342994,9.094784,0.325854,0.001057,0.054179
250,conflict,14,64.000000,281,307,9.760000,10.800000,1.040000,0.841968,-3.066716,3.180198,1.776294,1.431554,1.631988,0.163321,-0.045929,45.237238,-10.972043,0.583043,0.576709,0.098821
251,conflict,14,60.000000,395,458,14.320000,16.840000,2.520000,2.023945,-8.887814,9.115349,8.296840,0.222929,1.534361,-1.263259,-1.174043,321.752796,23.722104,0.795404,0.205502,0.139565
252,deceleration,14,64.000000,229,234,7.680000,7.880000,0.200000,-0.229607,-0.030218,0.231587,0.224392,0.619666,0.800521,-0.180855,-0.713221,88.446295,13.310159,0.325854,0.134769,1.221881
253,deceleration,14,60.000000,412,421,15.000000,15.360000,0.360000,1.901103,-9.066128,9.263307,9.115349,0.869011,1.361300,-0.492289,-1.174043,51.798622,12.451164,1.101803,0.205502,1.068552
254,deceleration,14,60.000000,429,436,15.680000,15.960000,0.280000,1.749193,-9.603112,9.761118,9.662864,0.498739,0.848622,-0.349883,-0.908100,143.697590,29.713543,0.795404,0.670059,0.139565
255,deceleration,14,59.000000,451,455,16.560000,16.720000,0.160000,2.075779,-9.833603,10.050304,10.028236,0.316523,0.467448,-0.150925,-0.707251,212.591712,-18.120313,0.864520,0.373854,0.261642
256,turning,14,61.000000,39,51,0.080000,0.560000,0.480000,-2.086078,9.672397,9.894796,9.495940,0.397695,1.301257,0.903563,1.032708,210.805371,51.438538,0.923949,0.892742,0.197006
257,turning,14,58.000000,108,113,2.840000,3.040000,0.200000,-1.019747,5.900523,5.987993,5.884107,1.372802,1.432398,-0.033736,-0.383730,42.997814,-12.696283,1.219045,0.386096,1.604139
258,turning,14,27.000000,124,126,3.480000,3.560000,0.080000,-0.946132,5.092830,5.179969,5.123359,1.423375,1.462958,0.039582,0.086921,37.199861,3.529317,1.136378,0.150306,1.452637
259,turning,14,57.000000,135,141,3.920000,4.160000,0.240000,-0.673513,4.364700,4.416359,4.256386,1.379233,1.432420,-0.001989,-0.271131,50.109302,-16.202875,0.870557,0.018196,1.423700
260,turning,14,57.000000,150,155,4.520000,4.720000,0.200000,-0.663648,3.585964,3.646857,3.491446,1.311214,1.369494,0.057081,-0.161303,40.153976,9.404282,0.757730,0.135265,0.614709
261,turning,14,23.000000,189,197,6.080000,6.400000,0.320000,-0.126197,1.486516,1.491863,1.312768,1.147989,1.235716,-0.050098,-0.461402,49.606250,-18.258208,0.602473,0.006101,0.796348
262,turning,14,25.000000,229,251,7.680000,8.560000,0.880000,-0.225395,-0.132084,0.261245,0.224392,0.534309,0.800521,-0.035673,-0.713221,91.342994,14.356612,0.325854,0.003231,0.831392
263,turning,14,25.000000,258,265,8.840000,9.120000,0.280000,0.006769,-0.808325,0.808354,0.693992,0.950924,1.257111,0.306187,0.381041,58.167125,19.430185,0.337489,0.266377,0.056488
264,turning,14,39.000000,272,277,9.400000,9.600000,0.200000,0.361905,-1.342106,1.390044,1.306850,1.171001,1.332043,0.161042,0.187385,51.566569,-16.808595,0.598328,1.482538,0.319423
265,turning,14,64.000000,296,301,10.360000,10.560000,0.200000,0.818902,-2.755480,2.874590,2.680844,1.581663,1.617987,-0.033433,0.011389,45.237238,-11.166955,0.644168,0.582270,0.288799
266,turning,14,39.000000,309,317,10.880000,11.200000,0.320000,0.870925,-3.652119,3.754528,3.502109,1.533752,1.612093,-0.078341,-0.295736,56.422581,20.982701,0.622833,0.728986,0.548748
267,turning,14,39.000000,336,341,11.960000,12.160000,0.200000,1.441827,-5.061080,5.262451,5.139818,1.565668,1.589910,0.006220,0.050699,43.751368,10.974632,0.973483,0.812850,1.105027
268,turning,14,13.000000,351,353,12.560000,12.640000,0.080000,1.952902,-5.785056,6.105792,6.053153,1.389510,1.440066,-0.050556,-0.585480,38.058064,-4.997324,0.861014,0.859940,0.150629
269,turning,14,59.000000,372,383,13.400000,13.840000,0.440000,2.476790,-7.072362,7.493517,7.188692,1.217212,1.366204,-0.063303,-0.321408,79.156741,-35.078299,0.909611,1.784425,0.142548
270,turning,14,60.000000,400,408,14.520000,14.840000,0.320000,2.246636,-8.508274,8.799892,8.596284,1.361154,1.493531,-0.121987,-0.335370,54.740989,-20.068712,1.383689,0.329768,1.200657
271,turning,14,60.000000,417,455,15.200000,16.720000,1.520000,2.100411,-9.850153,10.071605,9.293852,0.316523,1.067463,-0.750940,-1.159494,212.591712,82.745324,0.795404,0.259407,0.139565
272,avoidance,14,61.000000,40,51,0.120000,0.560000,0.440000,-2.076073,9.266218,9.495940,9.495940,0.454321,1.301257,0.846936,1.032708,193.394142,42.087437,0.923949,0.892742,0.197006
273,avoidance,14,58.000000,108,113,2.840000,3.040000,0.200000,-1.033467,5.948491,6.037599,5.884107,1.372802,1.432398,-0.033736,-0.383730,42.997814,-12.696283,1.219045,0.386096,1.604139
274,avoidance,14,27.000000,124,126,3.480000,3.560000,0.080000,-0.930679,5.038119,5.123359,5.123359,1.423375,1.462958,0.039582,0.086921,37.199861,3.529317,1.136378,0.150306,1.452637
275,avoidance,14,57.000000,135,141,3.920000,4.160000,0.240000,-0.724233,4.518211,4.575887,4.256386,1.379233,1.432420,-0.001989,-0.271131,50.109302,-16.202875,0.870557,0.018196,1.423700
276,avoidance,14,57.000000,150,155,4.520000,4.720000,0.200000,-0.632755,3.433631,3.491446,3.491446,1.311214,1.369494,0.057081,-0.161303,40.153976,9.404282,0.757730,0.135265,0.614709
277,avoidance,14,23.000000,189,197,6.080000,6.400000,0.320000,-0.161469,1.662777,1.670599,1.312768,1.147989,1.235716,-0.050098,-0.461402,49.606250,-18.258208,0.602473,0.006101,0.796348
278,avoidance,14,25.000000,229,277,7.680000,9.600000,1.920000,-0.207672,-0.175630,0.271981,0.224392,0.534309,1.332043,0.531522,-0.713221,91.342994,19.696274,0.325854,0.003231,0.054179
279,avoidance,14,64.000000,296,301,10.360000,10.560000,0.200000,0.838229,-2.877432,2.997039,2.680844,1.581663,1.617987,-0.033433,0.011389,45.237238,-11.166955,0.644168,0.582270,0.288799
280,avoidance,14,39.000000,309,317,10.880000,11.200000,0.320000,0.936600,-3.828160,3.941070,3.502109,1.533752,1.612093,-0.078341,-0.295736,56.422581,20.982701,0.622833,0.728986,0.548748
281,avoidance,14,56.000000,380,383,13.720000,13.840000,0.120000,2.470451,-7.215428,7.626633,7.582845,1.232183,1.302901,0.070718,0.149093,72.658652,-8.339832,0.974454,1.989368,0.142548
282,avoidance,14,60.000000,400,455,14.520000,16.720000,2.200000,2.023945,-8.887814,9.115349,8.596284,0.316523,1.493531,-1.177008,-1.174043,212.591712,61.256250,0.795404,0.205502,0.139565
283,conflict,15,2.000000,58,67,0.840000,1.200000,0.360000,2.749170,-9.221352,9.622436,8.819418,1.856902,2.405430,0.548528,0.868448,27.448608,-8.559905,0.855283,0.541948,0.424749
284,conflict,15,5.000000,82,208,1.800000,6.840000,5.040000,1.893690,-5.258243,5.588844,1.110539,1.153242,2.611092,-0.189145,-1.558992,34.578136,5.454632,0.407296,0.000441,0.059896
285,conflict,15,3.000000,272,286,9.400000,9.960000,0.560000,-2.724259,8.297002,8.732802,8.660435,1.058788,1.888077,-0.829289,-1.720382,52.661145,-21.183778,0.984061,0.527322,0.350838
286,conflict,15,3.000000,344,348,12.280000,12.440000,0.160000,-3.071809,9.420251,9.908438,9.908438,0.075467,0.137000,-0.061533,-0.311141,384.058382,70.679292,0.840524,0.695486,1.295836
287,conflict,15,2.000000,366,372,13.160000,13.400000,0.240000,-3.032208,9.474812,9.948183,9.946729,0.017099,0.088407,0.071080,0.025044,294.182226,85.425945,0.779294,0.641540,1.073325
288,deceleration,15,5.000000,113,138,3.040000,4.040000,1.000000,1.428163,-2.474034,2.856658,2.408483,1.245570,2.492391,-1.246821,-1.558992,12.926373,-7.864093,0.521733,0.006329,0.771323
289,deceleration,15,43.000000,236,245,7.960000,8.320000,0.360000,-0.786691,5.394571,5.451631,5.133886,2.781458,3.066145,-0.284688,-0.851928,9.726056,2.472164,1.475308,1.296591,1.020188
290,deceleration,15,3.000000,259,304,8.880000,10.680000,1.800000,-3.013523,8.975224,9.467627,7.491649,0.312163,2.669330,-2.357166,-1.720382,52.661145,-25.731328,0.782142,0.527322,0.055722
291,turning,15,3.000000,278,292,9.640000,10.200000,0.560000,-3.018924,9.017450,9.509380,9.071682,0.673811,1.604138,-0.930328,-1.720382,52.661145,-28.726294,0.871675,0.674200,0.087875
292,avoidance,15,5.000000,113,138,3.040000,4.040000,1.000000,1.601889,-3.549497,3.894224,2.408483,1.245570,2.492391,-1.246821,-1.558992,12.926373,-7.864093,0.521733,0.006329,0.771323
293,avoidance,15,3.000000,259,301,8.880000,10.560000,1.680000,-2.724259,8.297002,8.732802,7.491649,0.374264,2.669330,-2.295066,-1.720382,52.661145,-31.971741,0.782142,0.527322,0.055722
294,conflict,16,1.000000,39,41,0.080000,0.160000,0.080000,-2.821299,-9.769295,10.168522,10.127636,0.644283,0.710232,0.065949,0.872693,278.249455,22.284229,0.755145,0.043094,1.346550
295,conflict,16,26.000000,50,223,0.520000,7.440000,6.920000,-0.175193,-0.784929,0.804242,0.247486,0.813872,2.394393,-0.113692,-0.773735,38.945290,-21.926670,0.428726,0.000080,0.051105
296,conflict,16,48.000000,238,285,8.040000,9.920000,1.880000,1.883381,3.405062,3.891217,1.843225,1.536153,2.461326,0.925173,-0.186898,23.479133,10.775740,0.750233,0.143126,0.262192
297,deceleration,16,1.000000,95,104,2.320000,2.680000,0.360000,-1.442511,-5.551024,5.735391,5.344789,1.872234,2.165397,-0.293162,-0.773735,17.633074,8.285986,0.432060,0.021513,0.833191
298,deceleration,16,24.000000,136,141,3.960000,4.160000,0.200000,-0.781245,-2.864683,2.969302,2.794152,1.427841,1.580694,-0.152852,-0.642924,16.205028,5.237349,0.499812,0.077379,1.309040
299,deceleration,16,24.000000,158,163,4.840000,5.040000,0.200000,-0.568482,-1.792311,1.880306,1.721180,1.006463,1.120049,-0.113586,-0.641426,14.700200,3.522689,0.529144,0.090552,0.867915
300,deceleration,16,1.000000,303,356,10.640000,12.760000,2.120000,2.896269,8.671091,9.142002,7.424598,0.312984,2.347566,-2.034582,-1.336298,90.841333,-46.398547,0.865878,0.817850,0.061912
301,turning,16,1.000000,39,48,0.080000,0.440000,0.360000,-2.821299,-9.769295,10.168522,9.850590,0.644283,1.217169,0.572886,0.872693,278.249455,55.653927,0.710679,0.043094,0.093499
302,turning,16,14.000000,168,171,5.240000,5.360000,0.120000,-0.494936,-1.411220,1.495495,1.432904,0.813872,0.877239,-0.063367,-0.391797,38.945290,-6.605567,0.511222,0.048451,1.882090
303,turning,16,17.000000,341,356,12.160000,12.760000,0.600000,2.992549,9.550134,10.008017,9.798213,0.312984,0.924483,-0.611499,-1.135453,90.841333,-45.881224,0.957137,0.868940,0.061912
304,avoidance,16,1.000000,40,48,0.120000,0.440000,0.320000,-2.798416,-9.756867,10.150251,9.850590,0.664522,1.217169,0.552647,0.996341,251.067533,43.962395,0.710679,0.081638,0.093499
305,avoidance,16,1.000000,95,104,2.320000,2.680000,0.360000,-1.545775,-5.779902,5.983034,5.344789,1.872234,2.165397,-0.293162,-0.773735,17.633074,8.285986,0.432060,0.021513,0.833191
306,avoidance,16,24.000000,136,141,3.960000,4.160000,0.200000,-0.761602,-2.688354,2.794152,2.794152,1.427841,1.580694,-0.152852,-0.642924,16.205028,5.237349,0.499812,0.077379,1.309040
307,avoidance,16,24.000000,158,171,4.840000,5.360000,0.520000,-0.494936,-1.411220,1.495495,1.432904,0.813872,1.120049,-0.306177,-0.641426,38.945290,-8.687168,0.511222,0.048451,0.867915
308,conflict,17,16.000000,50,59,0.520000,0.880000,0.360000,-3.553635,-8.954831,9.634175,9.179933,1.315300,1.597317,0.274799,0.412405,21.293825,7.358774,0.844479,0.014994,1.486158
309,conflict,17,16.000000,68,78,1.240000,1.640000,0.400000,-3.081146,-7.924403,8.502331,7.840014,1.837975,1.863132,0.015329,0.010594,19.158737,-2.345476,0.654990,0.298262,0.261473
310,conflict,17,50.000000,107,278,2.800000,9.640000,6.840000,-0.379091,-1.002232,1.071531,0.309790,0.889793,1.973674,-0.013297,-0.826069,55.541693,18.603567,0.260436,0.001038,0.055459
311,conflict,17,40.000000,286,336,9.960000,11.960000,2.000000,1.598239,5.575183,5.799744,4.499129,1.204704,2.383124,-0.421343,-1.126133,61.398398,-30.317681,0.483719,0.014528,0.081391
312,conflict,17,20.000000,360,374,12.920000,13.480000,0.560000,3.788920,8.887551,9.661495,9.427967,0.405644,1.126980,-0.721336,-1.521988,119.602557,-17.592299,0.727391,0.358923,0.439517
313,deceleration,17,50.000000,130,139,3.720000,4.080000,0.360000,-1.225725,-3.418685,3.631778,3.356047,1.346748,1.662688,-0.315940,-0.826069,12.667446,-5.081208,0.496638,0.016212,0.819661
314,deceleration,17,48.000000,260,265,8.920000,9.120000,0.200000,1.119740,2.628713,2.857263,2.638174,1.668220,1.891864,-0.223644,-0.743247,7.456042,-1.997165,0.849738,0.256092,0.392531
315,deceleration,17,40.000000,296,320,10.360000,11.320000,0.960000,1.886236,6.375665,6.648834,5.442910,1.298686,2.313312,-1.014626,-1.126133,47.209858,-7.982312,0.539143,0.014528,0.191859
316,deceleration,17,20.000000,340,349,12.120000,12.480000,0.360000,2.989905,8.087380,8.622369,8.313587,1.311099,1.929067,-0.617968,-1.424968,18.260938,-8.126356,1.295660,0.945457,0.850347
317,deceleration,17,20.000000,356,375,12.760000,13.520000,0.760000,3.629136,8.825801,9.542819,9.226580,0.370241,1.330000,-0.959759,-1.521988,144.532596,-15.548334,0.727391,0.358923,0.439517
318,turning,17,16.000000,39,45,0.080000,0.320000,0.240000,-3.786822,-9.371514,10.107686,9.961849,0.353060,0.848282,0.495222,1.987902,155.584407,-17.931007,1.021940,1.056848,0.848265
319,turning,17,50.000000,160,173,4.920000,5.440000,0.520000,-0.554214,-2.147996,2.218341,1.899026,0.889793,1.048779,-0.148892,-0.571543,52.554540,24.601922,0.366724,0.005897,0.288081
320,turning,17,26.000000,184,200,5.880000,6.520000,0.640000,-0.432142,-1.135714,1.215151,0.731865,1.110773,1.271661,0.160888,0.069740,55.541693,-35.406673,0.346068,0.001038,0.704694
321,turning,17,1.000000,319,328,11.280000,11.640000,0.360000,2.116672,7.063522,7.373848,7.133655,1.204704,1.363458,0.034639,-0.840994,61.398398,-23.754338,0.483719,0.419103,0.081391
322,turning,17,20.000000,359,378,12.880000,13.640000,0.760000,3.922184,8.951728,9.773278,9.377871,0.305677,1.203364,-0.897686,-1.521988,193.392894,7.919291,0.727391,0.358923,0.439517
323,avoidance,17,16.000000,40,45,0.120000,0.320000,0.200000,-3.746491,-9.267606,9.996235,9.961849,0.432432,0.848282,0.415850,2.023151,137.828527,-11.847854,1.050216,1.056848,1.415814
324,avoidance,17,50.000000,130,139,3.720000,4.080000,0.360000,-1.225725,-3.418685,3.631778,3.356047,1.346748,1.662688,-0.315940,-0.826069,12.667446,-5.081208,0.496638,0.016212,0.819661
325,avoidance,17,50.000000,160,173,4.920000,5.440000,0.520000,-0.632747,-2.285235,2.371217,1.899026,0.889793,1.048779,-0.148892,-0.571543,52.554540,24.601922,0.366724,0.005897,0.288081
326,avoidance,17,26.000000,184,200,5.880000,6.520000,0.640000,-0.379091,-1.002232,1.071531,0.731865,1.110773,1.271661,0.160888,0.069740,55.541693,-35.406673,0.346068,0.001038,0.704694
327,avoidance,17,48.000000,260,265,8.920000,9.120000,0.200000,1.091751,2.485577,2.714777,2.638174,1.668220,1.891864,-0.223644,-0.743247,7.456042,-1.997165,0.849738,0.256092,0.392531
328,avoidance,17,40.000000,296,328,10.360000,11.640000,1.280000,1.598239,5.575183,5.799744,5.442910,1.204704,2.313312,-0.949854,-1.126133,61.398398,-29.662843,0.483719,0.014528,0.081391
329,avoidance,17,20.000000,340,378,12.120000,13.640000,1.520000,3.788920,8.887551,9.661495,8.313587,0.305677,1.929067,-1.623389,-1.521988,193.392894,2.448093,0.727391,0.358923,0.439517
330,conflict,18,43.000000,39,62,0.080000,1.000000,0.920000,5.522379,-8.522063,10.154911,9.290918,0.307900,1.595916,1.288016,0.615148,237.202271,-35.040251,0.677839,0.023315,0.249527
331,conflict,18,58.000000,89,283,2.080000,9.840000,7.760000,-0.869794,-2.173256,2.340850,2.336730,0.884699,2.165329,-0.695927,-0.778504,88.425863,-9.753298,0.310895,0.000252,0.063792
332,conflict,18,43.000000,366,431,13.160000,15.760000,2.600000,-5.416725,8.141055,9.778430,7.620234,0.069383,1.785499,-1.716115,-1.441747,338.997293,-77.550222,0.690752,0.287161,0.065880
333,conflict,18,43.000000,447,452,16.400000,16.600000,0.200000,-5.331443,8.168030,9.754025,9.754025,0.040168,0.178901,0.138733,-0.077185,359.733829,-11.807368,0.731386,0.731841,0.060627
334,deceleration,18,28.000000,115,141,3.120000,4.160000,1.040000,1.769671,-3.413171,3.844668,3.584887,1.169149,1.917509,-0.748360,-0.778504,52.114955,18.111626,0.907051,0.000645,1.307016
335,deceleration,18,43.000000,394,410,14.280000,14.920000,0.640000,-5.490784,7.639531,9.408036,9.049271,0.669461,1.447698,-0.778237,-1.441747,35.560233,-9.036771,0.719204,0.581912,0.065880
336,deceleration,18,43.000000,421,426,15.360000,15.560000,0.200000,-5.400670,8.232615,9.845973,9.778430,0.363712,0.510465,-0.146752,-1.035135,156.398755,8.841189,0.713769,0.287161,1.181869
337,turning,18,43.000000,39,49,0.080000,0.480000,0.400000,5.601673,-8.612901,10.274279,10.015592,0.307900,1.047192,0.739292,1.421619,237.202271,-41.845875,0.750976,0.023315,1.132731
338,turning,18,28.000000,139,148,4.080000,4.440000,0.360000,1.402156,-3.184333,3.479370,3.385544,1.023016,1.228323,-0.205307,-0.698449,59.786066,24.090571,0.907826,0.018390,1.474875
339,turning,18,62.000000,174,179,5.480000,5.680000,0.200000,0.043453,-2.819521,2.819856,2.773311,1.065459,1.134964,-0.069505,-0.433687,43.454720,-10.724978,0.314943,0.001509,0.957465
340,turning,18,38.000000,204,210,6.680000,6.920000,0.240000,-0.951742,-2.134126,2.336730,2.336730,1.095072,1.148869,0.053798,0.014056,47.984615,14.360763,0.963198,0.000252,0.847212
341,turning,18,58.000000,248,260,8.440000,8.920000,0.480000,-3.007204,-1.410720,3.321657,3.186035,1.006885,1.177920,-0.139775,-0.565569,88.425863,-41.250665,0.415445,0.075322,0.076219
342,turning,18,43.000000,424,426,15.480000,15.560000,0.080000,-5.401741,8.249800,9.860933,9.827769,0.363712,0.453229,-0.089516,-1.035135,156.398755,4.923451,0.713769,0.400042,1.181869
343,avoidance,18,43.000000,40,49,0.120000,0.480000,0.360000,5.522379,-8.522063,10.154911,10.015592,0.364014,1.047192,0.683177,1.496842,213.004203,-31.557611,0.750976,0.023315,1.132731
344,avoidance,18,28.000000,115,148,3.120000,4.440000,1.320000,2.297120,-3.826427,4.462993,3.385544,1.023016,1.917509,-0.894493,-0.778504,59.786066,37.400059,0.907051,0.000645,1.307016
345,avoidance,18,62.000000,174,179,5.480000,5.680000,0.200000,0.043453,-2.819521,2.819856,2.773311,1.065459,1.134964,-0.069505,-0.433687,43.454720,-10.724978,0.314943,0.001509,0.957465
346,avoidance,18,38.000000,204,210,6.680000,6.920000,0.240000,-0.869794,-2.173256,2.340850,2.336730,1.095072,1.148869,0.053798,0.014056,47.984615,14.360763,0.963198,0.000252,0.847212
347,avoidance,18,58.000000,248,260,8.440000,8.920000,0.480000,-2.783201,-1.550680,3.186035,3.186035,1.006885,1.177920,-0.139775,-0.565569,88.425863,-41.250665,0.415445,0.075322,0.076219
348,avoidance,18,43.000000,394,410,14.280000,14.920000,0.640000,-5.482639,7.887030,9.605445,9.049271,0.669461,1.447698,-0.778237,-1.441747,35.560233,-9.036771,0.719204,0.581912,0.065880
349,avoidance,18,43.000000,421,426,15.360000,15.560000,0.200000,-5.416725,8.141055,9.778430,9.778430,0.363712,0.510465,-0.146752,-1.035135,156.398755,8.841189,0.713769,0.287161,1.181869
350,conflict,19,44.000000,39,51,0.080000,0.560000,0.480000,-5.490566,-8.282573,9.937169,9.809412,0.861865,1.446687,0.579336,-0.520642,98.144810,45.868870,0.594505,0.434857,0.091846
351,conflict,19,63.000000,58,80,0.840000,1.720000,0.880000,-7.156135,-6.732750,9.825487,9.710605,2.164233,3.032437,0.868204,0.381127,41.363314,-20.163228,0.747613,0.535176,0.067168
352,conflict,19,44.000000,215,288,7.120000,10.040000,2.920000,4.494754,8.778006,9.861856,9.683855,0.058021,3.805472,-3.638195,-3.198126,357.801112,50.520453,0.823953,0.031124,0.347908
353,deceleration,19,44.000000,217,262,7.200000,9.000000,1.800000,4.866174,8.558847,9.845482,9.790444,0.332087,3.784937,-3.452850,-3.198126,141.548556,-11.792841,0.823953,0.031124,0.748026
354,turning,19,44.000000,39,50,0.080000,0.520000,0.440000,-5.564422,-8.126622,9.849100,9.809412,0.861865,1.336761,0.469410,-0.520642,98.144810,43.211722,0.601190,0.434857,0.091846
355,turning,19,63.000000,57,60,0.800000,0.920000,0.120000,-6.248819,-7.698729,9.915552,9.902251,2.085251,2.276764,0.191513,1.772374,41.363314,-6.526594,0.935432,0.679063,1.136670
356,turning,19,7.000000,84,86,1.880000,1.960000,0.080000,-8.058979,-5.320676,9.656953,9.636959,3.059231,3.194080,0.134849,0.759211,36.163141,-3.745370,0.837687,1.886433,0.266995
357,turning,19,44.000000,250,254,8.520000,8.680000,0.160000,5.211523,8.291344,9.793180,9.790444,0.664849,0.943897,-0.279048,-2.309295,40.497469,11.790444,0.828986,0.270017,0.862523
358,turning,19,44.000000,260,262,8.920000,9.000000,0.080000,5.409331,8.229742,9.848325,9.839395,0.332087,0.412855,-0.080768,-1.025456,141.548556,-0.328100,0.865465,0.336955,0.748026
359,turning,19,44.000000,271,277,9.360000,9.600000,0.240000,5.427595,8.182675,9.819112,9.716861,0.309632,0.367231,-0.017896,-0.577968,123.121893,4.614126,0.976875,0.768139,0.670705
360,avoidance,19,44.000000,40,60,0.120000,0.920000,0.800000,-5.501187,-8.249659,9.915641,9.809412,0.861865,2.276764,1.413977,-0.232529,98.144810,27.272504,0.594505,0.487859,0.091846
361,avoidance,19,7.000000,84,86,1.880000,1.960000,0.080000,-8.110159,-5.205411,9.636959,9.636959,3.059231,3.194080,0.134849,0.759211,36.163141,-3.745370,0.837687,1.886433,0.266995
362,avoidance,19,44.000000,217,262,7.200000,9.000000,1.800000,4.494754,8.778006,9.861856,9.790444,0.332087,3.784937,-3.452850,-3.198126,141.548556,-11.792841,0.823953,0.031124,0.748026
363,avoidance,19,44.000000,271,277,9.360000,9.600000,0.240000,5.427595,8.182675,9.819112,9.716861,0.309632,0.367231,-0.017896,-0.577968,123.121893,4.614126,0.976875,0.768139,0.670705
364,conflict,20,24.000000,76,154,1.560000,4.680000,3.120000,-0.621823,-2.492798,2.569184,0.875527,1.052763,3.174813,-1.459615,-1.614603,35.857095,-15.192972,0.436363,0.003017,0.053263
365,conflict,20,10.000000,168,201,5.240000,6.560000,1.320000,2.869563,2.069284,3.537843,2.140804,1.829123,2.269121,-0.180277,-0.837022,26.893604,24.055623,0.710464,0.455691,0.065186
366,conflict,20,17.000000,330,336,11.720000,11.960000,0.240000,4.708392,8.890549,10.060359,10.057497,0.050245,0.066691,0.016445,0.041773,115.019096,-11.766162,1.071312,0.472738,1.238806
367,conflict,20,17.000000,360,374,12.920000,13.480000,0.560000,4.554881,8.711989,9.830854,9.830005,0.015752,0.308570,-0.022686,-0.388884,458.055726,167.143211,0.727391,0.358923,0.439517
368,deceleration,20,41.000000,93,132,2.240000,3.800000,1.560000,0.425068,-1.080427,1.161036,0.944275,1.116756,3.011764,-1.895008,-1.614603,20.956392,11.553152,0.436363,0.003017,0.105485
369,deceleration,20,10.000000,186,193,5.960000,6.240000,0.280000,3.057279,2.462601,3.925730,3.626000,1.962458,2.214414,-0.251956,-0.837022,26.893604,7.677764,1.218178,0.470646,0.397280
370,deceleration,20,19.000000,233,278,7.840000,9.640000,1.800000,4.466219,7.956293,9.124128,7.449434,0.331353,2.552859,-2.221506,-1.836285,132.746432,-24.188137,0.823953,0.595122,0.061774
371,turning,20,44.000000,39,44,0.080000,0.280000,0.200000,-4.404370,-8.557268,9.624204,9.303532,1.447171,1.817537,0.370366,1.660449,80.749646,-12.274533,1.021940,1.698539,1.050385
372,turning,20,1.000000,271,278,9.360000,9.640000,0.280000,4.649226,8.840930,9.988861,9.861924,0.331353,0.639561,-0.308208,-1.305603,132.746432,-25.309983,0.976875,2.486585,1.251013
373,turning,20,46.000000,376,380,13.560000,13.720000,0.160000,4.609325,8.713217,9.857283,9.857283,0.320171,0.344766,0.001880,-0.272176,212.240825,-4.204162,0.736089,2.887723,0.445772
374,avoidance,20,41.000000,93,132,2.240000,3.800000,1.560000,-0.621823,-2.492798,2.569184,0.944275,1.116756,3.011764,-1.895008,-1.614603,20.956392,11.553152,0.436363,0.003017,0.105485
375,avoidance,20,10.000000,186,193,5.960000,6.240000,0.280000,2.916991,2.153842,3.626000,3.626000,1.962458,2.214414,-0.251956,-0.837022,26.893604,7.677764,1.218178,0.470646,0.397280
376,avoidance,20,46.000000,376,380,13.560000,13.720000,0.160000,4.609325,8.713217,9.857283,9.857283,0.320171,0.344766,0.001880,-0.272176,212.240825,-4.204162,0.736089,2.887723,0.445772
377,conflict,21,23.000000,51,58,0.560000,0.840000,0.280000,7.049461,-7.250750,10.112778,9.751641,1.218975,1.367574,0.148599,0.617486,38.997009,9.528198,0.945339,0.385434,1.430323
378,conflict,21,43.000000,74,79,1.480000,1.680000,0.200000,5.901788,-5.921747,8.360514,8.360514,1.804967,1.906762,0.101795,0.333891,12.511152,0.223919,0.847446,0.020605,0.245531
379,conflict,21,23.000000,86,288,1.960000,10.040000,8.080000,0.039167,-1.453870,1.454397,1.436645,0.594987,1.929793,-0.439100,-1.017227,81.185402,-8.510612,0.311749,0.003207,0.066279
380,conflict,21,23.000000,331,335,11.760000,11.920000,0.160000,-3.596887,1.698667,3.977822,3.977822,1.619844,1.689181,-0.059201,-0.309059,57.162190,-4.730442,0.763648,0.405975,0.353652
381,conflict,21,23.000000,406,424,14.760000,15.480000,0.720000,-6.421116,6.136792,8.882057,8.287481,1.213654,1.569084,-0.355430,-0.728247,34.983893,-0.404954,0.673795,0.333933,0.295597
382,conflict,21,23.000000,454,459,16.680000,16.880000,0.200000,-7.203121,6.990661,10.037643,10.037643,0.123933,0.454137,0.330204,0.545398,332.764625,12.865873,0.904520,0.590209,1.089924
383,deceleration,21,44.000000,105,114,2.720000,3.080000,0.360000,4.318455,-4.202852,6.026028,5.796888,1.434592,1.841173,-0.406580,-1.017227,24.970587,0.869778,0.435849,0.296692,1.132718
384,deceleration,21,2.000000,188,191,6.040000,6.160000,0.120000,1.170056,-1.911452,2.241134,2.169622,0.904751,0.991909,-0.087157,-0.665529,36.438570,-5.149442,0.630540,0.242402,0.798449
385,deceleration,21,26.000000,345,352,12.320000,12.600000,0.280000,-3.962554,2.877282,4.896998,4.730949,1.315032,1.911844,-0.596812,-1.433318,46.125502,-5.169254,0.984164,1.581762,0.066600
386,deceleration,21,4.000000,421,447,15.360000,16.400000,1.040000,-7.054840,6.772971,9.779770,9.162975,0.349519,1.332033,-0.982514,-1.188439,161.234762,-25.147896,0.673795,0.476003,0.295597
387,turning,21,23.000000,56,59,0.760000,0.880000,0.120000,6.894166,-6.969314,9.803105,9.697902,1.337521,1.390964,0.053443,0.617486,38.997009,8.470101,0.941130,0.613197,1.374022
388,turning,21,28.000000,136,138,3.960000,4.040000,0.080000,3.166167,-3.282884,4.560914,4.509265,1.274703,1.284352,-0.009649,-0.133751,36.872709,-3.941083,0.742911,0.535683,0.777061
389,turning,21,23.000000,149,154,4.480000,4.680000,0.200000,2.689105,-2.740036,3.839152,3.698784,1.230463,1.276708,-0.028990,-0.130035,45.466267,13.865196,0.512848,0.106772,0.964687
390,turning,21,14.000000,201,209,6.560000,6.880000,0.320000,0.707290,-1.611967,1.760311,1.711223,0.754661,0.780708,-0.000134,-0.076095,56.860387,21.171767,0.451828,0.024390,0.195914
391,turning,21,25.000000,218,220,7.240000,7.320000,0.080000,0.292222,-1.564034,1.591099,1.579591,0.760073,0.797401,-0.037328,-0.333553,38.691692,-4.112856,0.451954,0.178187,1.079768
392,turning,21,23.000000,227,254,7.600000,8.680000,1.080000,-0.028249,-1.436367,1.436645,1.436645,0.594987,0.927248,0.288563,-0.234446,81.185402,-5.756529,0.311749,0.003207,0.171852
393,turning,21,37.000000,272,281,9.400000,9.760000,0.360000,-1.380317,-1.054438,1.736985,1.696508,0.804386,1.074112,0.269725,0.226708,54.283063,-19.337584,0.430723,0.414457,0.115991
394,turning,21,26.000000,333,346,11.840000,12.360000,0.520000,-3.912978,2.106844,4.444118,4.100076,1.619844,1.938000,0.204503,-1.053178,79.954808,-38.440095,0.759535,0.572976,0.148045
395,turning,21,24.000000,354,364,12.680000,13.080000,0.400000,-3.943758,3.319917,5.155102,5.020009,1.268116,1.613947,0.345831,-0.228887,59.703591,25.046716,1.218415,1.998655,0.377910
396,turning,21,18.000000,373,379,13.440000,13.680000,0.240000,-4.463888,4.368951,6.246122,6.052661,1.669734,1.691508,-0.006481,0.100114,42.617047,13.396643,1.446694,1.361189,0.080130
397,turning,21,4.000000,425,427,15.520000,15.600000,0.080000,-6.800256,6.434280,9.361807,9.361807,1.153858,1.189201,-0.035343,-0.819136,35.626813,-3.283061,0.684771,1.194722,0.343360
398,turning,21,23.000000,457,459,16.800000,16.880000,0.080000,-7.196493,7.020945,10.054014,10.037643,0.321001,0.454137,0.133136,1.616238,203.843536,1.970655,0.904520,0.590209,1.089924
399,avoidance,21,23.000000,56,59,0.760000,0.880000,0.120000,6.924295,-7.016377,9.857758,9.697902,1.337521,1.390964,0.053443,0.617486,38.997009,8.470101,0.941130,0.613197,1.374022
400,avoidance,21,44.000000,105,114,2.720000,3.080000,0.360000,4.599222,-4.427829,6.384239,5.796888,1.434592,1.841173,-0.406580,-1.017227,24.970587,0.869778,0.435849,0.296692,1.132718
401,avoidance,21,28.000000,136,138,3.960000,4.040000,0.080000,3.205142,-3.316805,4.612389,4.509265,1.274703,1.284352,-0.009649,-0.133751,36.872709,-3.941083,0.742911,0.535683,0.777061
402,avoidance,21,23.000000,149,154,4.480000,4.680000,0.200000,2.758590,-2.815335,3.941564,3.698784,1.230463,1.276708,-0.028990,-0.130035,45.466267,13.865196,0.512848,0.106772,0.964687
403,avoidance,21,2.000000,188,191,6.040000,6.160000,0.120000,1.109123,-1.864700,2.169622,2.169622,0.904751,0.991909,-0.087157,-0.665529,36.438570,-5.149442,0.630540,0.242402,0.798449
404,avoidance,21,14.000000,201,209,6.560000,6.880000,0.320000,0.821203,-1.670291,1.861249,1.711223,0.754661,0.780708,-0.000134,-0.076095,56.860387,21.171767,0.451828,0.024390,0.195914
405,avoidance,21,25.000000,218,254,7.240000,8.680000,1.440000,0.039167,-1.453870,1.454397,1.436645,0.594987,0.927248,0.129847,-0.408255,81.185402,-16.386628,0.311749,0.003207,0.171852
406,avoidance,21,37.000000,272,281,9.400000,9.760000,0.360000,-1.271687,-1.122921,1.696508,1.696508,0.804386,1.074112,0.269725,0.226708,54.283063,-19.337584,0.430723,0.414457,0.115991
407,avoidance,21,26.000000,333,350,11.840000,12.520000,0.680000,-3.685703,1.796166,4.100076,4.100076,1.441272,1.938000,-0.201634,-1.433318,79.954808,-41.832405,0.759535,0.572976,0.066600
408,avoidance,21,4.000000,421,447,15.360000,16.400000,1.040000,-6.656244,6.297184,9.162975,9.162975,0.349519,1.332033,-0.982514,-1.188439,161.234762,-25.147896,0.673795,0.476003,0.295597
409,conflict,22,10.000000,76,185,1.560000,5.920000,4.360000,-3.512053,-3.486630,4.948849,0.041195,2.038719,3.712522,-1.097969,-1.570328,14.106125,-0.825061,0.688307,0.000994,0.100275
410,conflict,22,19.000000,215,225,7.120000,7.520000,0.400000,5.746847,5.309637,7.824225,7.824225,2.268064,2.576829,-0.295701,-1.285350,8.401618,-1.871100,2.310936,0.126867,1.531375
411,conflict,22,5.000000,378,383,13.640000,13.840000,0.200000,7.167468,7.096873,10.086536,10.086536,0.420553,0.473741,0.006820,-0.489050,88.157138,6.378698,0.990188,0.014776,1.647454
412,deceleration,22,41.000000,100,129,2.520000,3.680000,1.160000,-0.550404,-0.522894,0.759186,0.144181,2.072902,3.563675,-1.490773,-1.570328,8.920756,-0.050417,0.826885,0.035363,0.908921
413,deceleration,22,44.000000,217,252,7.200000,8.600000,1.400000,7.202419,7.012029,10.052034,8.026006,0.458185,2.560901,-2.101966,-2.616516,63.821502,28.344477,1.477980,0.365217,0.493878
414,turning,22,19.000000,39,48,0.080000,0.440000,0.360000,-7.143058,-7.159951,10.113761,9.833241,0.377303,1.305225,0.927922,1.859247,250.767324,-41.352489,0.878838,0.682027,0.127746
415,turning,22,44.000000,244,261,8.280000,8.960000,0.680000,7.339544,7.378687,10.407398,10.134602,0.304454,0.970268,-0.665813,-2.512942,75.855273,36.031672,1.152297,0.962837,0.167632
416,turning,22,5.000000,276,288,9.560000,10.040000,0.480000,7.294998,7.394264,10.387114,10.200674,0.309121,0.525057,0.028593,-0.874416,182.232348,-3.734640,0.959291,0.912209,0.077516
417,turning,22,46.000000,360,365,12.920000,13.120000,0.200000,7.106377,7.236143,10.142108,10.140282,0.303420,0.366843,-0.043028,-0.559016,215.149765,7.209513,1.007023,2.420899,0.510808
418,turning,22,5.000000,376,385,13.560000,13.920000,0.360000,7.079810,7.212528,10.106645,10.085151,0.326625,0.473741,0.018869,-0.555158,186.771896,6.214332,0.946841,0.014776,0.938921
419,turning,22,44.000000,392,399,14.200000,14.480000,0.280000,7.071638,6.952979,9.917256,9.917256,0.312167,0.440492,0.025878,-0.236987,302.161670,-10.873763,0.960514,1.076743,0.691579
420,turning,22,44.000000,405,413,14.720000,15.040000,0.320000,7.051622,6.978723,9.921086,9.921086,0.336606,0.478093,-0.003491,-0.540880,293.968735,-21.313954,1.042050,0.932570,0.215242
421,avoidance,22,41.000000,100,129,2.520000,3.680000,1.160000,-2.487582,-2.438153,3.483196,0.144181,2.072902,3.563675,-1.490773,-1.570328,8.920756,-0.050417,0.826885,0.035363,0.908921
422,avoidance,22,19.000000,217,240,7.200000,8.120000,0.920000,5.873735,5.469552,8.026006,8.026006,1.471026,2.560901,-1.089126,-2.414855,16.496627,2.744800,2.273831,0.365217,1.039846
423,avoidance,22,46.000000,363,365,13.040000,13.120000,0.080000,7.106377,7.236143,10.142108,10.142108,0.303420,0.352548,-0.049127,-0.559016,215.149765,3.198868,1.007023,2.420899,0.510808
424,avoidance,22,44.000000,376,398,13.560000,14.440000,0.880000,7.167468,7.096873,10.086536,9.937295,0.154750,0.473741,0.062040,-0.555158,267.398401,-88.060713,0.926476,0.014776,0.203105
425,conflict,23,21.000000,51,58,0.560000,0.840000,0.280000,7.686628,-6.351498,9.971247,9.540917,1.314288,1.609687,0.295398,0.570397,25.591360,-4.487038,0.945339,0.385434,1.430323
426,conflict,23,21.000000,76,79,1.560000,1.680000,0.120000,6.253477,-5.150722,8.101599,8.101599,1.768926,1.781412,-0.007436,-0.045675,8.451147,-1.407834,0.847446,0.020605,0.308115
427,conflict,23,21.000000,92,288,2.200000,10.040000,7.840000,1.814709,-1.661858,2.460679,1.502250,0.718519,1.694201,-0.446719,-1.034615,110.539265,9.073714,0.311749,0.001204,0.058244
428,conflict,23,21.000000,331,335,11.760000,11.920000,0.160000,-3.887718,0.933560,3.998235,3.998235,1.974983,2.009829,-0.034846,-0.047763,14.484008,4.567131,0.763648,0.405975,0.353652
429,conflict,23,21.000000,409,424,14.880000,15.480000,0.600000,-7.149786,5.832560,9.227036,8.968345,0.949441,1.151763,-0.107072,-0.938790,31.418337,11.050432,0.673795,0.333933,0.295597
430,conflict,23,21.000000,454,459,16.680000,16.880000,0.200000,-7.891653,6.404077,10.163188,10.133676,0.176528,0.204477,-0.027950,-0.141454,190.747384,-30.237095,0.904520,0.590209,1.089924
431,deceleration,23,44.000000,135,147,3.920000,4.400000,0.480000,3.360654,-2.447986,4.157719,3.831965,1.090383,1.583299,-0.492916,-1.034615,71.006579,31.366794,0.666636,0.009621,0.670440
432,deceleration,23,39.000000,252,256,8.600000,8.760000,0.160000,-0.567056,-1.755511,1.844823,1.815710,0.845972,1.034700,-0.188729,-0.757375,64.651192,-12.455428,0.338351,0.129825,0.206726
433,deceleration,23,45.000000,401,412,14.560000,15.000000,0.440000,-6.939183,5.523864,8.869348,8.537898,1.007493,1.491182,-0.483689,-1.030465,17.896337,-2.974026,0.882582,0.538434,0.734893
434,deceleration,23,45.000000,427,439,15.600000,16.080000,0.480000,-7.641231,6.300652,9.903869,9.665460,0.338780,1.031540,-0.692760,-1.503107,94.197160,27.449394,0.702845,0.946134,0.064351
435,turning,23,45.000000,39,46,0.080000,0.360000,0.280000,7.993260,-6.607168,10.370481,10.193538,0.357984,0.914810,0.556827,1.892539,146.214762,20.706113,0.931938,0.819328,0.270856
436,turning,23,44.000000,107,109,2.800000,2.880000,0.080000,4.707963,-3.948730,6.144704,6.080611,1.606171,1.637539,-0.031368,-0.195311,36.405201,-4.024032,0.435849,0.375976,1.655199
437,turning,23,44.000000,138,147,4.040000,4.400000,0.360000,3.284647,-2.371016,4.051002,3.831965,1.090383,1.455973,-0.365590,-1.034615,71.006579,29.250010,0.666636,0.009621,0.670440
438,turning,23,46.000000,174,180,5.480000,5.720000,0.240000,1.998594,-1.825283,2.706665,2.583395,1.045194,1.082187,-0.026214,-0.059939,45.854804,-12.105104,0.420918,0.022879,1.707247
439,turning,23,14.000000,188,200,6.040000,6.520000,0.480000,1.464369,-1.357289,1.996650,1.872549,0.773711,0.999724,-0.169646,-0.615975,89.523404,40.628916,0.568484,0.005375,1.250619
440,turning,23,21.000000,212,238,7.000000,8.040000,1.040000,0.740330,-1.316999,1.510819,1.502250,0.718519,0.965288,0.141175,-0.313608,110.539265,9.879737,0.364962,0.011959,0.071782
441,turning,23,39.000000,251,259,8.560000,8.880000,0.320000,-0.602251,-1.752797,1.853376,1.799734,0.777472,1.076506,-0.299033,-0.757375,64.651192,-25.163215,0.328908,0.011616,0.206726
442,turning,23,18.000000,296,299,10.360000,10.480000,0.120000,-2.260785,-0.918499,2.440244,2.377741,1.540974,1.613429,0.072455,0.665161,37.606451,-5.354735,0.754786,2.475457,0.243566
443,turning,23,45.000000,432,445,15.800000,16.320000,0.520000,-7.713024,6.342813,9.986091,9.873208,0.310693,0.758778,-0.448085,-1.503107,94.197160,40.814705,0.739259,0.946134,0.064351
444,avoidance,23,45.000000,40,46,0.120000,0.360000,0.240000,7.940558,-6.544297,10.289815,10.193538,0.433830,0.914810,0.480981,1.906829,131.371959,14.949391,0.931938,0.819328,0.757809
445,avoidance,23,44.000000,107,109,2.800000,2.880000,0.080000,4.756595,-3.990962,6.209105,6.080611,1.606171,1.637539,-0.031368,-0.195311,36.405201,-4.024032,0.435849,0.375976,1.655199
446,avoidance,23,44.000000,135,147,3.920000,4.400000,0.480000,3.322207,-2.407843,4.103019,3.831965,1.090383,1.583299,-0.492916,-1.034615,71.006579,31.366794,0.666636,0.009621,0.670440
447,avoidance,23,46.000000,174,180,5.480000,5.720000,0.240000,1.903021,-1.747124,2.583395,2.583395,1.045194,1.082187,-0.026214,-0.059939,45.854804,-12.105104,0.420918,0.022879,1.707247
448,avoidance,23,14.000000,188,200,6.040000,6.520000,0.480000,1.665437,-1.505037,2.244731,1.872549,0.773711,0.999724,-0.169646,-0.615975,89.523404,40.628916,0.568484,0.005375,1.250619
449,avoidance,23,21.000000,212,238,7.000000,8.040000,1.040000,0.333525,-1.651843,1.685178,1.502250,0.718519,0.965288,0.141175,-0.313608,110.539265,9.879737,0.364962,0.011959,0.071782
450,avoidance,23,39.000000,251,259,8.560000,8.880000,0.320000,-0.694237,-1.725934,1.860326,1.799734,0.777472,1.076506,-0.299033,-0.757375,64.651192,-25.163215,0.328908,0.011616,0.206726
451,avoidance,23,18.000000,296,299,10.360000,10.480000,0.120000,-2.309492,-0.875661,2.469926,2.377741,1.540974,1.613429,0.072455,0.665161,37.606451,-5.354735,0.754786,2.475457,0.243566
452,avoidance,23,45.000000,401,412,14.560000,15.000000,0.440000,-7.070459,5.708772,9.087435,8.537898,1.007493,1.491182,-0.483689,-1.030465,17.896337,-2.974026,0.882582,0.538434,0.734893
453,avoidance,23,45.000000,427,445,15.600000,16.320000,0.720000,-7.724633,6.347943,9.998317,9.665460,0.310693,1.031540,-0.720847,-1.503107,94.197160,42.246822,0.702845,0.946134,0.064351
454,conflict,24,20.000000,76,251,1.560000,8.560000,7.000000,3.690676,-2.083250,4.238044,0.581960,0.274980,3.271084,-1.655321,-1.814002,74.212991,7.636029,0.331319,0.000213,0.056126
455,conflict,24,47.000000,327,354,11.600000,12.680000,1.080000,-8.451102,4.465545,9.558358,9.558358,0.031337,0.806334,-0.728122,-2.264240,496.950611,-127.064110,1.092580,0.237460,0.626447
456,deceleration,24,20.000000,96,130,2.360000,3.720000,1.360000,2.747394,-1.544364,3.151703,1.719209,1.296223,3.050748,-1.754524,-1.814002,49.249782,19.134133,0.521918,0.000213,0.626033
457,deceleration,24,1.000000,140,149,4.120000,4.480000,0.360000,0.739939,-0.861796,1.135870,1.040858,0.715940,1.199218,-0.483278,-1.161624,10.915368,-3.271141,0.471560,0.003569,0.825870
458,deceleration,24,62.000000,178,194,5.640000,6.280000,0.640000,-0.732436,-0.258285,0.776642,0.607397,0.477437,1.277855,-0.800417,-1.455645,38.662798,-15.886895,0.401795,0.008380,0.468679
459,deceleration,24,45.000000,299,333,10.480000,11.840000,1.360000,-8.345389,4.412679,9.440193,7.301909,0.437859,2.844834,-2.406975,-2.611971,77.725602,32.956137,1.092580,0.237460,0.435865
460,turning,24,45.000000,39,44,0.080000,0.280000,0.200000,8.972285,-5.040252,10.291066,10.160117,0.317487,0.996732,0.679245,3.199699,199.176391,9.779159,0.876062,0.873941,0.062672
461,turning,24,5.000000,122,130,3.400000,3.720000,0.320000,1.672432,-0.951786,1.924299,1.719209,1.296223,1.587353,-0.291130,-0.977314,49.249782,16.472724,0.521918,0.007345,0.626033
462,turning,24,39.000000,157,166,4.800000,5.160000,0.360000,0.238828,-0.811587,0.845998,0.746025,0.785755,1.125129,0.339374,0.677675,59.991631,-24.962788,0.440983,0.009646,1.250934
463,turning,24,39.000000,189,192,6.080000,6.200000,0.120000,-0.852343,-0.172069,0.869538,0.854455,0.521944,0.657475,-0.135531,-1.245658,38.662798,-4.279288,0.477523,0.066665,0.806674
464,turning,24,57.000000,212,221,7.000000,7.360000,0.360000,-1.148083,0.116043,1.153933,1.081611,0.385185,0.883205,0.498020,0.796226,74.212991,30.302528,0.336110,0.128679,0.056126
465,turning,24,35.000000,251,253,8.560000,8.640000,0.080000,-2.571282,0.527578,2.624848,2.561914,1.526072,1.663816,0.137744,1.676091,38.288864,-3.969445,0.581441,1.182213,0.941013
466,turning,24,47.000000,322,334,11.400000,11.880000,0.480000,-8.495025,4.481798,9.604788,9.332569,0.437859,1.393832,-0.950001,-2.611971,77.725602,34.580379,1.092580,0.237460,0.435865
467,turning,24,23.000000,369,384,13.280000,13.880000,0.600000,-8.740113,4.476961,9.820018,9.820018,0.317715,0.405059,-0.002063,-0.540043,240.188124,-55.204659,0.907163,0.919079,1.248592
468,avoidance,24,20.000000,96,130,2.360000,3.720000,1.360000,3.690676,-2.083250,4.238044,1.719209,1.296223,3.050748,-1.754524,-1.814002,49.249782,19.134133,0.521918,0.000213,0.626033
469,avoidance,24,1.000000,140,149,4.120000,4.480000,0.360000,0.919052,-0.879370,1.271986,1.040858,0.715940,1.199218,-0.483278,-1.161624,10.915368,-3.271141,0.471560,0.003569,0.825870
470,avoidance,24,39.000000,157,166,4.800000,5.160000,0.360000,0.238828,-0.811587,0.845998,0.746025,0.785755,1.125129,0.339374,0.677675,59.991631,-24.962788,0.440983,0.009646,1.250934
471,avoidance,24,62.000000,178,194,5.640000,6.280000,0.640000,-0.812617,-0.203084,0.837609,0.607397,0.477437,1.277855,-0.800417,-1.455645,38.662798,-15.886895,0.401795,0.008380,0.468679
472,avoidance,24,57.000000,212,221,7.000000,7.360000,0.360000,-1.257019,0.150579,1.266006,1.081611,0.385185,0.883205,0.498020,0.796226,74.212991,30.302528,0.336110,0.128679,0.056126
473,avoidance,24,35.000000,251,253,8.560000,8.640000,0.080000,-2.630857,0.553241,2.688398,2.561914,1.526072,1.663816,0.137744,1.676091,38.288864,-3.969445,0.581441,1.182213,0.941013
474,avoidance,24,45.000000,312,334,11.000000,11.880000,0.880000,-8.451102,4.465545,9.558358,8.621585,0.437859,2.095337,-1.651505,-2.611971,77.725602,37.932742,1.092580,0.237460,0.435865
475,conflict,25,54.000000,44,303,0.280000,10.640000,10.360000,-2.771446,-1.450366,3.128014,0.808862,0.182558,2.293711,1.504197,-1.227949,104.151053,4.901308,0.228894,0.000006,0.053579
476,conflict,25,48.000000,309,334,10.880000,11.880000,1.000000,2.181002,0.501575,2.237933,1.979780,2.213203,2.396557,-0.148371,-0.317971,3.889514,-0.354967,0.883916,0.001361,0.700972
477,conflict,25,63.000000,389,397,14.080000,14.400000,0.320000,8.399678,4.392573,9.478887,9.019504,1.332996,1.685437,-0.351926,-2.287817,21.467242,0.368562,0.853987,0.764912,0.170521
478,conflict,25,63.000000,449,454,16.480000,16.680000,0.200000,8.982664,4.662812,10.120775,10.120775,0.256375,0.295577,-0.038202,-0.233545,140.701665,18.459238,0.849218,0.550837,1.210568
479,deceleration,25,54.000000,137,151,4.000000,4.560000,0.560000,-3.425756,-1.762189,3.852417,3.608813,0.783040,1.406765,-0.623725,-1.227949,12.109748,-1.848235,0.533165,0.003569,0.168103
480,deceleration,25,14.000000,206,217,6.760000,7.200000,0.440000,-1.252985,-1.002309,1.604554,1.467431,0.567104,1.018548,-0.451444,-1.003216,85.578841,-11.875945,0.506386,0.011100,0.739505
481,deceleration,25,63.000000,378,405,13.640000,14.720000,1.080000,8.512084,4.451944,9.606008,8.178179,0.557354,2.131853,-1.574499,-2.370443,42.052058,5.747743,0.795878,0.764912,0.073618
482,deceleration,25,7.000000,413,418,15.040000,15.240000,0.200000,8.926165,4.700294,10.088072,9.999572,0.330654,0.613993,-0.283339,-1.142180,68.729640,-20.271786,0.911028,1.890860,0.051831
483,turning,25,62.000000,188,194,6.040000,6.280000,0.240000,-2.037361,-1.122963,2.326346,2.230717,0.906669,1.000688,-0.082051,-0.330064,45.294878,-12.966478,0.728603,0.102392,0.852730
484,turning,25,21.000000,212,239,7.000000,8.080000,1.080000,-0.783483,-1.124915,1.370868,1.293298,0.521306,0.770061,-0.234737,-1.000225,88.658708,-1.366796,0.395678,0.003207,0.770102
485,turning,25,14.000000,253,256,8.640000,8.760000,0.120000,-0.326160,-1.065947,1.114730,1.114730,0.303880,0.380639,-0.076760,-0.589494,88.802281,7.551784,0.467634,0.150906,0.509282
486,turning,25,61.000000,268,273,9.240000,9.440000,0.200000,-0.245003,-0.991618,1.021437,0.976057,0.311199,0.593543,0.282344,0.998284,67.448544,-11.338993,0.228894,0.111597,1.007063
487,turning,25,46.000000,401,405,14.560000,14.720000,0.160000,8.653441,4.497604,9.752460,9.719121,0.557354,0.792200,-0.234846,-2.021419,42.052058,9.215967,0.795878,0.936537,0.594895
488,turning,25,7.000000,412,418,15.000000,15.240000,0.240000,8.913017,4.698166,10.075448,9.973266,0.330654,0.646144,-0.315490,-1.142180,68.729640,-21.089178,0.897784,0.953290,0.051831
489,avoidance,25,54.000000,137,151,4.000000,4.560000,0.560000,-3.559571,-1.832775,4.003700,3.608813,0.783040,1.406765,-0.623725,-1.227949,12.109748,-1.848235,0.533165,0.003569,0.168103
490,avoidance,25,62.000000,188,194,6.040000,6.280000,0.240000,-2.141968,-1.159304,2.435573,2.230717,0.906669,1.000688,-0.082051,-0.330064,45.294878,-12.966478,0.728603,0.102392,0.852730
491,avoidance,25,21.000000,206,239,6.760000,8.080000,1.320000,-0.867079,-1.092256,1.394578,1.293298,0.521306,1.018548,-0.483224,-1.003216,88.658708,1.923717,0.395678,0.003207,0.739505
492,avoidance,25,14.000000,253,256,8.640000,8.760000,0.120000,-0.367606,-1.069943,1.131333,1.114730,0.303880,0.380639,-0.076760,-0.589494,88.802281,7.551784,0.467634,0.150906,0.509282
493,avoidance,25,61.000000,268,273,9.240000,9.440000,0.200000,-0.256199,-1.000363,1.032649,0.976057,0.311199,0.593543,0.282344,0.998284,67.448544,-11.338993,0.228894,0.111597,1.007063
494,avoidance,25,63.000000,378,412,13.640000,15.000000,1.360000,8.399678,4.392573,9.478887,8.178179,0.557354,2.131853,-1.485709,-2.370443,42.052058,9.694702,0.795878,0.764912,0.060767
495,conflict,26,6.000000,55,57,0.720000,0.800000,0.080000,9.199484,-1.927107,9.399162,9.289909,1.351265,1.384245,0.032980,0.898644,29.551084,-3.426305,0.871411,0.750893,1.387759
496,conflict,26,4.000000,70,304,1.320000,10.680000,9.360000,1.584686,0.235698,1.602118,0.209070,0.050828,1.763819,-0.548785,-1.017281,308.344325,-33.290562,0.324388,0.000080,0.052560
497,conflict,26,27.000000,367,454,13.200000,16.680000,3.480000,-8.139015,2.835483,8.618789,5.627684,0.358324,2.787010,-2.428686,-1.523353,148.706528,28.809366,0.776215,0.034607,0.522606
498,deceleration,26,17.000000,184,197,5.880000,6.400000,0.520000,1.400135,0.282327,1.428316,1.308921,0.613618,1.057961,-0.444343,-0.913639,66.286952,5.882399,0.395286,0.000080,1.055051
499,deceleration,26,61.000000,271,278,9.360000,9.640000,0.280000,0.323642,-0.238949,0.402294,0.361300,0.313228,0.682449,-0.369221,-1.017281,186.419886,26.544621,0.504847,0.036072,0.624527
500,deceleration,26,6.000000,365,407,13.120000,14.800000,1.680000,-7.159509,2.432194,7.561358,5.401884,0.901725,2.826757,-1.925032,-1.311121,95.673666,-7.153033,1.295233,0.041055,1.328765
501,deceleration,26,27.000000,440,455,16.120000,16.720000,0.600000,-9.415708,1.725347,9.572480,9.472878,0.316092,1.162818,-0.846726,-1.523353,113.830857,-44.441469,0.897416,0.089790,1.098571
502,turning,26,27.000000,39,42,0.080000,0.200000,0.120000,9.872567,-1.976915,10.068553,9.955196,0.943931,0.947224,-0.003293,0.181010,43.908814,4.395591,0.857334,0.853899,0.127050
503,turning,26,14.000000,164,167,5.080000,5.200000,0.120000,2.431359,-0.286372,2.448165,2.398176,1.370923,1.440407,-0.069484,-0.372673,40.959573,-6.343564,0.450762,0.049292,0.228447
504,turning,26,1.000000,177,184,5.600000,5.880000,0.280000,1.873199,0.161001,1.880105,1.720681,1.057961,1.211962,-0.154001,-0.604412,55.552402,19.356272,0.395286,0.018450,0.997497
505,turning,26,17.000000,195,218,6.320000,7.240000,0.920000,1.159431,0.328265,1.205006,0.899962,0.346184,0.696609,-0.350425,-0.824605,115.058974,25.411316,0.444256,0.006068,0.698376
506,turning,26,46.000000,226,233,7.560000,7.840000,0.280000,0.723385,0.048464,0.725006,0.725006,0.302424,0.371983,0.020051,-0.587772,155.798418,22.365981,0.324388,0.185284,0.396318
507,turning,26,61.000000,249,278,8.480000,9.640000,1.160000,0.755778,0.003827,0.755787,0.361300,0.313228,0.724701,-0.021745,-1.017281,204.956667,-107.515341,0.415375,0.006489,0.105065
508,turning,26,12.000000,294,304,10.280000,10.680000,0.400000,0.206225,-0.348744,0.405156,0.209070,0.319112,1.183021,0.863909,1.274191,181.122474,-30.922870,0.342281,0.348211,0.052560
509,turning,26,21.000000,312,316,11.000000,11.160000,0.160000,-0.459251,0.250213,0.522989,0.397983,1.612491,1.648406,0.035915,0.563483,42.779659,9.433289,1.363211,2.322541,1.084781
510,turning,26,6.000000,405,418,14.720000,15.240000,0.520000,-8.266011,2.847106,8.742594,8.508213,0.817160,1.218508,0.233208,-0.996844,148.706528,68.148493,1.022488,0.034607,0.522606
511,turning,26,27.000000,432,455,15.800000,16.720000,0.920000,-9.569040,1.678259,9.715096,9.277146,0.316092,1.184152,-0.864846,-1.523353,113.830857,-20.252282,0.776215,0.089790,1.098571
512,avoidance,26,27.000000,40,42,0.120000,0.200000,0.080000,9.761918,-1.952153,9.955196,9.955196,0.943931,0.945508,-0.001577,0.218331,41.519983,2.934114,0.857334,0.853899,0.127050
513,avoidance,26,14.000000,164,167,5.080000,5.200000,0.120000,2.531338,-0.347009,2.555012,2.398176,1.370923,1.440407,-0.069484,-0.372673,40.959573,-6.343564,0.450762,0.049292,0.228447
514,avoidance,26,17.000000,177,218,5.600000,7.240000,1.640000,1.584686,0.235698,1.602118,0.899962,0.346184,1.211962,-0.865778,-0.913639,115.058974,47.347930,0.395286,0.000080,0.698376
515,avoidance,26,46.000000,226,233,7.560000,7.840000,0.280000,0.801807,0.129245,0.812157,0.725006,0.302424,0.371983,0.020051,-0.587772,155.798418,22.365981,0.324388,0.185284,0.396318
516,avoidance,26,61.000000,249,278,8.480000,9.640000,1.160000,0.486107,-0.289926,0.566001,0.361300,0.313228,0.724701,-0.021745,-1.017281,204.956667,-107.515341,0.415375,0.006489,0.105065
517,avoidance,26,12.000000,294,304,10.280000,10.680000,0.400000,0.177373,-0.341249,0.384593,0.209070,0.319112,1.183021,0.863909,1.274191,181.122474,-30.922870,0.342281,0.348211,0.052560
518,avoidance,26,21.000000,312,316,11.000000,11.160000,0.160000,-0.409176,0.211471,0.460592,0.397983,1.612491,1.648406,0.035915,0.563483,42.779659,9.433289,1.363211,2.322541,1.084781
519,avoidance,26,6.000000,365,418,13.120000,15.240000,2.120000,-8.139015,2.835483,8.618789,5.401884,0.817160,2.826757,-1.608249,-1.311121,148.706528,59.140653,1.022488,0.034607,0.522606
520,avoidance,26,27.000000,432,455,15.800000,16.720000,0.920000,-9.285823,1.922873,9.482824,9.277146,0.316092,1.184152,-0.864846,-1.523353,113.830857,-20.252282,0.776215,0.089790,1.098571
521,conflict,27,50.000000,47,62,0.400000,1.000000,0.600000,9.753677,-1.149820,9.821217,9.112858,0.883131,1.698297,0.815166,0.375915,55.650161,-8.024067,0.699069,0.556390,0.157168
522,conflict,27,48.000000,85,243,1.920000,8.240000,6.320000,5.646698,-0.153232,5.648776,1.844961,0.737835,2.942741,0.301692,-2.523157,109.729969,28.469837,0.354809,0.004772,0.069019
523,conflict,27,50.000000,278,311,9.640000,10.960000,1.320000,-9.544984,0.725339,9.572504,8.873687,0.142028,2.023388,-1.881359,-2.558022,73.611246,-56.733490,0.902072,0.005681,1.181633
524,conflict,27,50.000000,336,341,11.960000,12.160000,0.200000,-9.726213,0.702395,9.751542,9.722952,0.324040,0.467911,-0.120904,-0.846329,184.789688,-2.320762,0.821179,0.785282,0.569100
525,conflict,27,26.000000,418,454,15.240000,16.680000,1.440000,-9.854324,0.822375,9.888580,9.869280,0.003735,0.055840,-0.040291,-0.103975,413.195886,94.845489,0.904225,0.089790,1.098571
526,deceleration,27,59.000000,140,166,4.120000,5.160000,1.040000,-0.140892,1.868987,1.874290,1.844961,0.742740,2.638489,-1.895749,-2.523157,91.825401,13.797244,0.354809,0.010960,0.398555
527,deceleration,27,50.000000,262,296,9.000000,10.360000,1.360000,-9.417878,0.712645,9.444802,7.419611,0.351687,2.883478,-2.531792,-2.558022,52.950200,-5.815357,1.269173,0.005681,1.139358
528,turning,27,50.000000,42,50,0.200000,0.520000,0.320000,10.050735,-1.144931,10.115738,9.869183,0.393091,1.173783,0.780692,1.950696,300.268726,-17.108750,0.846315,0.599739,0.127994
529,turning,27,59.000000,147,156,4.400000,4.760000,0.360000,0.223910,1.944644,1.957492,1.912641,1.701019,2.397998,-0.696979,-2.398550,50.759837,19.547225,0.739323,0.023711,0.398555
530,turning,27,48.000000,162,188,5.000000,6.040000,1.040000,-0.533691,1.823897,1.900376,1.844961,0.737835,1.085225,-0.016372,-2.078860,109.729969,-25.291312,0.354809,0.014323,0.795984
531,turning,27,48.000000,201,210,6.560000,6.920000,0.360000,-1.780115,2.390999,2.980887,2.871415,0.927374,1.598032,0.670658,0.622414,62.454236,24.949942,0.496435,0.394360,0.091336
532,turning,27,50.000000,280,287,9.720000,10.000000,0.280000,-9.246478,0.706724,9.273447,9.012867,1.209080,1.884087,-0.675007,-2.558022,52.950200,-18.551693,1.587299,0.333317,1.227986
533,turning,27,50.000000,333,341,11.840000,12.160000,0.320000,-9.843687,0.769911,9.873750,9.722952,0.324040,0.467911,-0.018831,-0.846329,236.724659,-3.273261,0.821179,0.785282,0.569100
534,turning,27,6.000000,352,361,12.600000,12.960000,0.360000,-9.705978,0.681009,9.729840,9.729840,0.303538,0.415037,-0.019981,-0.647961,206.650041,-16.103507,0.848156,1.726052,0.116040
535,avoidance,27,50.000000,42,50,0.200000,0.520000,0.320000,9.801415,-1.154566,9.869183,9.869183,0.393091,1.173783,0.780692,1.950696,300.268726,-17.108750,0.846315,0.599739,0.127994
536,avoidance,27,48.000000,140,188,4.120000,6.040000,1.920000,0.937022,1.817873,2.045158,1.844961,0.737835,2.638489,-1.635212,-2.523157,109.729969,4.985457,0.354809,0.010960,0.398555
537,avoidance,27,48.000000,201,210,6.560000,6.920000,0.360000,-1.631062,2.363189,2.871415,2.871415,0.927374,1.598032,0.670658,0.622414,62.454236,24.949942,0.496435,0.394360,0.091336
538,avoidance,27,50.000000,263,296,9.040000,10.360000,1.320000,-9.544984,0.725339,9.572504,7.527343,0.351687,2.848866,-2.497180,-2.558022,52.950200,-5.601365,1.269173,0.005681,1.139358
539,avoidance,27,50.000000,333,341,11.840000,12.160000,0.320000,-9.726213,0.702395,9.751542,9.722952,0.324040,0.467911,-0.018831,-0.846329,236.724659,-3.273261,0.821179,0.785282,0.569100
540,avoidance,27,6.000000,352,356,12.600000,12.760000,0.160000,-9.705978,0.681009,9.729840,9.729840,0.323519,0.415037,0.091518,0.087892,206.650041,-5.316107,0.848156,1.726052,0.116040
541,conflict,28,7.000000,46,207,0.360000,6.800000,6.440000,-2.927787,-0.764175,3.025871,2.120291,0.996723,2.826397,1.698915,-1.062127,78.009486,36.931258,0.310895,0.000645,0.052603
542,conflict,28,10.000000,215,282,7.120000,9.800000,2.680000,3.760936,-2.381322,4.451442,3.955674,1.648956,3.026902,-1.124360,-1.451324,19.455768,-1.699221,0.577277,0.000318,0.109585
543,conflict,28,49.000000,293,309,10.240000,10.880000,0.640000,9.604865,-0.087074,9.605259,9.312103,0.476044,1.186437,-0.710393,-1.481604,100.867683,-26.961484,0.908449,0.475018,0.715194
544,conflict,28,49.000000,316,318,11.160000,11.240000,0.080000,9.939890,-0.073379,9.940161,9.893360,0.477176,0.552395,-0.075219,-0.624560,95.414738,-4.219623,0.797160,0.789893,0.108438
545,conflict,28,49.000000,427,429,15.600000,15.680000,0.080000,10.027690,-0.153635,10.028867,10.024306,0.129119,0.164278,0.035158,0.155469,221.346029,6.478805,0.888384,0.676554,0.902963
546,deceleration,28,50.000000,112,141,3.000000,4.160000,1.160000,-2.206273,-1.050895,2.443771,2.165782,1.428900,2.498778,-1.069878,-1.062127,73.350150,-21.317817,0.882948,0.000645,0.941841
547,deceleration,28,10.000000,232,260,7.800000,8.920000,1.120000,6.566050,-1.151449,6.666247,5.098018,1.721844,2.910182,-1.188337,-1.451324,19.455768,-12.992262,0.577277,0.173914,0.109585
548,deceleration,28,49.000000,283,306,9.840000,10.760000,0.920000,9.264926,-0.274640,9.268996,8.745235,0.522631,1.707221,-1.184589,-1.510025,96.553087,1.921486,0.928886,0.475018,0.927143
549,deceleration,28,29.000000,318,322,11.240000,11.400000,0.160000,9.975771,-0.082711,9.976113,9.940161,0.306704,0.477176,-0.170471,-0.704085,143.841715,-21.125152,0.787284,0.789893,0.108438
550,turning,28,29.000000,40,46,0.120000,0.360000,0.240000,-9.888397,-0.142749,9.889427,9.732003,0.367217,0.996723,0.629506,2.346900,278.804751,-19.866118,0.764159,0.035522,0.124620
551,turning,28,49.000000,53,63,0.640000,1.040000,0.400000,-9.067966,-0.453395,9.079293,8.767462,1.529068,1.616528,0.019376,0.040823,56.474618,23.413836,0.355648,0.005023,0.470642
552,turning,28,18.000000,137,150,4.000000,4.520000,0.520000,-1.707318,-1.272188,2.129177,2.120291,1.357175,1.578712,-0.214717,-0.970585,78.009486,-37.531008,0.882948,0.018390,0.941841
553,turning,28,7.000000,161,173,4.960000,5.440000,0.480000,-0.981312,-2.512597,2.697428,2.513781,1.628094,1.800922,-0.171449,-0.373545,63.299606,29.656828,0.566346,0.077445,0.812593
554,turning,28,7.000000,179,191,5.680000,6.160000,0.480000,0.111980,-3.158610,3.160594,2.999405,1.644069,1.808680,0.162035,0.066909,70.193042,32.282868,0.310895,0.064846,0.718439
555,turning,28,49.000000,302,322,10.600000,11.400000,0.800000,9.998195,-0.094423,9.998641,9.605259,0.306704,0.762610,-0.455906,-1.135060,143.841715,-71.474972,0.787284,0.475018,0.108438
556,turning,28,48.000000,394,402,14.280000,14.600000,0.320000,10.050645,-0.048501,10.050762,10.050762,0.304288,0.368313,-0.034847,-0.292332,120.798785,22.690780,0.909256,0.877001,0.196734
557,avoidance,28,49.000000,40,63,0.120000,1.040000,0.920000,-9.133828,-0.436485,9.144251,8.767462,0.367217,1.616528,1.181227,0.040823,278.804751,7.369197,0.355648,0.005023,0.124620
558,avoidance,28,18.000000,112,150,3.000000,4.520000,1.520000,-2.927787,-0.764175,3.025871,2.120291,1.357175,2.498778,-1.134783,-1.062127,78.009486,-48.048375,0.882948,0.000645,0.941841
559,avoidance,28,7.000000,161,191,4.960000,6.160000,1.200000,-0.370850,-2.916993,2.940473,2.513781,1.618358,1.808680,0.009137,-0.373545,70.193042,65.648297,0.310895,0.003847,0.718439
560,avoidance,28,10.000000,232,260,7.800000,8.920000,1.120000,7.214722,-0.977072,7.280583,5.098018,1.721844,2.910182,-1.188337,-1.451324,19.455768,-12.992262,0.577277,0.173914,0.109585
561,avoidance,28,49.000000,283,322,9.840000,11.400000,1.560000,9.604865,-0.087074,9.605259,8.745235,0.306704,1.707221,-1.400516,-1.510025,143.841715,-55.543040,0.787284,0.475018,0.108438
562,conflict,29,31.000000,51,58,0.560000,0.840000,0.280000,-9.200545,0.629430,9.222050,8.649204,1.890841,2.122019,0.231178,1.123802,26.399315,2.000410,0.877777,0.063979,1.020330
563,conflict,29,3.000000,67,211,1.200000,6.960000,5.760000,-3.687381,0.452969,3.715099,0.580535,1.033220,3.494132,-0.188332,-3.199526,64.136958,-16.325610,0.325851,0.003797,0.055534
564,conflict,29,31.000000,234,251,7.880000,8.560000,0.680000,9.741368,-1.174082,9.811866,9.266761,0.712710,1.623578,-0.910868,-1.996302,156.683102,1.524714,0.903816,0.019930,1.345180
565,conflict,29,28.000000,257,293,8.800000,10.240000,1.440000,9.904889,-0.970604,9.952331,9.888962,0.079426,0.755726,-0.070424,-1.380705,412.361007,6.769237,0.725320,0.005463,0.113325
566,conflict,29,31.000000,316,322,11.160000,11.400000,0.240000,10.059230,-1.158124,10.125679,10.108914,0.082628,0.153280,-0.070653,-0.368643,78.234204,-6.990820,0.750622,0.741121,0.198362
567,deceleration,29,3.000000,123,157,3.440000,4.800000,1.360000,2.486721,0.666493,2.574489,0.580535,1.047989,3.309289,-2.251933,-3.199526,47.148441,18.114938,0.325864,0.014077,0.112565
568,deceleration,29,31.000000,222,255,7.400000,8.720000,1.320000,9.741368,-1.174082,9.811866,8.435811,0.319986,2.337835,-2.017849,-1.996302,271.767442,8.947291,0.851341,0.019930,0.449608
569,deceleration,29,28.000000,267,271,9.200000,9.360000,0.160000,9.909581,-0.940697,9.954131,9.947084,0.383214,0.687283,-0.304068,-1.098245,354.917319,12.903438,1.065281,0.005463,1.142996
570,deceleration,29,31.000000,284,288,9.880000,10.040000,0.160000,9.816004,-1.203806,9.889545,9.888962,0.304323,0.695742,-0.391419,-1.380705,301.607538,3.539653,0.752165,0.184190,0.935430
571,turning,29,28.000000,39,47,0.080000,0.400000,0.320000,-9.843579,0.809936,9.876844,9.512137,0.734764,1.577452,0.842688,2.164797,52.570246,12.148955,0.910708,0.744377,0.124620
572,turning,29,3.000000,150,155,4.520000,4.720000,0.200000,2.744793,0.685146,2.829013,2.715940,1.135357,1.639547,-0.504191,-2.968097,47.148441,11.332112,0.352936,0.051980,0.258134
573,turning,29,20.000000,161,168,4.960000,5.240000,0.280000,3.263409,0.884738,3.381213,3.194457,1.088764,1.464180,0.375416,0.591563,64.136958,-23.870512,0.373281,0.050739,0.273509
574,turning,29,49.000000,223,225,7.440000,7.520000,0.080000,8.600900,-0.032917,8.600963,8.520752,2.256251,2.314719,-0.058468,-1.008989,35.896721,-4.435204,1.028096,1.342762,0.546345
575,turning,29,31.000000,234,238,7.880000,8.040000,0.160000,9.341215,-0.622766,9.361952,9.266761,1.376193,1.623578,-0.247386,-1.757283,38.482164,-9.002425,1.293320,0.023753,1.639945
576,turning,29,28.000000,246,271,8.360000,9.360000,1.000000,9.906663,-0.895828,9.947084,9.685448,0.229430,1.113716,-0.730502,-1.996302,354.917319,147.820183,0.849106,0.005463,1.142996
577,turning,29,31.000000,277,288,9.600000,10.040000,0.440000,9.868361,-0.894416,9.908811,9.888962,0.304323,0.755726,-0.110450,-1.380705,338.636427,13.927500,0.752165,0.155722,0.566270
578,avoidance,29,28.000000,40,47,0.120000,0.400000,0.280000,-9.814771,0.796984,9.847076,9.512137,0.844896,1.577452,0.732557,2.164797,50.514854,9.753719,0.910708,0.796264,0.124620
579,avoidance,29,3.000000,123,168,3.440000,5.240000,1.800000,2.486721,0.666493,2.574489,0.580535,1.033220,3.309289,-1.835742,-3.199526,64.136958,-5.929340,0.325851,0.014077,0.112565
580,avoidance,29,31.000000,222,288,7.400000,10.040000,2.640000,9.904889,-0.970604,9.952331,8.435811,0.117272,2.337835,-2.033512,-1.996302,412.361007,-68.919265,0.752165,0.005463,0.449608
581,conflict,30,48.000000,71,156,1.360000,4.760000,3.400000,6.437359,1.476124,6.604433,1.722952,2.690231,3.928801,-0.540436,-0.829159,46.022835,24.630832,0.781568,0.008475,0.088156
582,conflict,30,32.000000,213,219,7.040000,7.280000,0.240000,-9.443519,-1.875823,9.628020,9.534019,0.752656,1.050909,-0.298253,-2.051604,55.578551,0.277830,2.421076,0.598747,0.813838
583,conflict,30,50.000000,241,251,8.160000,8.560000,0.400000,-9.930761,-1.941884,10.118840,10.114209,0.079882,0.137606,-0.038413,-0.204153,245.249994,-4.747055,1.068770,0.595812,1.156705
584,conflict,30,8.000000,261,282,8.960000,9.800000,0.840000,-9.977871,-1.955014,10.167595,10.157903,0.001463,0.157970,0.065205,-0.184620,460.603482,-176.974010,0.921280,0.472719,0.825085
585,conflict,30,8.000000,295,301,10.320000,10.560000,0.240000,-9.970801,-1.858568,10.142542,10.137496,0.004214,0.036281,-0.010035,-0.325610,326.888432,-100.477626,0.853561,0.739625,0.884558
586,deceleration,30,54.000000,84,116,1.880000,3.160000,1.280000,2.295111,1.369238,2.672516,1.723130,2.804721,3.842298,-1.037577,-0.829159,13.897828,-15.369625,1.086733,0.020777,0.789852
587,deceleration,30,32.000000,179,219,5.680000,7.280000,1.600000,-9.165307,-1.761458,9.333037,6.434295,0.752656,3.090920,-2.338263,-2.447697,55.578551,0.806598,2.017113,0.598747,0.078196
588,deceleration,30,32.000000,225,233,7.520000,7.840000,0.320000,-9.848960,-1.945610,10.039293,9.888346,0.323906,0.739282,-0.415376,-1.218528,45.586521,1.697025,1.188484,1.007733,0.247032
589,turning,30,8.000000,39,48,0.080000,0.440000,0.360000,10.024806,1.714175,10.170306,9.622769,1.140176,1.986238,0.846062,1.956930,102.791966,-24.632666,0.926681,0.834820,0.057949
590,turning,30,52.000000,120,131,3.320000,3.760000,0.440000,-0.468464,1.780303,1.840907,1.755300,2.690231,2.777723,0.052000,-0.269533,46.022835,19.975655,0.816633,0.028138,1.064487
591,turning,30,32.000000,218,225,7.240000,7.520000,0.280000,-9.562442,-1.952173,9.759676,9.678396,0.734367,0.771053,-0.031771,-0.841562,68.434425,-28.535471,1.814392,0.700814,0.506950
592,avoidance,30,52.000000,84,131,1.880000,3.760000,1.880000,1.787459,1.438909,2.294661,1.722952,2.690231,3.842298,-1.068887,-0.829159,46.022835,8.571589,0.816633,0.020777,0.789852
593,avoidance,30,32.000000,198,233,6.440000,7.840000,1.400000,-9.443519,-1.875823,9.628020,8.451082,0.323906,2.302178,-1.978272,-2.447697,68.434425,-20.203115,1.188484,0.598747,0.078196
594,conflict,31,29.000000,51,58,0.560000,0.840000,0.280000,-9.120830,1.667858,9.272071,8.637693,2.012160,2.460784,0.448624,1.549624,36.647711,12.822628,0.877777,0.063979,1.020330
595,conflict,31,3.000000,67,163,1.200000,5.040000,3.840000,0.741820,0.513413,0.902158,0.573665,1.104675,3.987840,-1.278605,-3.502228,74.913854,11.538596,0.286785,0.000354,0.098754
596,conflict,31,63.000000,169,177,5.280000,5.600000,0.320000,4.501941,1.161982,4.649482,4.470405,2.206085,2.531807,0.325722,1.032490,40.268668,-11.514275,0.867695,0.085065,1.374795
597,conflict,31,29.000000,234,251,7.880000,8.560000,0.680000,10.047821,-2.047136,10.254242,9.838905,0.364745,0.944053,-0.579308,-1.908976,54.697061,33.996855,0.903816,0.019930,1.345180
598,conflict,31,29.000000,278,293,9.640000,10.240000,0.600000,9.968179,-2.028794,10.172541,10.141281,0.102620,0.204231,-0.068281,-0.316816,181.720951,-4.492977,0.725320,0.155722,0.150715
599,conflict,31,33.000000,309,337,10.880000,12.000000,1.120000,9.953630,-1.893709,10.132171,10.115228,0.022286,0.100135,0.014466,-0.155690,310.256981,113.551416,0.750622,0.301731,1.066802
600,conflict,31,33.000000,346,364,12.360000,13.080000,0.720000,9.932742,-1.966637,10.125562,10.117685,0.027460,0.070296,0.006844,-0.056988,177.963106,-63.941102,0.755600,0.687031,0.101616
601,deceleration,31,3.000000,114,145,3.080000,4.320000,1.240000,2.446119,0.505595,2.497824,0.573665,1.118296,3.827641,-2.709345,-3.502228,59.925234,40.417565,0.336500,0.000354,0.332194
602,deceleration,31,29.000000,204,252,6.680000,8.600000,1.920000,9.541643,-1.769773,9.704383,7.750577,0.315899,2.687788,-2.371890,-2.311728,92.650542,26.165575,0.885124,0.019930,0.079146
603,turning,31,36.000000,39,47,0.080000,0.400000,0.320000,-9.706165,1.835483,9.878190,9.564497,0.543006,1.543153,1.000146,2.373026,278.370682,-41.952054,0.830474,0.723894,0.057186
604,turning,31,3.000000,132,146,3.800000,4.360000,0.560000,2.783143,0.618165,2.850967,2.092110,1.104675,2.772653,-1.667978,-3.502228,59.925234,32.212124,0.314564,0.001807,0.276035
605,turning,31,34.000000,153,180,4.640000,5.720000,1.080000,3.488000,1.117039,3.662502,3.354031,1.398716,2.677484,1.278767,0.926562,74.913854,-56.280215,0.354186,0.085065,0.908627
606,turning,31,29.000000,233,246,7.840000,8.360000,0.520000,9.728361,-1.942895,9.920476,9.810461,0.597027,1.035692,-0.438665,-2.094392,54.697061,28.848152,1.032732,0.023753,1.345180
607,turning,31,48.000000,387,397,14.000000,14.400000,0.400000,9.927982,-2.191555,10.166993,10.075725,0.301609,0.434820,-0.023210,-0.866028,186.324137,4.100401,0.900010,3.825334,1.288320
608,avoidance,31,36.000000,40,47,0.120000,0.400000,0.280000,-9.683798,1.842064,9.857441,9.564497,0.629529,1.543153,0.913623,2.493449,246.725225,-29.600016,0.830474,0.794187,0.057186
609,avoidance,31,3.000000,114,180,3.080000,5.720000,2.640000,0.741820,0.513413,0.902158,0.573665,1.104675,3.827641,-1.150157,-3.502228,74.913854,-11.694254,0.286785,0.000354,0.098754
610,avoidance,31,29.000000,219,252,7.280000,8.600000,1.320000,10.047821,-2.047136,10.254242,8.979256,0.315899,2.085860,-1.769962,-2.311728,92.650542,30.325539,0.885124,0.019930,0.182372
611,conflict,32,39.000000,81,180,1.760000,5.720000,3.960000,0.907517,2.433702,2.597401,2.436976,1.565236,3.302212,-0.669015,-1.515337,45.245211,15.413276,0.406878,0.005781,0.059235
612,conflict,32,30.000000,213,219,7.040000,7.280000,0.240000,-7.360046,-0.087986,7.360572,7.064123,3.464006,3.543905,-0.077215,-0.565014,16.013853,4.391440,2.421076,0.598747,0.813838
613,conflict,32,9.000000,293,301,10.240000,10.560000,0.320000,-9.811072,-3.058460,10.276736,10.272105,0.047618,0.089626,-0.042009,-0.226644,170.931112,-40.566110,1.205299,0.736266,0.593430
614,deceleration,32,39.000000,109,147,2.880000,4.400000,1.520000,0.588205,2.422261,2.492656,2.436976,1.629261,3.156320,-1.527059,-1.515337,12.996195,-6.167621,0.723497,0.005781,0.318528
615,deceleration,32,30.000000,220,263,7.320000,9.040000,1.720000,-8.975365,-2.425422,9.297304,7.741081,0.307611,3.460413,-3.152802,-2.398447,90.233465,-42.605286,1.058355,0.856363,0.072736
616,turning,32,30.000000,39,49,0.080000,0.480000,0.400000,9.977241,2.848649,10.375940,9.950026,0.491752,1.660874,1.169122,2.217129,285.709994,-48.989527,1.104411,1.143435,0.061616
617,turning,32,48.000000,172,179,5.400000,5.680000,0.280000,-3.091641,2.675630,4.088673,3.879284,2.203024,2.571539,0.368516,1.244112,45.245211,15.174410,0.529266,0.520074,0.063561
618,turning,32,8.000000,241,256,8.160000,8.760000,0.600000,-9.275856,-2.849622,9.703703,9.348108,0.679244,1.888953,-1.209709,-2.385330,90.233465,-45.920466,1.068770,1.099316,0.072736
619,avoidance,32,39.000000,109,147,2.880000,4.400000,1.520000,0.907517,2.433702,2.597401,2.436976,1.629261,3.156320,-1.527059,-1.515337,12.996195,-6.167621,0.723497,0.005781,0.318528
620,avoidance,32,48.000000,172,179,5.400000,5.680000,0.280000,-2.811665,2.672711,3.879284,3.879284,2.203024,2.571539,0.368516,1.244112,45.245211,15.174410,0.529266,0.520074,0.063561
621,avoidance,32,30.000000,220,234,7.320000,7.880000,0.560000,-7.724371,-0.508361,7.741081,7.741081,2.562060,3.460413,-0.898353,-2.324632,20.929600,7.269168,1.140978,0.856363,0.204792
622,conflict,33,13.000000,74,212,1.480000,7.000000,5.520000,-2.283597,4.625558,5.158547,4.582304,1.216080,2.024513,0.056881,-0.897240,63.034083,-17.868353,0.467942,0.010573,0.052178
623,conflict,33,7.000000,221,301,7.360000,10.560000,3.200000,3.969030,3.125497,5.051924,4.736369,1.801511,2.019503,0.031768,-0.392927,40.891144,-32.051891,0.439401,0.009844,0.055220
624,conflict,33,31.000000,309,393,10.880000,14.240000,3.360000,6.973055,0.489282,6.990200,6.990200,0.261216,1.885778,-1.622397,-1.254563,53.789003,-30.333207,0.749218,0.301731,0.222734
625,deceleration,33,13.000000,94,104,2.280000,2.680000,0.400000,-6.560797,3.022763,7.223652,7.009705,1.294558,1.665979,-0.371422,-0.897240,20.401165,7.083870,0.536868,0.020254,1.324530
626,deceleration,33,34.000000,364,374,13.080000,13.480000,0.400000,9.317608,-2.502066,9.647702,9.502710,0.833763,1.241266,-0.407503,-0.947067,32.023523,3.355329,0.749218,0.530962,1.224938
627,deceleration,33,34.000000,383,391,13.840000,14.160000,0.320000,9.654555,-3.045397,10.123481,9.993159,0.349902,0.775417,-0.425515,-1.254563,53.789003,-6.987357,0.900998,0.506190,1.085212
628,turning,33,34.000000,45,59,0.320000,0.880000,0.560000,-9.392637,2.590993,9.743452,9.502074,0.322152,1.402489,1.080337,1.171162,66.374814,35.205222,0.849021,1.085067,0.130757
629,turning,33,13.000000,108,118,2.840000,3.240000,0.400000,-5.878162,3.227398,6.705885,6.611906,1.216080,1.494608,0.247252,-0.227121,63.034083,26.467220,0.479193,0.366417,0.100908
630,turning,33,35.000000,126,142,3.560000,4.200000,0.640000,-5.163271,3.925643,6.486142,6.135605,1.657015,1.954607,0.284530,0.158712,40.214598,-25.104848,0.493167,0.186955,0.058200
631,turning,33,7.000000,244,249,8.280000,8.480000,0.200000,3.377950,3.738584,5.038607,5.010714,1.954229,1.983147,-0.003177,-0.117919,40.891144,-9.953908,1.740105,0.334922,0.598887
632,turning,33,34.000000,388,391,14.040000,14.160000,0.120000,9.665999,-3.073482,10.142871,10.108441,0.349902,0.548699,-0.198796,-1.254563,53.789003,-5.377999,0.900998,0.506190,1.241989
633,turning,33,31.000000,410,417,14.920000,15.200000,0.280000,9.718327,-3.100087,10.200805,10.200805,0.308433,0.346213,-0.004546,-0.353773,82.724366,14.357047,0.901142,3.972141,0.196317
634,avoidance,33,13.000000,94,118,2.280000,3.240000,0.960000,-6.620213,3.008890,7.271908,6.611906,1.216080,1.665979,-0.171371,-0.897240,63.034083,37.023612,0.467942,0.020254,0.100908
635,avoidance,33,35.000000,126,142,3.560000,4.200000,0.640000,-4.324670,4.352342,6.135605,6.135605,1.657015,1.954607,0.284530,0.158712,40.214598,-25.104848,0.493167,0.186955,0.058200
636,avoidance,33,7.000000,244,249,8.280000,8.480000,0.200000,3.566096,3.593487,5.062627,5.010714,1.954229,1.983147,-0.003177,-0.117919,40.891144,-9.953908,1.740105,0.334922,0.598887
637,avoidance,33,34.000000,364,374,13.080000,13.480000,0.400000,9.302118,-2.460143,9.621939,9.502710,0.833763,1.241266,-0.407503,-0.947067,32.023523,3.355329,0.749218,0.530962,1.224938
638,avoidance,33,34.000000,383,391,13.840000,14.160000,0.320000,9.665999,-3.073482,10.142871,9.993159,0.349902,0.775417,-0.425515,-1.254563,53.789003,-6.987357,0.900998,0.506190,1.085212
639,conflict,34,10.000000,61,74,0.960000,1.480000,0.520000,-9.119133,3.851692,9.899197,9.767004,0.535558,1.071403,0.535845,0.594053,71.181848,-34.268383,0.613513,0.139445,0.214699
640,conflict,34,35.000000,107,163,2.800000,5.040000,2.240000,-5.705077,5.656727,8.034082,5.155107,3.303764,3.778807,0.470206,-0.380221,35.939496,-48.378228,0.673702,0.021016,0.466432
641,conflict,34,63.000000,169,232,5.280000,7.800000,2.520000,5.712228,2.500974,6.235737,5.166721,2.296954,3.959825,-1.570288,-1.859918,31.371774,-47.470514,0.397504,0.011040,0.072568
642,conflict,34,10.000000,257,292,8.800000,10.200000,1.400000,8.611699,-2.939484,9.099556,9.007753,0.429536,1.619559,-1.190023,-1.569999,134.726563,57.070019,0.573709,0.028778,0.071483
643,conflict,34,33.000000,338,345,12.040000,12.320000,0.280000,9.372309,-3.941139,10.167239,10.164508,0.003571,0.024439,-0.020868,-0.052515,260.753746,19.705329,1.017083,0.595206,1.626614
644,conflict,34,33.000000,362,393,13.000000,14.240000,1.240000,9.389685,-3.917950,10.174307,10.162424,0.003318,0.133239,0.118883,-0.031629,819.200538,25.667826,0.871814,0.406947,1.085212
645,deceleration,34,29.000000,187,212,6.000000,7.000000,1.000000,6.585266,1.552385,6.765769,5.822263,2.323658,3.844607,-1.520949,-1.859918,31.371774,-24.659600,0.682940,0.011040,0.157104
646,deceleration,34,10.000000,241,271,8.160000,9.360000,1.200000,8.638223,-2.994190,9.142433,8.237263,0.825871,2.314721,-1.488850,-1.569999,33.909458,-0.636657,1.297881,0.028778,0.054677
647,deceleration,34,10.000000,284,294,9.880000,10.280000,0.400000,9.167131,-3.867325,9.949497,9.804171,0.370859,0.818669,-0.447809,-1.040027,134.726563,51.326686,0.573709,0.576000,0.071483
648,turning,34,10.000000,56,73,0.760000,1.440000,0.680000,-9.225181,3.684576,9.933784,9.794148,0.322105,0.970970,0.648865,0.594053,181.089601,-18.129594,0.624779,0.139445,0.433884
649,turning,34,35.000000,141,143,4.160000,4.240000,0.080000,-1.155165,6.050947,6.160224,6.108426,3.557465,3.603645,-0.046180,-0.380221,35.939496,-4.120777,1.154455,0.023001,0.641131
650,turning,34,10.000000,272,299,9.400000,10.480000,1.080000,9.205568,-3.880324,9.989964,9.473202,0.304428,0.849717,-0.488486,-1.040027,134.726563,87.746253,0.573709,0.188475,0.071483
651,turning,34,13.000000,407,409,14.800000,14.880000,0.080000,9.396494,-3.909614,10.177386,10.177386,0.329274,0.398534,0.069260,0.473486,195.553028,-1.696501,0.834097,3.599996,1.195180
652,turning,34,10.000000,457,459,16.800000,16.880000,0.080000,9.373889,-4.054528,10.213177,10.188670,0.314877,0.422581,0.107704,1.255285,146.560024,5.917918,0.862566,0.810984,0.572249
653,avoidance,34,10.000000,56,73,0.760000,1.440000,0.680000,-9.119133,3.851692,9.899197,9.794148,0.322105,0.970970,0.648865,0.594053,181.089601,-18.129594,0.624779,0.139445,0.433884
654,avoidance,34,35.000000,141,143,4.160000,4.240000,0.080000,-1.299153,6.073652,6.211042,6.108426,3.557465,3.603645,-0.046180,-0.380221,35.939496,-4.120777,1.154455,0.023001,0.641131
655,avoidance,34,29.000000,187,212,6.000000,7.000000,1.000000,5.712228,2.500974,6.235737,5.822263,2.323658,3.844607,-1.520949,-1.859918,31.371774,-24.659600,0.682940,0.011040,0.157104
656,avoidance,34,10.000000,241,299,8.160000,10.480000,2.320000,8.611699,-2.939484,9.099556,8.237263,0.304428,2.314721,-2.010293,-1.569999,134.726563,89.744348,0.573709,0.028778,0.054677
657,conflict,35,10.000000,126,168,3.560000,5.240000,1.680000,3.044348,6.069046,6.789800,5.966964,1.562711,2.002620,-0.114884,-0.827113,40.850595,-4.053003,0.712299,0.001974,0.067526
658,conflict,35,47.000000,246,259,8.360000,8.880000,0.520000,-4.202984,2.619900,4.952671,4.942488,1.735259,1.816075,-0.043393,-0.128418,16.500976,7.347573,1.017533,0.608240,1.399206
659,conflict,35,11.000000,380,399,13.720000,14.480000,0.760000,-8.006250,-5.177489,9.534487,9.273711,0.540896,1.126286,-0.585390,-0.947920,55.253817,-20.728202,0.729513,0.453472,0.379787
660,deceleration,35,10.000000,140,147,4.120000,4.400000,0.280000,2.284310,5.919999,6.345428,6.229638,1.639068,1.905180,-0.266113,-0.827113,36.013413,-3.214518,1.718579,0.002587,0.703446
661,deceleration,35,11.000000,387,399,14.000000,14.480000,0.480000,-8.093422,-5.377588,9.717095,9.501839,0.540896,0.969609,-0.428713,-0.947920,55.253817,-13.967234,0.729513,0.453472,1.419871
662,turning,35,9.000000,46,61,0.360000,0.960000,0.600000,8.553941,5.602963,10.225610,10.009066,0.329718,1.192852,0.863135,0.775279,132.833085,-66.847041,0.874720,0.982046,0.794781
663,turning,35,10.000000,147,151,4.400000,4.560000,0.160000,1.960594,5.860575,6.179828,6.149587,1.562711,1.639068,-0.076357,-0.661832,40.850595,-9.634449,1.818518,0.044310,0.790636
664,turning,35,33.000000,181,185,5.760000,5.920000,0.160000,-0.420631,5.831302,5.846453,5.815947,1.883391,1.924890,0.038510,0.088089,38.484095,7.251857,1.262120,1.144390,0.141727
665,turning,35,11.000000,395,404,14.320000,14.680000,0.360000,-8.174438,-5.493314,9.848752,9.742164,0.469120,0.700677,-0.231557,-0.944602,55.884412,-22.013336,0.729513,0.507506,0.248587
666,turning,35,11.000000,411,419,14.960000,15.280000,0.320000,-8.431694,-5.719418,10.188484,10.054303,0.307628,0.472686,-0.165057,-0.485558,144.889857,28.699903,0.808961,0.941078,0.100985
667,avoidance,35,10.000000,140,151,4.120000,4.560000,0.440000,2.146924,5.882325,6.261871,6.149587,1.562711,1.905180,-0.342470,-0.827113,40.850595,-12.848967,1.718579,0.002587,0.703446
668,avoidance,35,33.000000,181,183,5.760000,5.840000,0.080000,-0.420631,5.831302,5.846453,5.846453,1.883391,1.886380,-0.002989,0.088089,38.484095,3.659033,1.407530,1.161591,0.213152
669,avoidance,35,11.000000,387,414,14.000000,15.080000,1.080000,-8.006250,-5.177489,9.534487,9.501839,0.440457,0.969609,-0.529152,-0.947920,80.848372,-19.958906,0.729513,0.453472,0.055208
670,conflict,36,33.000000,74,130,1.480000,3.720000,2.240000,-6.546438,3.076535,7.233321,6.397583,1.231808,2.039188,0.802163,0.009682,41.212903,-37.915367,0.467942,0.270086,0.085151
671,conflict,36,60.000000,173,227,5.440000,7.600000,2.160000,-4.005960,-2.671339,4.814953,4.730194,1.852885,2.386381,-0.082322,-0.897774,25.629144,29.821236,0.693645,0.002078,0.061222
672,conflict,36,10.000000,330,336,11.720000,11.960000,0.240000,6.684213,-6.011432,8.989773,8.840429,1.599911,1.748461,-0.148550,-0.644019,3.565202,-1.278892,2.507693,0.635921,1.467252
673,conflict,36,52.000000,393,442,14.240000,16.200000,1.960000,8.475873,-6.017375,10.394673,10.374543,0.006936,0.120490,-0.066776,-0.200448,420.526947,-94.679828,0.939035,0.000574,0.823514
674,deceleration,36,60.000000,207,215,6.800000,7.120000,0.320000,-2.745451,-3.896352,4.766452,4.747763,1.993842,2.311451,-0.317609,-0.897774,21.979421,7.401939,0.832350,0.271950,0.629417
675,deceleration,36,10.000000,336,361,11.960000,12.960000,1.000000,7.846428,-6.024097,9.892228,9.139786,0.562615,1.599911,-1.037296,-1.383509,27.729520,16.010631,1.523267,0.793387,1.027017
676,deceleration,36,38.000000,374,379,13.480000,13.680000,0.200000,8.421173,-5.956012,10.314564,10.253848,0.312396,0.565454,-0.253058,-1.129726,114.274416,1.409002,1.286772,0.911103,1.044240
677,turning,36,34.000000,49,51,0.480000,0.560000,0.080000,-8.225920,5.543434,9.919447,9.901287,0.398636,0.526077,0.127442,1.158941,36.787188,-4.330290,0.972776,0.888991,0.925920
678,turning,36,33.000000,100,105,2.520000,2.720000,0.200000,-6.678964,3.616323,7.595153,7.458065,1.598430,1.685723,0.087292,0.286679,41.212903,-10.290303,0.500995,0.461687,0.085151
679,turning,36,38.000000,377,379,13.600000,13.680000,0.080000,8.434107,-5.955846,10.325030,10.304030,0.312396,0.434070,-0.121674,-1.129726,114.274416,-1.261571,1.286772,3.296419,1.044240
680,avoidance,36,33.000000,100,105,2.520000,2.720000,0.200000,-6.678964,3.616323,7.595153,7.458065,1.598430,1.685723,0.087292,0.286679,41.212903,-10.290303,0.500995,0.461687,0.085151
681,avoidance,36,60.000000,207,215,6.800000,7.120000,0.320000,-3.023573,-3.660499,4.747763,4.747763,1.993842,2.311451,-0.317609,-0.897774,21.979421,7.401939,0.832350,0.271950,0.629417
682,avoidance,36,10.000000,336,351,11.960000,12.560000,0.600000,6.880684,-6.015968,9.139786,9.139786,1.112897,1.599911,-0.487014,-1.233888,24.467271,4.086787,1.687908,0.793387,1.027017
683,conflict,37,42.000000,77,287,1.600000,10.000000,8.400000,1.478815,3.213688,3.537610,0.501166,0.590697,1.597416,-0.099678,-0.853826,111.912475,25.218228,0.405323,0.002742,0.065243
684,conflict,37,57.000000,311,339,10.960000,12.080000,1.120000,-1.872025,-2.820879,3.385533,2.860857,1.431643,1.708477,-0.194524,-0.576122,24.754720,-10.456814,0.717381,0.004415,0.065988
685,deceleration,37,42.000000,176,184,5.560000,5.880000,0.320000,0.838432,2.336296,2.482186,2.332818,0.951672,1.276296,-0.324624,-0.853826,38.010666,8.172943,0.415037,0.024182,0.079790
686,deceleration,37,54.000000,404,439,14.680000,16.080000,1.400000,-5.071893,-7.796702,9.301219,8.894912,0.300192,1.589987,-1.289795,-1.045500,64.508749,19.556505,0.867977,0.806775,0.339618
687,turning,37,55.000000,39,43,0.080000,0.240000,0.160000,5.731760,8.392289,10.162854,10.082218,0.419278,0.629762,0.210484,1.328692,77.664026,8.534785,0.842376,2.087464,0.438998
688,turning,37,26.000000,182,185,5.800000,5.920000,0.120000,0.747607,2.209779,2.332818,2.297106,0.930709,1.023787,-0.093078,-0.782229,38.010666,7.796879,0.415037,0.024182,1.725949
689,turning,37,61.000000,206,239,6.760000,8.080000,1.320000,0.065517,1.259393,1.261096,0.845724,0.590697,0.801029,0.131566,-0.232269,111.912475,-1.952035,0.405323,0.013581,0.149512
690,turning,37,57.000000,252,256,8.600000,8.760000,0.160000,-0.379694,0.327109,0.501166,0.501166,1.041049,1.152461,0.111412,0.545308,44.963597,-11.371210,0.640366,0.184190,1.386543
691,turning,37,21.000000,279,286,9.680000,9.960000,0.280000,-1.153226,-0.725973,1.362706,1.214417,1.077269,1.332616,0.255347,0.401487,47.928508,15.037516,0.450523,0.443903,0.068276
692,turning,37,51.000000,295,298,10.320000,10.440000,0.120000,-1.259231,-1.471437,1.936695,1.879800,1.543191,1.561970,0.011842,0.120137,40.822446,-6.843135,0.940927,2.499253,0.612449
693,turning,37,54.000000,422,432,15.400000,15.800000,0.400000,-5.473470,-8.280741,9.926205,9.772748,0.582931,0.863629,-0.280698,-0.869890,64.508749,27.888497,0.935200,0.840489,0.339618
694,avoidance,37,42.000000,176,185,5.560000,5.920000,0.360000,0.747607,2.209779,2.332818,2.297106,0.930709,1.276296,-0.345586,-0.853826,38.010666,11.355756,0.415037,0.024182,0.079790
695,avoidance,37,61.000000,206,239,6.760000,8.080000,1.320000,0.393705,1.484465,1.535786,0.845724,0.590697,0.801029,0.131566,-0.232269,111.912475,-1.952035,0.405323,0.013581,0.149512
696,avoidance,37,57.000000,252,256,8.600000,8.760000,0.160000,-0.409023,0.291834,0.502461,0.501166,1.041049,1.152461,0.111412,0.545308,44.963597,-11.371210,0.640366,0.184190,1.386543
697,avoidance,37,21.000000,279,286,9.680000,9.960000,0.280000,-1.097346,-0.601333,1.251307,1.214417,1.077269,1.332616,0.255347,0.401487,47.928508,15.037516,0.450523,0.443903,0.068276
698,avoidance,37,51.000000,295,298,10.320000,10.440000,0.120000,-1.300871,-1.595265,2.058430,1.879800,1.543191,1.561970,0.011842,0.120137,40.822446,-6.843135,0.940927,2.499253,0.612449
699,conflict,38,13.000000,67,74,1.200000,1.480000,0.280000,-5.709097,6.488545,8.642627,8.546973,1.378997,1.445183,-0.045102,0.176753,22.011068,4.382923,0.895859,0.740902,0.863773
700,conflict,38,52.000000,85,253,1.920000,8.640000,6.720000,-2.740820,1.147936,2.971507,2.199211,0.752722,1.710246,-0.065161,-0.725890,46.781763,2.410570,0.347329,0.000006,0.056068
701,conflict,38,59.000000,267,310,9.200000,10.920000,1.720000,0.162833,-3.370824,3.374754,2.890883,1.268317,1.728542,-0.457739,-0.530933,48.275642,7.041856,0.557845,0.053046,0.075243
702,conflict,38,52.000000,326,373,11.560000,13.440000,1.880000,4.035365,-6.116439,7.327687,5.521395,1.421323,1.650622,-0.076648,-0.292796,43.480465,-4.820072,0.402319,0.381869,0.103923
703,conflict,38,56.000000,381,383,13.760000,13.840000,0.080000,5.151829,-7.012433,8.701469,8.646247,1.315863,1.339163,-0.023300,-0.445834,10.942377,-0.089659,0.783153,0.774279,1.111520
704,conflict,38,56.000000,430,435,15.720000,15.920000,0.200000,6.285582,-7.980161,10.158322,10.158322,0.170205,0.314121,-0.143916,-0.500595,243.410380,41.320875,0.840262,0.449075,1.153544
705,conflict,38,13.000000,456,459,16.760000,16.880000,0.120000,6.451689,-8.004969,10.281237,10.281237,0.161305,0.163517,0.001443,-0.044415,133.474460,15.064294,0.997718,0.596148,1.674113
706,deceleration,38,62.000000,174,179,5.480000,5.680000,0.200000,-2.577510,0.699635,2.670777,2.610305,1.235318,1.427375,-0.192057,-0.725890,21.981555,4.522365,0.452588,0.009628,1.625324
707,deceleration,38,18.000000,202,207,6.600000,6.800000,0.200000,-2.179879,-0.523613,2.241883,2.235808,1.018633,1.176359,-0.157726,-0.717936,43.359942,11.523474,0.411648,0.000252,1.007799
708,deceleration,38,56.000000,394,401,14.280000,14.560000,0.280000,5.778022,-7.477959,9.450153,9.260278,0.862423,1.070964,-0.208541,-0.699676,26.290188,5.374234,1.042747,0.990792,0.286247
709,deceleration,38,13.000000,416,424,15.160000,15.480000,0.320000,6.282822,-7.811759,10.024841,9.942918,0.393413,0.679993,-0.286580,-0.792114,143.681113,-43.261533,0.993848,0.720327,0.735418
710,turning,38,13.000000,41,53,0.160000,0.640000,0.480000,-6.337443,7.631834,9.920084,9.607366,0.335179,1.069935,0.734756,0.995365,139.103806,37.308351,1.035101,0.904165,0.161369
711,turning,38,13.000000,61,64,0.960000,1.080000,0.120000,-5.938137,7.021934,9.196142,9.091714,1.230286,1.361026,0.130740,0.612339,39.260912,-6.253447,0.928729,0.861166,0.801022
712,turning,38,18.000000,187,194,6.000000,6.280000,0.280000,-2.269274,0.130206,2.273006,2.236204,1.135522,1.259120,0.118561,0.083885,46.781763,-15.744947,0.369096,0.006608,1.461246
713,turning,38,18.000000,203,208,6.640000,6.840000,0.200000,-2.155942,-0.602093,2.238437,2.231067,1.001172,1.127688,-0.126516,-0.717936,43.359942,11.609206,0.399449,0.000252,1.007799
714,turning,38,23.000000,228,235,7.640000,7.920000,0.280000,-1.758350,-1.389772,2.241263,2.235552,0.756146,1.036965,0.280819,0.386538,43.225804,12.931620,0.429657,0.046864,0.178941
715,turning,38,14.000000,307,315,10.800000,11.120000,0.320000,1.634303,-4.622186,4.902607,4.742597,1.268317,1.416296,0.130069,-0.197647,48.861351,16.680918,0.567987,0.674738,0.116358
716,turning,38,52.000000,324,328,11.480000,11.640000,0.160000,2.475354,-4.935426,5.521395,5.425969,1.540643,1.562317,-0.011442,-0.003787,43.480465,-11.235738,0.806021,0.761135,0.142950
717,turning,38,13.000000,413,430,15.040000,15.720000,0.680000,6.317818,-7.881421,10.101071,9.854668,0.314121,0.744038,-0.429918,-0.792114,143.681113,-74.080223,0.900552,0.449075,0.497768
718,avoidance,38,13.000000,61,64,0.960000,1.080000,0.120000,-5.886336,6.928948,9.091714,9.091714,1.230286,1.361026,0.130740,0.612339,39.260912,-6.253447,0.928729,0.861166,0.801022
719,avoidance,38,62.000000,174,179,5.480000,5.680000,0.200000,-2.617683,0.797130,2.736362,2.610305,1.235318,1.427375,-0.192057,-0.725890,21.981555,4.522365,0.452588,0.009628,1.625324
720,avoidance,38,18.000000,187,194,6.000000,6.280000,0.280000,-2.269274,0.130206,2.273006,2.236204,1.135522,1.259120,0.118561,0.083885,46.781763,-15.744947,0.369096,0.006608,1.461246
721,avoidance,38,18.000000,202,208,6.600000,6.840000,0.240000,-2.168765,-0.563459,2.240765,2.231067,1.001172,1.176359,-0.175187,-0.717936,43.359942,13.536664,0.399449,0.000252,1.007799
722,avoidance,38,23.000000,228,235,7.640000,7.920000,0.280000,-1.797232,-1.336543,2.239730,2.235552,0.756146,1.036965,0.280819,0.386538,43.225804,12.931620,0.429657,0.046864,0.178941
723,avoidance,38,14.000000,307,315,10.800000,11.120000,0.320000,1.477746,-4.506495,4.742597,4.742597,1.268317,1.416296,0.130069,-0.197647,48.861351,16.680918,0.567987,0.674738,0.116358
724,avoidance,38,52.000000,324,328,11.480000,11.640000,0.160000,2.577604,-5.004438,5.629249,5.425969,1.540643,1.562317,-0.011442,-0.003787,43.480465,-11.235738,0.806021,0.761135,0.142950
725,avoidance,38,56.000000,394,398,14.280000,14.440000,0.160000,5.596426,-7.377856,9.260278,9.260278,0.962482,1.070964,-0.108482,-0.697647,26.290188,3.711074,1.064642,0.990792,0.400883
726,avoidance,38,13.000000,415,430,15.120000,15.720000,0.600000,6.285582,-7.980161,10.158322,9.914692,0.314121,0.713225,-0.399105,-0.792114,143.681113,-71.152605,0.900552,0.449075,0.497768
727,conflict,39,64.000000,39,50,0.080000,0.520000,0.440000,-4.674635,8.631972,9.816473,9.681395,0.547296,0.829361,0.282065,0.220928,58.418384,-23.832044,0.614019,0.015099,0.192440
728,conflict,39,31.000000,68,71,1.240000,1.360000,0.120000,-4.352629,7.667872,8.817122,8.641153,1.417353,1.544473,0.127121,0.511882,13.453702,-1.755405,0.767408,0.681924,1.435704
729,conflict,39,64.000000,87,92,2.000000,2.200000,0.200000,-3.707980,6.238715,7.257457,7.257457,1.679821,1.738640,-0.051629,-0.239395,17.943628,0.847821,0.639576,0.507963,1.601003
730,conflict,39,24.000000,98,266,2.440000,9.160000,6.720000,-1.782078,1.265697,2.185816,1.439378,0.820431,1.800664,-0.139392,-0.517586,77.330572,-10.275828,0.332447,0.003673,0.055271
731,conflict,39,52.000000,291,295,10.160000,10.320000,0.160000,0.003580,-3.695945,3.695947,3.548199,1.730578,1.747680,-0.017102,0.070574,17.503039,-0.475418,0.986076,0.718144,1.155330
732,conflict,39,56.000000,366,408,13.160000,14.840000,1.680000,2.944712,-7.231607,7.808167,7.808167,0.516940,1.756929,-1.131823,-1.217762,136.516811,-15.805723,0.955329,0.218530,1.061039
733,deceleration,39,52.000000,307,314,10.800000,11.080000,0.280000,0.689429,-4.696058,4.746396,4.500479,1.503279,1.812124,-0.308845,-0.879995,19.250534,7.299377,0.877013,0.834045,0.056005
734,deceleration,39,56.000000,377,391,13.600000,14.160000,0.560000,3.843997,-8.033940,8.906206,8.523964,1.125854,1.697541,-0.571687,-1.062699,30.960371,11.770771,1.257482,0.350262,1.280795
735,deceleration,39,56.000000,397,409,14.400000,14.880000,0.480000,4.581264,-8.512226,9.666745,9.415011,0.480805,1.058266,-0.577461,-1.217762,145.292222,-24.447227,0.946743,0.586868,1.061039
736,turning,39,64.000000,39,52,0.080000,0.600000,0.520000,-4.646613,8.591232,9.767307,9.614007,0.547296,0.962233,0.414937,0.220928,58.418384,-29.431551,0.614019,0.015099,0.192440
737,turning,39,6.000000,202,226,6.600000,7.560000,0.960000,-1.418081,0.298815,1.449222,1.439378,0.820431,1.031337,0.210906,-0.053059,77.330572,-4.483049,0.371474,0.040361,0.075954
738,turning,39,23.000000,254,257,8.680000,8.800000,0.120000,-1.085543,-1.591634,1.926578,1.902596,1.234084,1.274600,0.040516,0.346347,39.651358,-8.145267,0.399586,0.192874,0.154926
739,turning,39,51.000000,265,272,9.120000,9.400000,0.280000,-0.964609,-2.303569,2.497379,2.353496,1.474145,1.537953,0.063808,0.164660,47.133386,15.811492,0.497196,1.027305,0.118868
740,turning,39,14.000000,333,336,11.840000,11.960000,0.120000,1.431557,-5.850776,6.023366,5.967609,1.523486,1.535155,-0.011592,-0.085250,37.286578,5.373473,0.922342,0.861193,1.082909
741,turning,39,56.000000,403,422,14.640000,15.400000,0.760000,4.675244,-8.600202,9.788840,9.637766,0.300403,0.825068,-0.524664,-1.217762,148.448093,-56.020956,0.910431,0.586868,0.104344
742,avoidance,39,64.000000,40,52,0.120000,0.600000,0.480000,-4.674635,8.631972,9.816473,9.614007,0.561927,0.962233,0.400306,0.297743,58.418384,-27.708999,0.614019,0.015099,0.192440
743,avoidance,39,6.000000,202,226,6.600000,7.560000,0.960000,-1.453481,0.427828,1.515138,1.439378,0.820431,1.031337,0.210906,-0.053059,77.330572,-4.483049,0.371474,0.040361,0.075954
744,avoidance,39,23.000000,254,257,8.680000,8.800000,0.120000,-1.105515,-1.548454,1.902596,1.902596,1.234084,1.274600,0.040516,0.346347,39.651358,-8.145267,0.399586,0.192874,0.154926
745,avoidance,39,51.000000,265,272,9.120000,9.400000,0.280000,-1.011134,-2.125217,2.353496,2.353496,1.474145,1.537953,0.063808,0.164660,47.133386,15.811492,0.497196,1.027305,0.118868
746,avoidance,39,52.000000,307,310,10.800000,10.920000,0.120000,0.609975,-4.591530,4.631870,4.500479,1.595736,1.812124,-0.216388,-0.872217,19.250534,5.667974,0.877013,0.834045,0.230721
747,avoidance,39,56.000000,377,422,13.600000,15.400000,1.800000,4.065335,-8.164083,9.120263,8.523964,0.300403,1.697541,-1.397138,-1.217762,148.448093,-50.838904,0.910431,0.350262,0.104344
748,conflict,40,47.000000,86,91,1.960000,2.160000,0.200000,1.460720,-8.412642,8.538515,8.384003,1.869087,1.906845,0.028386,0.084216,12.904380,-6.427961,1.229094,0.018294,1.712454
749,conflict,40,47.000000,100,106,2.520000,2.760000,0.240000,2.351640,-7.572825,7.929558,7.783656,1.988127,2.078677,0.075839,-0.054375,24.642187,-0.483895,1.892593,0.682936,1.069833
750,conflict,40,47.000000,122,126,3.400000,3.560000,0.160000,3.473172,-6.326759,7.217396,7.145231,2.037506,2.077353,0.038321,0.063689,14.948468,-2.901893,1.299232,0.764309,0.279079
751,conflict,40,63.000000,141,199,4.160000,6.480000,2.320000,5.078994,-3.939014,6.427442,5.931424,1.689697,2.165508,-0.290383,-0.698446,43.864146,23.975991,0.526921,0.018216,0.051384
752,conflict,40,33.000000,211,253,6.960000,8.640000,1.680000,5.789628,0.675488,5.828900,5.699301,1.607700,1.989674,-0.022583,-0.784484,47.290021,20.232013,0.593450,0.024081,0.296117
753,conflict,40,17.000000,265,342,9.120000,12.200000,3.080000,3.336073,6.037691,6.898051,6.104584,1.603890,2.037953,-0.397948,-0.835276,48.996441,10.049223,0.483719,0.014528,0.081391
754,conflict,40,1.000000,349,357,12.480000,12.800000,0.320000,1.323739,9.421819,9.514355,9.127124,1.004275,1.481686,-0.477411,-1.987942,149.957625,0.506558,0.699216,0.689192,0.108033
755,conflict,40,42.000000,363,375,13.040000,13.520000,0.480000,1.122146,9.541678,9.607436,9.533119,0.317937,0.707220,-0.234903,-0.906209,319.100139,-14.158812,0.749432,0.065666,1.418797
756,conflict,40,1.000000,382,388,13.800000,14.040000,0.240000,1.050951,9.667699,9.724654,9.630048,0.440889,0.529038,-0.034866,-0.730618,201.802259,-11.888204,0.912103,0.395454,1.730258
757,deceleration,40,63.000000,179,183,5.680000,5.840000,0.160000,5.632523,-2.290705,6.080514,6.036602,1.911421,2.007610,-0.096188,-0.698446,32.265502,7.281389,0.859842,0.487982,0.352824
758,deceleration,40,10.000000,216,220,7.160000,7.320000,0.160000,5.809707,0.386842,5.822572,5.805489,1.751672,1.904443,-0.152771,-0.784484,42.470941,6.122920,1.068013,0.283224,0.474922
759,deceleration,40,42.000000,331,341,11.760000,12.160000,0.400000,1.797009,8.260805,8.454002,8.243325,1.619636,1.969084,-0.349448,-0.835276,44.392857,-3.151247,0.772124,0.385168,1.195399
760,deceleration,40,1.000000,347,362,12.400000,13.000000,0.600000,1.323739,9.421819,9.514355,9.025848,0.508094,1.484425,-0.966936,-1.987942,224.395167,52.609520,0.693247,0.689192,0.108033
761,deceleration,40,42.000000,370,375,13.320000,13.520000,0.200000,0.964452,9.490149,9.539030,9.533119,0.317937,0.683657,-0.365721,-0.906209,319.100139,-30.697063,0.936948,0.352314,1.418797
762,turning,40,42.000000,39,47,0.080000,0.400000,0.320000,-0.937653,-9.907492,9.951763,9.823762,0.442549,0.891678,0.449129,1.168447,173.033816,-29.959469,0.834429,0.788898,0.094311
763,turning,40,2.000000,75,80,1.520000,1.720000,0.200000,0.920154,-8.937976,8.985216,8.866004,1.830256,1.856909,0.026653,0.026431,45.093888,11.744678,1.176807,1.180611,0.063690
764,turning,40,51.000000,137,141,4.000000,4.160000,0.160000,4.292527,-5.418095,6.912419,6.862945,1.963005,1.988541,-0.008460,-0.109895,41.525725,8.838092,1.049606,0.307986,1.565741
765,turning,40,10.000000,198,203,6.440000,6.640000,0.200000,5.872643,-0.959715,5.950545,5.927501,1.689697,1.751010,0.020805,0.006936,45.709347,11.118236,0.575613,0.928767,1.101700
766,turning,40,33.000000,219,224,7.280000,7.480000,0.200000,5.789628,0.675488,5.828900,5.821928,1.607700,1.794363,-0.185002,-0.767219,47.290021,12.484896,1.165801,0.024081,0.474922
767,turning,40,16.000000,264,269,9.080000,9.280000,0.200000,4.754633,3.928447,6.167595,6.073027,1.949287,2.025465,-0.076178,-0.329694,46.243300,12.216437,1.036709,0.143126,1.441637
768,turning,40,17.000000,287,290,10.000000,10.120000,0.120000,3.959552,5.331381,6.640910,6.609616,1.942525,1.959032,-0.002867,-0.011432,40.378778,5.990288,1.437735,0.212660,1.412881
769,turning,40,1.000000,340,390,12.120000,14.120000,2.000000,0.887131,9.513792,9.555063,8.643739,0.264350,1.642153,-1.314377,-1.987942,336.987938,-96.723244,0.693247,0.065666,0.091905
770,avoidance,40,2.000000,75,80,1.520000,1.720000,0.200000,0.985093,-8.894294,8.948680,8.866004,1.830256,1.856909,0.026653,0.026431,45.093888,11.744678,1.176807,1.180611,0.063690
771,avoidance,40,51.000000,137,141,4.000000,4.160000,0.160000,4.378086,-5.285108,6.862945,6.862945,1.963005,1.988541,-0.008460,-0.109895,41.525725,8.838092,1.049606,0.307986,1.565741
772,avoidance,40,63.000000,179,183,5.680000,5.840000,0.160000,5.645606,-2.137216,6.036602,6.036602,1.911421,2.007610,-0.096188,-0.698446,32.265502,7.281389,0.859842,0.487982,0.352824
773,avoidance,40,10.000000,198,203,6.440000,6.640000,0.200000,5.872643,-0.959715,5.950545,5.927501,1.689697,1.751010,0.020805,0.006936,45.709347,11.118236,0.575613,0.928767,1.101700
774,avoidance,40,10.000000,216,224,7.160000,7.480000,0.320000,5.789628,0.675488,5.828900,5.805489,1.607700,1.904443,-0.295082,-0.784484,47.290021,16.231419,1.068013,0.024081,0.474922
775,avoidance,40,16.000000,264,269,9.080000,9.280000,0.200000,4.800642,3.770912,6.104584,6.073027,1.949287,2.025465,-0.076178,-0.329694,46.243300,12.216437,1.036709,0.143126,1.441637
776,avoidance,40,17.000000,287,290,10.000000,10.120000,0.120000,3.999596,5.262153,6.609616,6.609616,1.942525,1.959032,-0.002867,-0.011432,40.378778,5.990288,1.437735,0.212660,1.412881
777,avoidance,40,42.000000,331,390,11.760000,14.120000,2.360000,1.122146,9.541678,9.607436,8.243325,0.264350,1.969084,-1.641308,-1.987942,336.987938,-97.854298,0.693247,0.065666,0.091905
778,conflict,41,53.000000,76,211,1.560000,6.960000,5.400000,0.915048,-3.757295,3.867115,1.059872,1.377653,3.102567,-0.652539,-1.120089,42.280123,5.271627,0.436363,0.000213,0.050241
779,conflict,41,42.000000,231,235,7.760000,7.920000,0.160000,1.212491,6.608574,6.718883,6.718883,2.151167,2.218555,-0.067388,-0.383732,17.075628,2.864422,1.065702,0.696881,1.149716
780,conflict,41,42.000000,249,258,8.480000,8.840000,0.360000,0.777437,8.330748,8.366945,8.098520,1.577399,2.012354,0.434955,-0.967575,65.610975,23.744523,0.838434,0.329782,0.365011
781,conflict,41,42.000000,266,273,9.160000,9.440000,0.280000,-0.156679,9.438097,9.439397,9.159576,1.684595,1.880900,-0.196305,-1.192463,51.008533,11.045138,0.682382,0.669475,0.089649
782,conflict,41,2.000000,341,360,12.160000,12.920000,0.760000,-1.077336,9.970190,10.028227,9.981061,0.015390,0.099640,0.061770,-0.069311,365.142157,98.156770,1.103243,0.571448,1.201286
783,conflict,41,2.000000,395,404,14.320000,14.680000,0.360000,-1.054834,9.889281,9.945378,9.944549,0.055804,0.088126,0.032322,-0.044564,109.516495,-13.714794,0.916775,0.657759,0.751715
784,deceleration,41,20.000000,98,140,2.440000,4.120000,1.680000,0.908732,-2.003145,2.199633,1.059872,1.512155,2.998525,-1.486370,-1.120089,18.696736,-11.504310,0.436363,0.000213,0.521257
785,deceleration,41,42.000000,242,250,8.200000,8.520000,0.320000,0.828876,7.835097,7.878819,7.558439,1.577399,2.168718,-0.581948,-1.323494,23.160824,-8.713365,0.969170,0.691986,0.099250
786,deceleration,41,15.000000,264,292,9.080000,10.200000,1.120000,-0.580708,9.633816,9.651302,9.053743,0.304664,1.897195,-1.566442,-1.895058,117.593265,47.844867,0.655449,0.669475,0.089649
787,turning,41,2.000000,39,44,0.080000,0.280000,0.200000,0.973193,-9.988238,10.035537,9.827395,0.723133,1.387068,0.663935,3.008673,138.481493,16.040628,1.012466,1.007823,0.059464
788,turning,41,33.000000,180,186,5.720000,5.960000,0.240000,1.796804,2.432709,3.024331,2.836284,1.703976,1.890427,0.186451,0.727790,42.280123,11.848006,0.871965,0.613837,1.162128
789,turning,41,42.000000,253,276,8.640000,9.560000,0.920000,0.733509,8.450169,8.481945,8.317488,1.475923,2.198968,-0.139069,-1.517000,65.610975,48.925728,0.655449,0.329782,0.061005
790,turning,41,1.000000,287,292,10.000000,10.200000,0.200000,-0.864204,9.742642,9.780896,9.718808,0.304664,0.649785,-0.345121,-1.748400,117.593265,18.913680,0.715370,1.558058,0.836579
791,turning,41,1.000000,304,313,10.680000,11.040000,0.360000,-0.960559,9.695752,9.743217,9.743217,0.306868,0.438610,0.073823,-0.297276,201.142974,-34.290003,0.930215,2.781555,0.800428
792,avoidance,41,20.000000,98,140,2.440000,4.120000,1.680000,0.915048,-3.757295,3.867115,1.059872,1.512155,2.998525,-1.486370,-1.120089,18.696736,-11.504310,0.436363,0.000213,0.521257
793,avoidance,41,33.000000,180,186,5.720000,5.960000,0.240000,1.804754,2.650718,3.206781,2.836284,1.703976,1.890427,0.186451,0.727790,42.280123,11.848006,0.871965,0.613837,1.162128
794,avoidance,41,42.000000,242,288,8.200000,10.040000,1.840000,0.777437,8.330748,8.366945,7.558439,0.595275,2.198968,-1.573442,-1.895058,65.610975,51.156991,0.655449,0.329782,0.061005
795,conflict,42,33.000000,81,212,1.760000,7.000000,5.240000,0.247852,0.535816,0.590364,0.148624,1.303260,2.748147,-0.891071,-1.112609,59.474589,11.891446,0.415037,0.002742,0.090402
796,conflict,42,41.000000,231,235,7.760000,7.920000,0.160000,0.276354,5.882848,5.889336,5.889336,1.964958,2.152968,-0.188010,-0.703778,13.992282,-1.108468,1.065702,0.696881,1.149716
797,conflict,42,41.000000,249,258,8.480000,8.840000,0.360000,0.180651,7.659157,7.661287,7.272377,1.612491,1.975699,-0.363209,-1.055829,36.199616,4.086010,0.838434,0.329782,0.220900
798,conflict,42,41.000000,266,273,9.160000,9.440000,0.280000,-0.017069,8.770149,8.770166,8.365562,1.373787,1.507009,0.104074,-0.605151,37.035071,-13.020973,0.682382,0.669475,0.089649
799,conflict,42,40.000000,317,342,11.200000,12.200000,1.000000,0.022197,9.786352,9.786377,9.786377,0.030538,0.064692,-0.010657,-0.254945,178.623260,73.520563,1.074739,0.291187,1.147527
800,conflict,42,40.000000,363,375,13.040000,13.520000,0.480000,-0.017731,9.685361,9.685377,9.658337,0.026670,0.474951,-0.203455,-0.628139,424.884380,-170.526639,0.936948,0.065666,1.418797
801,deceleration,42,60.000000,97,101,2.400000,2.560000,0.160000,0.069664,-4.194732,4.195311,4.001457,2.433817,2.483078,-0.049261,-0.711430,5.501856,0.529601,0.918077,0.553277,1.570723
802,deceleration,42,24.000000,120,127,3.320000,3.600000,0.280000,0.028718,-2.055865,2.056066,1.747662,1.823300,2.050938,-0.227638,-0.826528,7.650111,0.367946,0.900577,0.407957,0.663255
803,deceleration,42,33.000000,183,199,5.840000,6.480000,0.640000,0.405170,2.944788,2.972530,2.496249,1.493205,2.161555,-0.668349,-1.112609,30.358326,-8.549556,0.431069,0.160619,0.419252
804,deceleration,42,41.000000,251,262,8.560000,9.000000,0.440000,0.167842,7.866027,7.867817,7.433785,1.463407,1.926081,-0.462674,-1.055829,36.199616,12.887095,0.831746,0.329782,0.090045
805,deceleration,42,1.000000,273,294,9.440000,10.280000,0.840000,-0.062184,9.098784,9.098996,8.770166,0.556120,1.488281,-0.932161,-1.502196,78.412399,-19.282399,0.655449,0.669475,0.089649
806,turning,42,40.000000,39,42,0.080000,0.200000,0.120000,-0.029713,-9.832878,9.832923,9.707998,0.880466,1.207639,0.327173,2.732941,59.770914,-5.611117,0.871046,0.788898,0.300649
807,turning,42,33.000000,204,209,6.680000,6.880000,0.200000,0.549857,4.000965,4.038572,3.894779,1.303260,1.689031,0.385770,0.478015,59.474589,17.806995,0.529095,0.516672,0.090402
808,turning,42,1.000000,284,298,9.880000,10.440000,0.560000,-0.138209,9.475879,9.476887,9.260358,0.480748,0.820558,-0.339810,-0.993019,78.412399,-42.918739,0.689403,1.735214,1.261613
809,turning,42,40.000000,360,367,12.920000,13.200000,0.280000,-0.017731,9.685361,9.685377,9.685377,0.329189,0.474951,-0.003305,-0.628139,349.945828,0.976780,1.075443,0.065666,1.005744
810,avoidance,42,60.000000,97,101,2.400000,2.560000,0.160000,0.063134,-4.100183,4.100669,4.001457,2.433817,2.483078,-0.049261,-0.711430,5.501856,0.529601,0.918077,0.553277,1.570723
811,avoidance,42,24.000000,120,127,3.320000,3.600000,0.280000,0.018486,-2.293738,2.293812,1.747662,1.823300,2.050938,-0.227638,-0.826528,7.650111,0.367946,0.900577,0.407957,0.663255
812,avoidance,42,33.000000,183,209,5.840000,6.880000,1.040000,0.384672,2.466432,2.496249,2.496249,1.303260,2.161555,-0.472524,-1.112609,59.474589,8.405907,0.431069,0.160619,0.090402
813,avoidance,42,41.000000,234,236,7.880000,7.960000,0.080000,0.287828,6.142687,6.149426,6.149426,1.922904,1.991450,-0.068545,-0.703778,6.048674,0.060866,1.046184,0.771918,0.959754
814,avoidance,42,41.000000,251,262,8.560000,9.000000,0.440000,0.180651,7.659157,7.661287,7.433785,1.463407,1.926081,-0.462674,-1.055829,36.199616,12.887095,0.831746,0.329782,0.090045
815,avoidance,42,1.000000,273,288,9.440000,10.040000,0.600000,-0.017069,8.770149,8.770166,8.770166,0.751720,1.488281,-0.736561,-1.502196,72.849085,-0.005878,0.655449,0.669475,0.089649
816,avoidance,42,40.000000,360,367,12.920000,13.200000,0.280000,-0.017731,9.685361,9.685377,9.685377,0.329189,0.474951,-0.003305,-0.628139,349.945828,0.976780,1.075443,0.065666,1.005744
817,conflict,43,18.000000,39,62,0.080000,1.000000,0.920000,4.731603,-8.748583,9.946144,9.512495,0.541313,0.832250,0.290937,0.028028,116.949934,-40.401651,0.677839,0.023315,0.071473
818,conflict,43,47.000000,75,103,1.520000,2.640000,1.120000,5.710543,-7.299571,9.267904,8.664333,1.764580,2.271957,0.482431,-0.145790,43.777998,20.120736,0.752524,0.485898,0.067061
819,conflict,43,34.000000,169,173,5.280000,5.440000,0.160000,5.926075,2.320738,6.364291,6.336597,2.994806,3.123386,-0.128580,-0.751602,11.406945,-0.322276,1.823328,0.767616,0.512717
820,conflict,43,3.000000,290,304,10.120000,10.680000,0.560000,-4.756322,8.565612,9.797566,9.636202,0.152487,0.606725,-0.454238,-1.347879,162.009210,-66.356508,1.529906,0.049816,1.683078
821,conflict,43,18.000000,366,431,13.160000,15.760000,2.600000,-4.852067,8.727979,9.985999,9.856281,0.054446,0.184906,0.094300,-0.263899,340.184186,43.481032,0.690752,0.287161,0.646258
822,conflict,43,21.000000,447,452,16.400000,16.600000,0.200000,-4.797720,8.668880,9.907957,9.884857,0.082168,0.108326,-0.026158,-0.035519,225.985664,-40.308362,0.731386,0.731841,0.060627
823,deceleration,43,34.000000,168,173,5.240000,5.440000,0.200000,5.895227,2.436356,6.378835,6.329556,2.994806,3.198559,-0.203752,-0.751602,11.406945,-0.326940,1.823328,0.767616,0.512717
824,deceleration,43,15.000000,235,243,7.920000,8.240000,0.320000,-0.277987,8.199030,8.203741,7.939736,3.189852,3.464418,-0.214700,-0.669296,18.725213,4.864740,1.187569,1.296591,1.098932
825,deceleration,43,3.000000,250,296,8.520000,10.360000,1.840000,-4.147284,8.559575,9.511377,8.609255,0.305454,3.056733,-2.751279,-2.502849,162.009210,-38.488008,1.089847,0.161132,0.075716
826,turning,43,18.000000,54,66,0.680000,1.160000,0.480000,4.750433,-8.279473,9.545485,9.495219,0.750169,1.198516,0.415609,0.035295,116.949934,-54.137145,0.667841,0.669575,0.071473
827,turning,43,47.000000,72,78,1.400000,1.640000,0.240000,5.318916,-7.837468,9.471893,9.381380,1.712878,1.863941,0.151063,0.202019,44.925936,11.514863,0.922906,0.570395,1.024202
828,turning,43,15.000000,259,261,8.880000,8.960000,0.080000,-2.545945,8.721774,9.085768,9.039248,2.736031,2.831897,-0.095866,-1.015136,37.766055,3.510758,1.429067,1.124603,0.349027
829,turning,43,3.000000,283,296,9.840000,10.360000,0.520000,-4.716885,8.471836,9.696443,9.551902,0.305454,1.033513,-0.728059,-2.015149,162.009210,-62.900144,1.498270,0.161132,0.818581
830,turning,43,3.000000,320,323,11.320000,11.440000,0.120000,-4.721031,8.524390,9.744402,9.744402,0.301848,0.309738,-0.001869,-0.315041,239.241689,4.777926,1.188886,1.165501,0.192224
831,turning,43,3.000000,334,341,11.880000,12.160000,0.280000,-4.712349,8.518559,9.735095,9.735095,0.308511,0.387497,-0.015277,-0.281060,186.490116,-23.526047,1.070856,0.986208,0.123565
832,avoidance,43,47.000000,54,78,0.680000,1.640000,0.960000,5.493343,-7.604832,9.381380,9.381380,0.750169,1.863941,1.081034,0.035295,116.949934,-34.798957,0.667841,0.570395,0.071473
833,avoidance,43,34.000000,168,173,5.240000,5.440000,0.200000,5.926075,2.320738,6.364291,6.329556,2.994806,3.198559,-0.203752,-0.751602,11.406945,-0.326940,1.823328,0.767616,0.512717
834,avoidance,43,3.000000,275,296,9.520000,10.360000,0.840000,-4.716885,8.471836,9.696443,9.486357,0.305454,1.862227,-1.556773,-2.502849,162.009210,-58.884408,1.224040,0.161132,0.433776
835,conflict,44,19.000000,39,56,0.080000,0.760000,0.680000,-6.298901,-7.753598,9.989716,9.054769,0.868961,1.802337,0.933376,0.908440,112.890302,-9.902918,0.594505,0.434857,0.091846
836,conflict,44,23.000000,75,218,1.520000,7.240000,5.720000,1.350648,-2.339353,2.701263,2.690495,1.766944,2.916955,0.118964,-1.071678,43.204800,27.060056,0.391549,0.009621,0.058244
837,conflict,44,19.000000,227,288,7.600000,10.040000,2.440000,6.570462,4.486545,7.956134,7.099290,0.276199,2.896510,-2.320138,-3.098073,150.218659,0.232855,0.736003,0.031124,0.670705
838,deceleration,44,23.000000,117,137,3.200000,4.000000,0.800000,0.653312,-2.798109,2.873366,2.707617,1.835660,2.666203,-0.830543,-1.071678,22.538157,1.953330,0.544119,0.013434,0.940077
839,deceleration,44,19.000000,240,245,8.120000,8.320000,0.200000,6.601511,4.935708,8.242643,8.099276,2.552260,2.776207,-0.223947,-0.854894,28.440268,3.583712,1.059622,0.184511,0.980868
840,deceleration,44,19.000000,254,276,8.680000,9.560000,0.880000,6.223912,7.304315,9.596358,8.955466,0.343136,2.434765,-2.091629,-3.098073,44.737960,3.189660,0.736003,0.261296,0.670705
841,turning,44,19.000000,39,45,0.080000,0.320000,0.240000,-6.298901,-7.753598,9.989716,9.735529,0.868961,1.221992,0.353031,1.413339,112.890302,-17.697899,0.772995,0.434857,0.343378
842,turning,44,29.000000,163,166,5.040000,5.160000,0.120000,2.857134,-1.559720,3.255141,3.216613,2.025181,2.106518,0.081337,0.446719,38.824889,6.343423,0.533130,0.148472,0.321353
843,turning,44,10.000000,184,189,5.880000,6.080000,0.200000,4.308319,-0.351361,4.322623,4.203221,2.196199,2.214034,0.014115,0.235047,43.204800,11.002824,1.144563,0.145495,0.591294
844,turning,44,19.000000,248,250,8.440000,8.520000,0.080000,6.621913,5.637481,8.696604,8.638894,2.485986,2.523841,0.037855,-0.506934,36.661288,2.987067,0.808553,0.516710,0.908761
845,turning,44,19.000000,274,276,9.480000,9.560000,0.080000,6.219336,7.484905,9.731595,9.718835,0.343136,0.524154,-0.181018,-2.259029,44.737960,8.019603,1.017426,0.829912,0.712700
846,turning,44,19.000000,283,294,9.840000,10.280000,0.440000,6.160922,7.589558,9.775395,9.733822,0.303395,0.395402,0.012730,-0.443426,150.218659,-58.728150,0.873212,0.636644,0.405257
847,avoidance,44,19.000000,40,45,0.120000,0.320000,0.200000,-6.280288,-7.722968,9.954208,9.735529,0.924259,1.221992,0.297733,1.425927,100.087391,-13.626609,0.772995,0.487859,0.343378
848,avoidance,44,23.000000,117,137,3.200000,4.000000,0.800000,0.921172,-2.606504,2.764493,2.707617,1.835660,2.666203,-0.830543,-1.071678,22.538157,1.953330,0.544119,0.013434,0.940077
849,avoidance,44,29.000000,163,166,5.040000,5.160000,0.120000,2.991607,-1.457920,3.327948,3.216613,2.025181,2.106518,0.081337,0.446719,38.824889,6.343423,0.533130,0.148472,0.321353
850,avoidance,44,10.000000,184,189,5.880000,6.080000,0.200000,4.486424,-0.134449,4.488439,4.203221,2.196199,2.214034,0.014115,0.235047,43.204800,11.002824,1.144563,0.145495,0.591294
851,avoidance,44,19.000000,240,294,8.120000,10.280000,2.160000,6.585995,4.714121,8.099276,8.099276,0.276199,2.776207,-2.460082,-3.098073,150.218659,-39.484618,0.736003,0.184511,0.405257
852,conflict,45,26.000000,73,115,1.440000,3.120000,1.680000,6.494710,-2.823518,7.081914,6.025443,1.874226,2.631159,0.756933,0.291029,22.655092,-13.776267,0.578178,0.566509,0.068225
853,conflict,45,33.000000,130,200,3.720000,6.520000,2.800000,4.000889,2.549131,4.743962,3.998393,2.310431,2.835200,-0.306748,-0.805524,43.982824,57.156332,0.497406,0.000943,0.060928
854,deceleration,45,10.000000,141,149,4.160000,4.480000,0.320000,4.546080,1.868199,4.914978,4.815283,2.466679,2.738051,-0.271372,-0.805524,27.566852,7.640775,0.982209,0.055609,1.460420
855,deceleration,45,24.000000,266,302,9.160000,10.600000,1.440000,-8.108930,5.473975,9.783616,8.295295,0.313371,2.124347,-1.810976,-1.625100,75.277616,-29.331727,2.561547,0.612200,0.078576
856,turning,45,23.000000,41,45,0.160000,0.320000,0.160000,8.496480,-5.777135,10.274506,10.204917,0.323086,0.597259,0.274173,1.605773,101.520712,-3.693727,0.877206,0.819328,0.062672
857,turning,45,10.000000,153,160,4.640000,4.920000,0.280000,3.795663,2.747376,4.685630,4.596627,2.310431,2.375525,-0.047952,-0.382949,43.982824,15.327724,1.703724,0.000943,1.078489
858,turning,45,24.000000,280,294,9.720000,10.280000,0.560000,-7.707470,5.258510,9.330435,9.128514,0.851369,1.431861,-0.580492,-1.601410,69.005742,-34.405687,3.254366,0.612200,0.078576
859,turning,45,24.000000,300,302,10.520000,10.600000,0.080000,-8.174385,5.549683,9.880261,9.857461,0.313371,0.383723,-0.070352,-1.230676,75.277616,7.659171,2.561547,1.103195,0.939103
860,turning,45,24.000000,353,360,12.640000,12.920000,0.280000,-8.351438,5.461301,9.978593,9.877954,0.303770,0.404714,-0.025129,-0.480070,186.267676,-20.638484,1.068244,0.784711,0.288125
861,avoidance,45,10.000000,141,160,4.160000,4.920000,0.760000,4.000889,2.549131,4.743962,4.596627,2.310431,2.738051,-0.427620,-0.805524,43.982824,26.673245,0.982209,0.000943,1.078489
862,conflict,46,49.000000,65,250,1.120000,8.520000,7.400000,-2.480080,-1.898446,3.123283,0.105510,0.685459,2.167419,-0.293144,-0.860486,82.498711,9.736384,0.326523,0.000542,0.056390
863,conflict,46,48.000000,273,322,9.440000,11.400000,1.960000,2.250136,1.692097,2.815369,2.385996,1.538328,1.836394,-0.077665,-0.496505,21.462332,-6.576018,0.595451,0.005802,0.070499
864,conflict,46,5.000000,358,361,12.840000,12.960000,0.120000,7.016303,4.387541,8.275205,8.203671,1.805667,1.838455,0.019868,-0.304428,9.000307,1.403221,1.864295,0.781270,1.037264
865,deceleration,46,49.000000,113,128,3.040000,3.640000,0.600000,-4.023998,-2.824730,4.916468,4.362785,1.418340,1.922208,-0.503868,-0.860486,6.796432,-3.397006,0.661975,0.396718,0.159547
866,deceleration,46,5.000000,363,397,13.040000,14.400000,1.360000,8.350549,5.480902,9.988591,8.576561,0.302913,1.776510,-1.473597,-1.487217,216.952603,-19.705977,0.934937,0.774593,0.375159
867,turning,46,22.000000,42,52,0.200000,0.600000,0.400000,-8.352812,-5.602913,10.057937,9.832122,0.300256,0.931756,0.631500,1.241831,195.715438,25.755513,0.896954,0.784694,0.396031
868,turning,46,26.000000,194,200,6.280000,6.520000,0.240000,-0.619463,-0.689745,0.927083,0.812664,0.894082,0.980718,-0.081366,-0.564153,52.367059,16.724473,0.346068,0.019476,0.631804
869,turning,46,14.000000,206,216,6.760000,7.160000,0.400000,-0.393934,-0.312501,0.502833,0.345783,0.685459,0.772726,-0.054714,-0.471561,82.498711,-35.185133,0.480548,0.039934,0.587378
870,turning,46,5.000000,391,397,14.160000,14.400000,0.240000,8.423707,5.536498,10.080260,9.963901,0.302913,0.667952,-0.365038,-1.487217,216.952603,-28.568322,0.934937,0.774593,0.375159
871,avoidance,46,63.000000,50,52,0.520000,0.600000,0.080000,-8.194775,-5.557248,9.901381,9.832122,0.789955,0.931756,0.141801,1.725534,52.257765,2.834550,0.957638,0.873477,1.094154
872,avoidance,46,49.000000,113,128,3.040000,3.640000,0.600000,-4.394087,-3.032936,5.339167,4.362785,1.418340,1.922208,-0.503868,-0.860486,6.796432,-3.397006,0.661975,0.396718,0.159547
873,avoidance,46,14.000000,191,216,6.160000,7.160000,1.000000,-0.593498,-0.660861,0.888244,0.345783,0.685459,1.040194,-0.322182,-0.632375,82.498711,-14.217581,0.346068,0.019476,0.587378
874,avoidance,46,25.000000,363,376,13.040000,13.560000,0.520000,7.256075,4.572393,8.576561,8.576561,1.261880,1.776510,-0.514630,-1.079034,11.013346,4.370291,1.292594,0.862281,0.731874
875,conflict,47,43.000000,75,106,1.520000,2.760000,1.240000,7.382663,-5.147017,8.999749,7.825297,1.698091,2.129019,0.357381,-0.083336,42.709829,-26.845605,0.713723,0.018294,0.187186
876,conflict,47,63.000000,114,137,3.080000,4.000000,0.920000,4.504268,-5.037337,6.757454,6.003132,1.999635,2.216368,-0.163984,-0.439768,34.524924,13.050061,0.839776,0.065836,0.660007
877,conflict,47,36.000000,173,179,5.440000,5.680000,0.240000,0.604940,-5.320997,5.355274,5.285349,1.855811,1.925347,0.069536,0.058844,4.819340,0.729014,1.660098,0.493863,1.623766
878,conflict,47,36.000000,189,194,6.080000,6.280000,0.200000,-0.739893,-5.235825,5.287845,5.286677,2.111937,2.207771,0.095834,0.184730,9.567979,-1.422239,1.764711,0.733100,0.872782
879,conflict,47,11.000000,242,314,8.200000,11.080000,2.880000,-4.775849,-2.935678,5.605973,5.591704,1.767509,1.976220,-0.020252,-0.265688,20.900760,-4.259564,0.435477,0.172111,0.055594
880,conflict,47,24.000000,327,352,11.600000,12.600000,1.000000,-7.796381,1.830584,8.008408,8.008408,1.379818,2.131874,-0.696707,-1.303022,29.940831,7.377459,0.891145,0.237460,0.697222
881,conflict,47,26.000000,369,408,13.280000,14.840000,1.560000,-9.403571,3.691217,10.102090,9.974639,0.054755,0.315526,-0.129442,-1.385764,200.874363,-120.404240,0.976853,0.365503,1.336508
882,conflict,47,6.000000,438,442,16.040000,16.200000,0.160000,-9.330158,3.756126,10.057849,10.057849,0.219911,0.278001,-0.058090,-0.334101,91.259699,-8.446422,0.904953,0.549243,1.482361
883,deceleration,47,24.000000,332,342,11.800000,12.200000,0.400000,-8.258078,2.433994,8.609308,8.357659,1.510888,2.081495,-0.570607,-1.303022,6.991204,-3.520054,0.962076,0.354876,1.211428
884,deceleration,47,24.000000,350,369,12.520000,13.280000,0.760000,-9.196119,3.597860,9.874878,9.290523,0.315526,1.447979,-1.132453,-1.724513,132.367714,24.717169,0.961289,0.628423,0.109497
885,turning,47,24.000000,42,54,0.200000,0.680000,0.480000,9.401325,-4.099229,10.256149,10.053131,0.328021,0.951060,0.623039,0.956525,75.153076,34.363402,0.987922,0.925956,0.056987
886,turning,47,43.000000,84,92,1.880000,2.200000,0.320000,7.315519,-5.158164,8.951172,8.729659,1.698091,1.881565,0.167345,0.049731,42.709829,-14.419547,1.395549,0.018294,0.542647
887,turning,47,50.000000,226,234,7.560000,7.880000,0.320000,-3.790813,-4.268689,5.708938,5.688187,1.793032,1.880153,-0.074267,-0.265684,47.475006,-16.680946,1.789217,2.079002,0.670814
888,turning,47,26.000000,364,369,13.080000,13.280000,0.200000,-9.280929,3.654829,9.974639,9.874878,0.315526,0.701618,-0.386092,-1.724513,132.367714,15.499760,0.961289,0.768822,0.109497
889,avoidance,47,43.000000,84,92,1.880000,2.200000,0.320000,7.382663,-5.147017,8.999749,8.729659,1.698091,1.881565,0.167345,0.049731,42.709829,-14.419547,1.395549,0.018294,0.542647
890,avoidance,47,50.000000,227,234,7.600000,7.880000,0.280000,-3.985609,-4.058374,5.688187,5.688187,1.793032,1.866160,-0.060274,-0.250656,47.475006,-14.985924,1.921769,2.079002,0.670814
891,avoidance,47,24.000000,332,342,11.800000,12.200000,0.400000,-8.472968,2.750189,8.908127,8.357659,1.510888,2.081495,-0.570607,-1.303022,6.991204,-3.520054,0.962076,0.354876,1.211428
892,avoidance,47,24.000000,350,369,12.520000,13.280000,0.760000,-8.738716,3.154149,9.290523,9.290523,0.315526,1.447979,-1.132453,-1.724513,132.367714,24.717169,0.961289,0.628423,0.109497
893,conflict,48,28.000000,47,62,0.400000,1.000000,0.600000,-9.533288,-1.943886,9.729454,9.198335,0.745810,1.064567,0.288460,0.084944,58.622027,5.461214,0.815906,0.501657,0.217807
894,conflict,48,27.000000,90,334,2.120000,11.880000,9.760000,-1.892670,3.028986,3.571689,3.477936,0.961610,1.776389,0.164998,-0.954605,54.152944,-45.806089,0.380619,0.001308,0.071713
895,conflict,48,49.000000,386,412,13.960000,15.000000,1.040000,8.629670,1.979631,8.853821,8.451844,1.071178,1.616031,-0.544853,-1.029347,51.814028,3.825989,0.988709,0.367057,0.517674
896,conflict,48,49.000000,446,448,16.360000,16.440000,0.080000,9.917281,1.707232,10.063156,10.053812,0.081600,0.097795,0.016196,0.023007,262.125097,-23.251622,0.957309,0.764841,1.682824
897,deceleration,48,46.000000,295,310,10.320000,10.920000,0.600000,3.594727,3.383204,4.936409,4.512876,1.067545,1.600314,-0.532769,-0.954605,53.735905,-7.314304,0.750705,0.098240,0.669724
898,deceleration,48,49.000000,392,399,14.200000,14.480000,0.280000,8.678348,1.949397,8.894598,8.770819,1.295944,1.495710,-0.199766,-0.691269,13.938594,5.126148,1.375287,0.367057,1.114878
899,deceleration,48,49.000000,410,430,14.920000,15.720000,0.800000,9.638476,1.681931,9.784125,9.529848,0.305644,1.133472,-0.827829,-1.371195,132.296236,31.803088,0.892794,0.688684,0.098730
900,turning,48,28.000000,39,50,0.080000,0.520000,0.440000,-9.713687,-2.003590,9.918169,9.638106,0.451251,0.878994,0.427743,0.763665,135.248347,34.203183,0.962101,0.501657,0.356854
901,turning,48,27.000000,151,156,4.560000,4.760000,0.200000,-4.510689,0.714267,4.566891,4.488781,1.192348,1.259988,0.060735,-0.190534,41.472081,11.690791,0.802897,0.023711,1.427197
902,turning,48,27.000000,183,185,5.840000,5.920000,0.080000,-3.403249,1.874977,3.885569,3.865870,1.219820,1.241175,-0.021355,-0.120924,37.665787,-5.241217,0.611318,0.096743,1.191238
903,turning,48,27.000000,195,199,6.320000,6.480000,0.160000,-2.853354,2.195639,3.600342,3.587393,1.171665,1.218989,0.024337,0.015752,43.409817,8.274498,0.657141,0.181708,0.629588
904,turning,48,4.000000,209,214,6.880000,7.080000,0.200000,-2.342678,2.754939,3.616328,3.596727,1.420781,1.445374,0.006965,0.094456,40.835652,-9.632013,0.471022,0.023166,0.091336
905,turning,48,25.000000,307,315,10.800000,11.120000,0.320000,3.816663,3.357640,5.083371,4.972740,0.961610,1.188018,-0.192997,-0.945843,54.152944,-20.652445,0.655553,0.001361,0.669724
906,turning,48,49.000000,409,422,14.880000,15.400000,0.520000,9.601837,1.678948,9.747520,9.483966,0.510168,1.155412,-0.645245,-1.371195,55.724915,29.292826,0.892794,0.634188,0.116427
907,turning,48,28.000000,428,430,15.640000,15.720000,0.080000,9.910625,1.743357,10.062792,10.031307,0.305644,0.378205,-0.072561,-0.893962,132.296236,1.508994,1.039404,1.834892,1.027676
908,avoidance,48,28.000000,40,50,0.120000,0.520000,0.400000,-9.533288,-1.943886,9.729454,9.638106,0.480864,0.878994,0.398130,0.799601,124.749976,28.634285,0.962101,0.501657,1.265785
909,avoidance,48,27.000000,151,156,4.560000,4.760000,0.200000,-4.510689,0.714267,4.566891,4.488781,1.192348,1.259988,0.060735,-0.190534,41.472081,11.690791,0.802897,0.023711,1.427197
910,avoidance,48,27.000000,183,185,5.840000,5.920000,0.080000,-3.442895,1.842355,3.904843,3.865870,1.219820,1.241175,-0.021355,-0.120924,37.665787,-5.241217,0.611318,0.096743,1.191238
911,avoidance,48,27.000000,195,199,6.320000,6.480000,0.160000,-2.931622,2.141388,3.630420,3.587393,1.171665,1.218989,0.024337,0.015752,43.409817,8.274498,0.657141,0.181708,0.629588
912,avoidance,48,4.000000,209,214,6.880000,7.080000,0.200000,-2.199870,2.845526,3.596727,3.596727,1.420781,1.445374,0.006965,0.094456,40.835652,-9.632013,0.471022,0.023166,0.091336
913,avoidance,48,46.000000,295,315,10.320000,11.120000,0.800000,3.850162,3.343797,5.099483,4.512876,0.961610,1.600314,-0.605293,-0.954605,54.152944,-21.342612,0.655553,0.001361,0.669724
914,avoidance,48,49.000000,392,399,14.200000,14.480000,0.280000,8.629670,1.979631,8.853821,8.770819,1.295944,1.495710,-0.199766,-0.691269,13.938594,5.126148,1.375287,0.367057,1.114878
915,avoidance,48,49.000000,409,427,14.880000,15.600000,0.720000,9.327622,1.714956,9.483966,9.483966,0.401340,1.155412,-0.754072,-1.371195,55.724915,32.877929,0.892794,0.634188,0.098730
916,conflict,49,46.000000,46,189,0.360000,6.080000,5.720000,-9.059737,-0.813152,9.096156,3.170269,0.872186,2.909666,2.037480,-0.523797,45.836205,19.039511,0.355648,0.005023,0.050646
917,conflict,49,34.000000,204,232,6.680000,7.800000,1.120000,5.220994,-2.090469,5.623952,4.966397,2.449143,3.224275,-0.652587,-1.014515,12.951922,9.552496,0.771722,0.497234,0.072568
918,conflict,49,28.000000,275,282,9.520000,9.800000,0.280000,9.750354,0.735800,9.778078,9.747798,0.493718,0.833927,-0.340209,-1.115640,56.352964,-2.757603,1.608683,0.562942,1.295040
919,conflict,49,28.000000,293,309,10.240000,10.880000,0.640000,10.022494,0.841848,10.057788,10.039959,0.052918,0.174136,0.033276,-0.524856,332.202894,165.942942,0.908449,0.475018,0.715194
920,conflict,49,28.000000,316,318,11.160000,11.240000,0.080000,9.888800,0.722142,9.915133,9.915133,0.591657,0.614766,0.020915,-0.396511,88.016120,-0.850780,0.797160,0.789893,0.108438
921,conflict,49,48.000000,386,412,13.960000,15.000000,1.040000,10.072701,0.849038,10.108421,10.087131,0.046890,0.179084,0.112245,-0.036599,259.007797,81.705070,0.909256,0.367057,0.517674
922,conflict,49,28.000000,427,429,15.600000,15.680000,0.080000,9.755805,0.692121,9.780325,9.780325,0.196552,0.377511,-0.180959,-1.311031,365.270184,7.757980,0.888384,0.676554,0.902963
923,conflict,49,48.000000,446,448,16.360000,16.440000,0.080000,9.841442,0.733762,9.868758,9.868758,0.253679,0.273575,0.019896,0.005051,28.487706,3.972167,0.831775,0.764841,1.682824
924,deceleration,49,34.000000,215,233,7.120000,7.840000,0.720000,6.494050,-1.259742,6.615107,5.775349,2.436285,3.049920,-0.613636,-1.014515,12.553180,7.223896,0.736210,0.548097,0.072568
925,deceleration,49,29.000000,250,287,8.520000,10.000000,1.480000,9.172387,0.390756,9.180706,8.385818,0.303163,2.254628,-1.951465,-1.731143,101.650485,8.119410,1.165405,0.562942,0.065648
926,deceleration,49,29.000000,319,322,11.280000,11.400000,0.120000,9.816676,0.680762,9.840252,9.820649,0.381377,0.584546,-0.203169,-0.867787,353.002643,-7.819188,0.787284,1.793669,0.492013
927,deceleration,49,7.000000,337,341,12.000000,12.160000,0.160000,10.022647,0.827107,10.056717,10.011088,0.312754,0.492889,-0.180135,-0.875361,94.480451,-4.403199,1.011049,1.400857,1.302567
928,deceleration,49,28.000000,423,427,15.440000,15.600000,0.160000,9.769647,0.706832,9.795183,9.795183,0.377511,0.651721,-0.274210,-1.311031,275.260153,6.630338,0.909742,0.791593,0.457070
929,turning,49,29.000000,41,48,0.160000,0.440000,0.280000,-9.743283,-0.935207,9.788063,9.583607,0.388380,1.038655,0.650275,1.972496,163.842057,13.232152,0.735604,0.035522,1.053321
930,turning,49,18.000000,157,175,4.800000,5.520000,0.720000,0.225772,-3.644465,3.651451,3.393897,2.563570,2.692354,-0.019050,-0.235315,45.836205,27.704341,0.713204,0.709948,0.061863
931,turning,49,28.000000,270,287,9.320000,10.000000,0.680000,9.969374,0.782689,10.000051,9.571105,0.303163,1.043467,-0.740304,-1.245620,101.650485,6.565909,1.550137,0.562942,0.177759
932,turning,49,28.000000,311,322,10.960000,11.400000,0.440000,9.797594,0.672531,9.820649,9.820649,0.304481,0.614766,0.076896,-0.867787,353.002643,-16.745936,0.787284,0.789893,0.108438
933,turning,49,7.000000,328,341,11.640000,12.160000,0.520000,9.779683,0.687733,9.803835,9.803835,0.312754,0.599643,-0.011096,-0.875361,370.606425,-18.752095,0.876708,1.400857,1.153953
934,turning,49,28.000000,423,427,15.440000,15.600000,0.160000,9.769647,0.706832,9.795183,9.795183,0.377511,0.651721,-0.274210,-1.311031,275.260153,6.630338,0.909742,0.791593,0.457070
935,avoidance,49,29.000000,41,48,0.160000,0.440000,0.280000,-9.618293,-0.949840,9.665079,9.583607,0.388380,1.038655,0.650275,1.972496,163.842057,13.232152,0.735604,0.035522,1.053321
936,avoidance,49,18.000000,157,175,4.800000,5.520000,0.720000,0.019012,-3.593406,3.593456,3.393897,2.563570,2.692354,-0.019050,-0.235315,45.836205,27.704341,0.713204,0.709948,0.061863
937,avoidance,49,34.000000,215,233,7.120000,7.840000,0.720000,5.430083,-1.966940,5.775349,5.775349,2.436285,3.049920,-0.613636,-1.014515,12.553180,7.223896,0.736210,0.548097,0.072568
938,avoidance,49,28.000000,260,287,8.920000,10.000000,1.080000,9.750354,0.735800,9.778078,9.120078,0.303163,1.691464,-1.388301,-1.731143,101.650485,8.563878,1.550137,0.562942,0.177759
939,avoidance,49,7.000000,311,333,10.960000,11.840000,0.880000,9.888800,0.722142,9.915133,9.788971,0.084738,0.614766,0.295162,-0.867787,429.698076,168.967278,0.787284,0.789893,0.108438
940,avoidance,49,28.000000,423,427,15.440000,15.600000,0.160000,9.769647,0.706832,9.795183,9.795183,0.377511,0.651721,-0.274210,-1.311031,275.260153,6.630338,0.909742,0.791593,0.457070
941,conflict,50,27.000000,47,62,0.400000,1.000000,0.600000,9.426805,-0.336848,9.432821,8.605548,1.267309,2.077491,0.810181,1.070379,39.793822,-13.823904,0.699069,0.556390,0.157168
942,conflict,50,17.000000,79,214,1.680000,7.080000,5.400000,0.386985,-1.491212,1.540608,1.508551,0.962827,2.873698,-0.435555,-0.954336,76.298220,-3.058121,0.260436,0.002947,0.077376
943,conflict,50,9.000000,222,314,7.400000,11.080000,3.680000,-9.052994,-0.705093,9.080411,3.996042,0.358273,2.575824,-2.217552,-1.249473,68.714528,-14.524779,0.379473,0.005681,0.060743
944,conflict,50,27.000000,336,341,11.960000,12.160000,0.200000,-9.820003,-0.122783,9.820771,9.816598,0.033437,0.044656,-0.003800,-0.100843,220.060499,45.689441,0.821179,0.785282,0.569100
945,conflict,50,26.000000,439,444,16.080000,16.280000,0.200000,-9.804314,-0.104245,9.804869,9.804444,0.019422,0.033018,0.013596,-0.010805,210.403559,-38.909740,0.887906,0.646055,1.767064
946,deceleration,50,5.000000,99,120,2.480000,3.320000,0.840000,3.827838,-0.738906,3.898503,2.895357,1.964417,2.634967,-0.670550,-0.954336,14.644078,10.366840,0.620898,0.010942,0.934254
947,deceleration,50,17.000000,158,163,4.840000,5.040000,0.200000,0.301228,-1.524878,1.554346,1.531590,1.115083,1.242709,-0.127626,-0.688814,9.874353,-2.841048,0.395880,0.002947,0.518606
948,deceleration,50,27.000000,281,316,9.760000,11.160000,1.400000,-9.389786,-0.398375,9.398233,8.594940,0.306679,1.804198,-1.497519,-1.249473,68.714528,9.985512,0.584365,0.005681,0.324788
949,turning,50,27.000000,39,46,0.080000,0.360000,0.280000,9.895087,-0.190122,9.896913,9.703746,0.360058,1.160401,0.800343,2.453742,288.266146,35.543908,0.931920,0.811835,0.394137
950,turning,50,27.000000,53,56,0.640000,0.760000,0.120000,9.156342,-0.444723,9.167136,9.092221,1.763709,1.844309,0.080600,1.179723,39.793822,-8.528141,0.740062,0.567710,0.645016
951,turning,50,18.000000,167,170,5.200000,5.320000,0.120000,-0.015233,-1.644687,1.644757,1.610886,0.962827,0.987293,-0.024466,-0.351591,41.583019,8.516736,0.407849,0.010827,1.444792
952,turning,50,18.000000,177,187,5.600000,6.000000,0.400000,-0.422918,-1.955685,2.000890,1.869260,1.130214,1.236410,0.106196,0.299384,76.298220,-31.802004,0.260436,0.070138,0.570891
953,turning,50,27.000000,305,313,10.720000,11.040000,0.320000,-9.615264,-0.155462,9.616521,9.515994,0.381579,0.711982,-0.330403,-1.124926,68.714528,27.610478,0.851029,0.323772,1.305777
954,avoidance,50,27.000000,40,56,0.120000,0.760000,0.640000,9.426805,-0.336848,9.432821,9.092221,0.448835,1.844309,1.395474,1.179723,253.171462,13.379284,0.740062,0.556390,0.394137
955,avoidance,50,5.000000,99,120,2.480000,3.320000,0.840000,4.529265,-0.695220,4.582311,2.895357,1.964417,2.634967,-0.670550,-0.954336,14.644078,10.366840,0.620898,0.010942,0.934254
956,avoidance,50,18.000000,158,187,4.840000,6.000000,1.160000,0.386985,-1.491212,1.540608,1.531590,0.962827,1.242709,-0.006299,-0.688814,76.298220,-19.522576,0.260436,0.002947,0.449948
957,avoidance,50,27.000000,281,316,9.760000,11.160000,1.400000,-9.052994,-0.705093,9.080411,8.594940,0.306679,1.804198,-1.497519,-1.249473,68.714528,9.985512,0.584365,0.005681,0.324788
958,conflict,51,44.000000,90,345,2.120000,12.320000,10.200000,3.459942,-1.916023,3.955040,2.764674,0.902282,1.872354,-0.396844,-1.071662,62.247270,-20.267545,0.403025,0.008873,0.051617
959,conflict,51,9.000000,378,404,13.640000,14.680000,1.040000,-7.657431,-4.854726,9.066676,8.238034,1.138677,1.539214,-0.333271,-0.639750,27.611820,2.345012,0.729513,0.557311,0.236736
960,deceleration,51,52.000000,234,251,7.880000,8.560000,0.680000,-0.201783,-3.189214,3.195591,2.958227,0.987583,1.734937,-0.747354,-1.071662,40.585885,-11.274431,0.799566,0.037414,0.532191
961,deceleration,51,58.000000,295,302,10.320000,10.600000,0.280000,-2.741835,-3.976552,4.830178,4.633216,1.111448,1.398613,-0.287165,-0.849092,24.481722,-4.849759,1.246285,0.147912,0.836246
962,deceleration,51,9.000000,393,396,14.240000,14.360000,0.120000,-7.611807,-4.866673,9.034606,8.956710,1.257248,1.363938,-0.106690,-0.639750,17.773838,-2.333077,0.729513,0.557311,1.452042
963,deceleration,51,9.000000,409,421,14.880000,15.360000,0.480000,-8.561620,-4.799568,9.815151,9.554741,0.320608,1.166784,-0.846176,-1.832702,24.656898,12.143410,0.789993,0.842137,0.867185
964,turning,51,9.000000,39,45,0.080000,0.320000,0.240000,8.894622,4.908783,10.159255,10.004270,0.337794,0.937945,0.600150,2.024642,220.366687,22.246571,0.833583,0.815523,0.264148
965,turning,51,31.000000,124,133,3.480000,3.840000,0.360000,4.404145,1.467032,4.642056,4.489709,1.524219,1.632704,0.099180,-0.119342,52.843431,20.209078,1.004320,0.029861,0.716354
966,turning,51,7.000000,163,201,5.040000,6.560000,1.520000,2.650399,-2.431269,3.596621,3.395102,1.390868,1.871721,-0.176226,-0.592169,62.247270,-76.073952,0.565813,0.008873,0.061049
967,turning,51,52.000000,247,259,8.400000,8.880000,0.480000,-0.622098,-3.434162,3.490054,3.397958,0.902282,1.161407,-0.190409,-1.020658,40.585885,-19.166352,0.536904,0.037414,0.171669
968,turning,51,62.000000,270,274,9.320000,9.480000,0.160000,-1.410734,-3.509420,3.782354,3.748239,0.960410,1.013291,0.052711,0.154785,41.063057,10.272802,0.692965,0.566418,0.227960
969,turning,51,53.000000,312,315,11.000000,11.120000,0.120000,-3.350684,-4.170392,5.349696,5.272566,1.092873,1.141658,0.048785,0.245072,39.913104,6.141998,0.633805,0.335597,1.074375
970,turning,51,11.000000,343,349,12.240000,12.480000,0.240000,-4.803770,-4.904413,6.865091,6.701550,1.447840,1.479723,0.031883,-0.084884,43.625530,-13.058010,0.544109,0.992960,1.056254
971,avoidance,51,31.000000,124,133,3.480000,3.840000,0.360000,4.380284,1.412526,4.602403,4.489709,1.524219,1.632704,0.099180,-0.119342,52.843431,20.209078,1.004320,0.029861,0.716354
972,avoidance,51,7.000000,163,201,5.040000,6.560000,1.520000,3.459942,-1.916023,3.955040,3.395102,1.390868,1.871721,-0.176226,-0.592169,62.247270,-76.073952,0.565813,0.008873,0.061049
973,avoidance,51,52.000000,234,259,7.880000,8.880000,1.000000,-0.509474,-3.389682,3.427755,2.958227,0.902282,1.734937,-0.763938,-1.071662,40.585885,-22.344588,0.536904,0.037414,0.171669
974,avoidance,51,62.000000,270,274,9.320000,9.480000,0.160000,-1.488831,-3.528681,3.829910,3.748239,0.960410,1.013291,0.052711,0.154785,41.063057,10.272802,0.692965,0.566418,0.227960
975,avoidance,51,58.000000,295,302,10.320000,10.600000,0.280000,-2.868076,-4.025040,4.942348,4.633216,1.111448,1.398613,-0.287165,-0.849092,24.481722,-4.849759,1.246285,0.147912,0.836246
976,avoidance,51,53.000000,312,315,11.000000,11.120000,0.120000,-3.266822,-4.138578,5.272566,5.272566,1.092873,1.141658,0.048785,0.245072,39.913104,6.141998,0.633805,0.335597,1.074375
977,avoidance,51,11.000000,343,349,12.240000,12.480000,0.240000,-4.980479,-4.938122,7.013574,6.701550,1.447840,1.479723,0.031883,-0.084884,43.625530,-13.058010,0.544109,0.992960,1.056254
978,avoidance,51,9.000000,393,396,14.240000,14.360000,0.120000,-7.657431,-4.854726,9.066676,8.956710,1.257248,1.363938,-0.106690,-0.639750,17.773838,-2.333077,0.729513,0.557311,1.452042
979,avoidance,51,9.000000,409,419,14.880000,15.280000,0.400000,-8.359851,-4.802987,9.641359,9.554741,0.456261,1.166784,-0.710523,-1.832702,24.656898,5.753592,0.789993,0.842137,0.867185
980,conflict,52,13.000000,46,52,0.360000,0.600000,0.240000,-7.648556,6.310825,9.915993,9.808666,0.376041,0.703613,0.327572,0.947779,89.296215,-28.821659,0.697707,0.416918,0.182805
981,conflict,52,51.000000,70,268,1.320000,9.240000,7.920000,-5.790988,4.414786,7.281887,2.812191,1.181368,1.691974,0.083743,-0.647541,64.376890,4.953782,0.403025,0.001428,0.051617
982,conflict,52,38.000000,274,375,9.480000,13.520000,4.040000,-0.568945,-4.269952,4.307690,4.263850,1.115039,1.717771,-0.129728,-0.730040,88.116556,36.806391,0.402319,0.053046,0.078709
983,conflict,52,36.000000,393,442,14.240000,16.200000,1.960000,7.126199,-6.180819,9.433199,8.410580,0.587370,1.473927,-0.886557,-1.017266,91.325632,-45.402000,0.865643,0.000574,0.823514
984,deceleration,52,59.000000,315,321,11.120000,11.360000,0.240000,1.688766,-5.536632,5.788456,5.666643,1.251866,1.461251,-0.209385,-0.730040,41.177325,11.498560,0.528807,0.396317,0.164320
985,deceleration,52,36.000000,414,426,15.080000,15.560000,0.480000,7.028080,-6.220042,9.385246,9.229677,0.752574,1.207721,-0.455147,-1.017266,69.329430,-2.358839,0.865643,0.000574,1.461016
986,turning,52,13.000000,45,54,0.320000,0.680000,0.360000,-7.598557,6.287985,9.862901,9.745432,0.355844,0.832058,0.476214,0.833736,89.296215,-36.035998,0.697260,0.416918,0.182805
987,turning,52,34.000000,60,65,0.920000,1.120000,0.200000,-7.334180,5.887293,9.404808,9.263457,1.200849,1.270407,0.069558,0.349950,40.992478,9.463324,0.751886,0.870260,0.061893
988,turning,52,33.000000,78,81,1.640000,1.760000,0.120000,-6.660079,5.336974,8.534632,8.426930,1.307198,1.410788,0.103590,0.422331,39.385240,-6.234141,0.643159,0.070882,1.745767
989,turning,52,30.000000,102,107,2.600000,2.800000,0.200000,-5.588750,4.252646,7.022757,6.835538,1.595612,1.612023,-0.007909,-0.046523,43.101635,-10.683790,0.628432,0.020777,1.708388
990,turning,52,38.000000,143,145,4.240000,4.320000,0.080000,-4.094949,2.191300,4.644395,4.589999,1.466075,1.475384,-0.002838,-0.300695,37.766940,3.920596,0.800039,0.284797,1.136720
991,turning,52,8.000000,153,162,4.640000,5.000000,0.360000,-3.570166,1.648315,3.932306,3.730262,1.371203,1.483926,0.065244,-0.209343,62.895902,-24.595252,0.504769,0.001598,0.984809
992,turning,52,50.000000,191,196,6.160000,6.360000,0.200000,-2.999297,-0.340950,3.018614,2.992792,1.206406,1.272896,0.066490,0.012386,41.954178,10.116763,0.519276,0.316426,1.019379
993,turning,52,18.000000,205,210,6.720000,6.920000,0.200000,-2.662034,-0.920534,2.816701,2.812191,1.233831,1.284058,0.050228,-0.045980,41.936027,-13.446762,0.590535,0.381941,0.848239
994,turning,52,51.000000,239,244,8.080000,8.280000,0.200000,-1.978818,-2.882177,3.496093,3.432919,1.439852,1.578467,-0.138615,-0.633759,44.935492,12.527882,1.087408,0.105499,0.769816
995,turning,52,39.000000,260,270,8.920000,9.320000,0.400000,-1.239759,-3.904890,4.096971,3.971854,1.383035,1.438444,0.012686,0.027844,64.376890,26.034487,0.403025,0.401779,0.051617
996,turning,52,59.000000,315,318,11.120000,11.240000,0.120000,1.581953,-5.487590,5.711062,5.666643,1.345231,1.461251,-0.116020,-0.730040,41.177325,5.574471,0.614347,0.396317,0.354218
997,turning,52,38.000000,336,340,11.960000,12.120000,0.160000,2.545217,-5.950634,6.472108,6.385885,1.319803,1.462857,0.143054,0.408523,42.338590,10.297441,0.695618,0.523068,0.955310
998,turning,52,38.000000,356,368,12.760000,13.240000,0.480000,3.803817,-6.407164,7.451226,7.197946,1.257517,1.367625,-0.085058,-0.187768,88.116556,41.906603,0.402319,0.219567,0.103923
999,turning,52,13.000000,374,380,13.480000,13.720000,0.240000,4.581680,-6.218845,7.724366,7.656982,1.395949,1.538531,0.142582,0.499972,53.336365,-18.973063,0.621882,0.619459,1.367987
1000,turning,52,36.000000,410,450,14.920000,16.520000,1.600000,7.599514,-6.290067,9.864966,9.092065,0.489872,1.297606,-0.807734,-1.017266,91.325632,-64.489711,0.801853,0.000574,0.079123
1001,turning,52,36.000000,456,459,16.760000,16.880000,0.120000,7.748470,-6.566346,10.156559,10.117331,0.348068,0.351941,-0.003872,-0.228809,96.395648,8.319692,0.768942,0.869039,0.107811
1002,avoidance,52,10.000000,45,65,0.320000,1.120000,0.800000,-7.648556,6.310825,9.915993,9.263457,0.355844,1.270407,0.914563,0.349950,89.296215,-19.698030,0.697260,0.416918,0.061893
1003,avoidance,52,33.000000,78,81,1.640000,1.760000,0.120000,-6.619518,5.300970,8.480466,8.426930,1.307198,1.410788,0.103590,0.422331,39.385240,-6.234141,0.643159,0.070882,1.745767
1004,avoidance,52,30.000000,102,107,2.600000,2.800000,0.200000,-5.541537,4.210102,6.959424,6.835538,1.595612,1.612023,-0.007909,-0.046523,43.101635,-10.683790,0.628432,0.020777,1.708388
1005,avoidance,52,38.000000,143,145,4.240000,4.320000,0.080000,-4.057284,2.146285,4.589999,4.589999,1.466075,1.475384,-0.002838,-0.300695,37.766940,3.920596,0.800039,0.284797,1.136720
1006,avoidance,52,8.000000,153,162,4.640000,5.000000,0.360000,-3.503977,1.493435,3.808963,3.730262,1.371203,1.483926,0.065244,-0.209343,62.895902,-24.595252,0.504769,0.001598,0.984809
1007,avoidance,52,50.000000,182,196,5.800000,6.360000,0.560000,-3.099968,0.076819,3.100920,2.992792,1.181368,1.362314,-0.089418,-0.647541,41.954178,15.485976,0.494636,0.070138,0.251217
1008,avoidance,52,18.000000,205,210,6.720000,6.920000,0.200000,-2.702234,-0.835724,2.828516,2.812191,1.233831,1.284058,0.050228,-0.045980,41.936027,-13.446762,0.590535,0.381941,0.848239
1009,avoidance,52,51.000000,239,244,8.080000,8.280000,0.200000,-1.879583,-3.019876,3.557033,3.432919,1.439852,1.578467,-0.138615,-0.633759,44.935492,12.527882,1.087408,0.105499,0.769816
1010,avoidance,52,39.000000,260,270,8.920000,9.320000,0.400000,-1.345489,-3.776405,4.008937,3.971854,1.383035,1.438444,0.012686,0.027844,64.376890,26.034487,0.403025,0.401779,0.051617
1011,avoidance,52,59.000000,315,321,11.120000,11.360000,0.240000,1.531131,-5.455867,5.666643,5.666643,1.251866,1.461251,-0.209385,-0.730040,41.177325,11.498560,0.528807,0.396317,0.164320
1012,avoidance,52,38.000000,336,340,11.960000,12.120000,0.160000,2.659302,-5.991792,6.555415,6.385885,1.319803,1.462857,0.143054,0.408523,42.338590,10.297441,0.695618,0.523068,0.955310
1013,avoidance,52,13.000000,356,380,12.760000,13.720000,0.960000,4.062080,-6.379536,7.563000,7.197946,1.257517,1.538531,0.181234,-0.187768,88.116556,22.717379,0.402319,0.219567,0.103923
1014,avoidance,52,36.000000,410,457,14.920000,16.800000,1.880000,7.126199,-6.180819,9.433199,9.092065,0.349832,1.297606,-0.947774,-1.017266,91.325632,-59.297457,0.767465,0.000574,0.079123
1015,conflict,53,11.000000,58,60,0.840000,0.920000,0.080000,5.927779,7.444824,9.516510,9.474479,0.847506,1.169980,0.322474,1.481153,34.439886,2.171008,0.808607,0.210415,1.426829
1016,conflict,53,41.000000,77,345,1.600000,12.320000,10.720000,0.124236,0.924806,0.933114,0.797063,0.583430,1.767489,0.074129,-1.026317,87.108736,23.203197,0.349411,0.000815,0.065368
1017,deceleration,53,46.000000,192,204,6.200000,6.680000,0.480000,0.403826,1.132032,1.201903,1.080858,0.660228,1.131796,-0.471569,-1.026317,67.512488,-0.281836,0.521726,0.083671,0.789729
1018,deceleration,53,12.000000,382,408,13.800000,14.840000,1.040000,-6.093032,-7.640922,9.772857,8.790664,0.577276,1.576895,-0.999619,-1.283509,43.602918,-21.877963,1.089882,0.936158,0.476211
1019,deceleration,53,12.000000,417,421,15.200000,15.360000,0.160000,-6.399197,-7.869669,10.143047,10.098763,0.312840,0.420349,-0.107509,-0.709248,89.095313,18.253694,0.971357,0.880908,0.641118
1020,turning,53,55.000000,41,47,0.160000,0.400000,0.240000,6.367885,7.828254,10.091160,9.943542,0.360669,0.883108,0.522439,1.268576,243.813618,-15.138846,0.857859,0.868732,0.455456
1021,turning,53,55.000000,55,57,0.720000,0.800000,0.080000,5.975520,7.506481,9.594483,9.556207,0.903870,0.988292,-0.084422,0.629944,41.361788,3.345365,0.795357,2.610812,0.086374
1022,turning,53,13.000000,202,212,6.600000,7.000000,0.400000,0.293671,0.981398,1.024395,0.955787,0.583430,0.756597,-0.090496,-0.944211,87.108736,-37.108574,0.482575,0.024389,1.108109
1023,turning,53,13.000000,220,222,7.320000,7.400000,0.080000,-0.083270,0.877078,0.881022,0.869224,0.803698,0.832037,0.028339,0.092355,36.662419,4.851495,0.447813,0.006513,1.264437
1024,turning,53,57.000000,240,247,8.120000,8.400000,0.280000,-0.741603,0.509058,0.899508,0.853554,0.999210,1.196720,0.197511,0.449549,46.413761,15.956643,0.517810,0.002737,1.032581
1025,turning,53,12.000000,402,407,14.600000,14.800000,0.200000,-6.132007,-7.680745,9.828294,9.772857,0.597151,0.827226,-0.230075,-1.283509,43.602918,-11.291069,1.102642,0.962027,0.534193
1026,turning,53,12.000000,415,421,15.120000,15.360000,0.240000,-6.399197,-7.869669,10.143047,10.063301,0.312840,0.471787,-0.158947,-0.709248,89.095313,22.109716,0.971357,0.869364,0.641118
1027,avoidance,53,55.000000,43,47,0.240000,0.400000,0.160000,6.315317,7.766349,10.009966,9.943542,0.524005,0.883108,0.359103,1.268576,173.651798,-5.457437,0.865184,0.868732,0.455456
1028,avoidance,53,55.000000,55,57,0.720000,0.800000,0.080000,6.003443,7.534828,9.634052,9.556207,0.903870,0.988292,-0.084422,0.629944,41.361788,3.345365,0.795357,2.610812,0.086374
1029,avoidance,53,46.000000,192,212,6.200000,7.000000,0.800000,0.181753,0.938347,0.955787,0.955787,0.583430,1.131796,-0.465695,-1.026317,87.108736,-33.639163,0.482575,0.024389,0.789729
1030,avoidance,53,13.000000,220,222,7.320000,7.400000,0.080000,-0.083270,0.877078,0.881022,0.869224,0.803698,0.832037,0.028339,0.092355,36.662419,4.851495,0.447813,0.006513,1.264437
1031,avoidance,53,57.000000,240,247,8.120000,8.400000,0.280000,-0.704384,0.534234,0.884060,0.853554,0.999210,1.196720,0.197511,0.449549,46.413761,15.956643,0.517810,0.002737,1.032581
1032,conflict,54,55.000000,51,56,0.560000,0.760000,0.200000,3.897423,7.651060,8.586537,8.165348,2.078054,2.421636,0.343582,0.642676,9.317738,-0.973858,0.954160,0.696270,1.076120
1033,conflict,54,25.000000,71,159,1.360000,4.880000,3.520000,0.418564,2.582760,2.616456,1.516162,2.210237,3.136257,-0.503849,-1.082037,41.683672,15.477983,0.245167,0.001476,0.084716
1034,conflict,54,55.000000,232,243,7.800000,8.240000,0.440000,-4.637546,-8.521061,9.701305,9.502342,0.602662,1.324770,-0.722107,-1.764308,22.165823,-9.854512,0.915373,0.700199,0.687754
1035,conflict,54,55.000000,259,261,8.880000,8.960000,0.080000,-4.733898,-8.949962,10.124802,10.119163,0.133609,0.166603,-0.032994,-0.427054,80.075358,6.200686,0.838908,0.760751,1.081251
1036,deceleration,54,25.000000,132,144,3.800000,4.280000,0.480000,-2.297175,-0.362414,2.325587,1.839976,2.265242,2.790587,-0.525345,-1.082037,40.712297,10.155581,0.882948,0.005810,0.407290
1037,deceleration,54,55.000000,203,225,6.640000,7.520000,0.880000,-4.483007,-7.528350,8.762044,7.623519,1.358151,2.253130,-0.894979,-1.359260,19.981798,0.872525,1.491682,1.127826,0.482833
1038,deceleration,54,55.000000,232,249,7.800000,8.480000,0.680000,-4.676899,-8.680239,9.860017,9.502342,0.302256,1.324770,-1.022513,-1.764308,53.021117,-5.131396,0.887441,0.700199,0.620017
1039,turning,54,25.000000,142,148,4.200000,4.440000,0.240000,-2.649602,-0.910389,2.801642,2.538575,2.210237,2.366498,-0.153172,-0.899200,41.683672,11.762186,0.835536,0.005810,0.280835
1040,avoidance,54,25.000000,132,148,3.800000,4.440000,0.640000,-2.567261,-0.756311,2.676347,1.839976,2.210237,2.790587,-0.577262,-1.082037,41.683672,18.672717,0.835536,0.005810,0.280835
1041,avoidance,54,55.000000,217,249,7.200000,8.480000,1.280000,-4.637546,-8.521061,9.701305,8.701800,0.302256,1.798755,-1.496499,-1.764308,53.021117,-12.396573,0.887441,0.700199,0.620017
1042,conflict,55,57.000000,41,43,0.160000,0.240000,0.080000,3.748616,9.258964,9.989021,9.918046,0.778534,1.047667,0.269133,3.128039,194.332975,8.705741,0.880395,0.578882,0.864684
1043,conflict,55,12.000000,51,56,0.560000,0.760000,0.200000,3.493358,8.398959,9.096486,8.912322,2.175643,2.365147,0.189504,1.651361,48.268379,-10.191883,0.924355,0.127967,1.184245
1044,conflict,55,48.000000,90,95,2.120000,2.320000,0.200000,0.383329,4.611546,4.627451,4.302278,3.774304,3.912025,0.128511,0.390372,7.597553,-0.633876,1.226271,0.624293,1.693857
1045,conflict,55,25.000000,134,142,3.880000,4.200000,0.320000,-3.955824,-1.078655,4.100249,3.589411,3.130295,3.462168,-0.331873,-1.045860,19.118055,4.310213,0.794025,0.754716,0.055670
1046,conflict,55,54.000000,232,243,7.800000,8.240000,0.440000,-3.974292,-9.379670,10.186914,10.181882,0.095770,0.182323,-0.037710,-0.412331,292.621764,-45.420464,0.915373,0.700199,0.687754
1047,conflict,55,54.000000,259,261,8.880000,8.960000,0.080000,-3.971329,-9.299612,10.112084,10.112084,0.097988,0.151297,-0.053309,-0.191240,301.519889,-3.882442,0.838908,0.760751,1.081251
1048,conflict,55,57.000000,348,395,12.440000,14.320000,1.880000,-3.917972,-9.450068,10.230068,10.159558,0.005407,0.215100,0.036431,-0.313051,701.836286,-64.412954,0.945159,0.433303,0.521355
1049,deceleration,55,25.000000,130,141,3.720000,4.160000,0.440000,-3.812189,-0.735116,3.882419,3.310524,3.141607,3.556742,-0.415135,-1.045860,19.118055,8.037207,0.851889,0.754716,0.093990
1050,deceleration,55,54.000000,174,227,5.480000,7.600000,2.120000,-4.242647,-8.821048,9.788306,7.119414,0.316449,3.334744,-3.008027,-2.146081,212.908816,21.396481,1.445473,1.048156,0.112183
1051,turning,55,57.000000,39,47,0.080000,0.400000,0.320000,3.786893,9.294729,10.036560,9.698048,0.545048,1.679209,1.134161,2.956742,245.291651,39.882537,0.842305,0.578882,0.193640
1052,turning,55,54.000000,53,59,0.640000,0.880000,0.240000,3.428322,8.226548,8.912322,8.648833,2.214877,2.568721,0.353844,1.647545,48.268379,-16.977288,0.947479,0.127967,0.332853
1053,turning,55,54.000000,199,205,6.480000,6.720000,0.240000,-4.555202,-8.285862,9.455442,9.265879,2.002260,2.329445,-0.327186,-1.869218,42.176781,10.567309,2.040861,1.919612,0.482669
1054,turning,55,54.000000,222,227,7.400000,7.600000,0.200000,-3.932452,-9.355992,10.148831,10.081466,0.316449,0.744381,-0.427932,-1.704245,212.908816,-9.325019,1.445473,1.048156,0.927691
1055,turning,55,60.000000,271,278,9.360000,9.640000,0.280000,-3.953905,-9.375684,10.175304,10.156141,0.301309,0.348745,0.013785,-0.522723,112.348290,31.268265,0.846743,4.132038,0.065076
1056,avoidance,55,54.000000,40,59,0.120000,0.880000,0.760000,3.493358,8.398959,9.096486,8.648833,0.654820,2.568721,1.913901,1.647545,219.812313,12.987062,0.842305,0.127967,0.193640
1057,avoidance,55,25.000000,130,141,3.720000,4.160000,0.440000,-3.955824,-1.078655,4.100249,3.310524,3.141607,3.556742,-0.415135,-1.045860,19.118055,8.037207,0.851889,0.754716,0.093990
1058,avoidance,55,54.000000,217,227,7.200000,7.600000,0.400000,-3.932452,-9.355992,10.148831,9.963816,0.316449,0.995046,-0.678597,-1.704245,212.908816,-11.965416,1.445473,1.048156,0.927691
1059,avoidance,55,60.000000,271,276,9.360000,9.560000,0.200000,-3.922397,-9.416029,10.200334,10.156141,0.301309,0.348745,0.041576,-0.230458,112.348290,22.309879,0.846743,4.133085,0.087396
1060,conflict,56,32.000000,100,231,2.520000,7.760000,5.240000,-2.759972,2.375183,3.641282,1.801792,1.186606,1.739154,-0.148091,-0.690428,35.574957,12.238673,0.347329,0.003133,0.664558
1061,conflict,56,51.000000,244,247,8.280000,8.400000,0.120000,-0.551606,-2.454620,2.515836,2.482954,1.824014,1.828623,0.003148,0.160614,10.633954,1.575476,0.816102,0.794908,0.070459
1062,conflict,56,39.000000,366,408,13.160000,14.840000,1.680000,5.522445,-8.268197,9.942860,9.942860,0.040959,0.370327,-0.235857,-0.460731,159.838116,17.429440,0.955329,0.218530,1.061039
1063,conflict,56,38.000000,430,435,15.720000,15.920000,0.200000,5.626414,-8.593750,10.271761,10.248571,0.087696,0.136219,0.048523,0.076706,225.617708,11.501830,0.840262,0.449075,1.153544
1064,deceleration,56,62.000000,166,170,5.160000,5.320000,0.160000,-2.348389,1.317520,2.692729,2.651397,1.352914,1.515503,-0.162588,-0.690428,5.238831,2.351438,0.421776,0.034868,1.346085
1065,deceleration,56,14.000000,340,364,12.120000,13.080000,0.960000,5.386830,-8.131539,9.753966,8.961558,0.357663,1.611199,-1.253536,-1.712936,132.088572,-26.945884,2.191711,0.874668,0.486957
1066,turning,56,13.000000,41,49,0.160000,0.480000,0.320000,-5.520925,8.316269,9.982031,9.795771,0.317994,0.940427,0.622434,1.378711,222.085637,-25.963507,0.879667,2.076271,0.379278
1067,turning,56,39.000000,357,375,12.800000,13.520000,0.720000,5.519245,-8.228765,9.908312,9.783874,0.303861,0.789911,-0.486051,-1.706652,132.088572,-31.658890,1.767868,0.218530,0.486957
1068,avoidance,56,62.000000,166,170,5.160000,5.320000,0.160000,-2.371344,1.370304,2.738796,2.651397,1.352914,1.515503,-0.162588,-0.690428,5.238831,2.351438,0.421776,0.034868,1.346085
1069,avoidance,56,39.000000,351,375,12.560000,13.520000,0.960000,5.522445,-8.268197,9.942860,9.557075,0.303861,1.187934,-0.884073,-1.712936,132.088572,-31.960403,1.767868,0.218530,0.486957
1070,conflict,57,55.000000,41,43,0.160000,0.240000,0.080000,2.861632,9.431577,9.856145,9.817191,0.421837,0.553261,0.131424,1.573508,19.317645,-0.736173,0.880395,0.578882,0.864684
1071,conflict,57,58.000000,67,69,1.200000,1.280000,0.080000,2.368894,8.378009,8.706475,8.706475,1.307991,1.354849,0.046858,0.422667,5.176117,-0.948800,0.770856,0.646042,1.244997
1072,conflict,57,58.000000,99,103,2.480000,2.640000,0.160000,1.660840,6.714209,6.916574,6.659557,1.633404,1.669622,0.036218,-0.080666,12.883199,1.463422,0.664746,0.481970,0.547452
1073,conflict,57,27.000000,118,270,3.240000,9.320000,6.080000,-2.027366,0.879731,2.210009,1.897619,0.690292,1.649491,-0.190775,-1.221350,86.248555,-9.163960,0.386935,0.002737,0.092923
1074,conflict,57,55.000000,281,395,9.760000,14.320000,4.560000,-2.856930,-1.447115,3.202529,2.552796,1.150788,2.199115,-0.328518,-1.044616,78.436157,39.819516,0.349411,0.000838,0.050943
1075,deceleration,57,14.000000,140,149,4.120000,4.480000,0.360000,0.519257,4.059501,4.092575,3.925450,1.047369,1.423740,-0.376371,-0.951028,66.403629,-11.373247,0.799275,0.253991,1.380621
1076,deceleration,57,27.000000,182,190,5.800000,6.120000,0.320000,-0.957876,3.058364,3.204859,3.177967,0.761048,1.068431,-0.307382,-0.865396,44.143876,-1.432835,0.702557,0.115270,0.855185
1077,deceleration,57,24.000000,229,239,7.680000,8.080000,0.400000,-1.992369,1.158623,2.304765,2.257686,0.888088,1.413644,-0.525556,-1.221350,84.674159,26.715203,0.591221,0.017530,0.376251
1078,deceleration,57,53.000000,296,307,10.360000,10.800000,0.440000,-3.157737,-2.116034,3.801171,3.423231,1.221326,1.679392,-0.458065,-1.044616,70.133559,11.175040,0.349411,0.096038,0.123559
1079,deceleration,57,55.000000,383,404,13.840000,14.680000,0.840000,-3.087295,-8.748974,9.277712,8.472046,1.068154,1.734863,-0.666709,-0.940765,26.837666,11.392658,0.818962,0.722983,0.137400
1080,deceleration,57,62.000000,410,422,14.920000,15.400000,0.480000,-2.897529,-9.528326,9.959150,9.707807,0.324354,0.981731,-0.657377,-1.475263,53.260329,-21.332958,0.912324,0.853063,0.183207
1081,turning,57,61.000000,145,157,4.320000,4.800000,0.480000,0.374672,3.843761,3.861978,3.723629,0.984323,1.262917,-0.213827,-0.951028,71.030867,-32.908275,0.825788,0.692095,0.686414
1082,turning,57,27.000000,190,201,6.120000,6.560000,0.440000,-1.175115,2.911408,3.139616,3.001154,0.690292,0.950609,0.189560,-0.622476,86.248555,38.492556,0.535113,0.241005,0.092923
1083,turning,57,24.000000,231,245,7.760000,8.320000,0.560000,-2.032039,1.017799,2.272685,2.143150,0.872634,1.330648,-0.434950,-1.221350,84.674159,42.662078,0.389444,0.002737,0.376251
1084,turning,57,21.000000,254,269,8.680000,9.280000,0.600000,-1.886536,0.204792,1.897619,1.897619,0.797827,1.386462,0.588635,0.242179,80.648724,-43.450047,0.448895,0.004938,0.333009
1085,turning,57,37.000000,303,315,10.640000,11.120000,0.480000,-3.256272,-2.445701,4.072439,3.801171,1.150788,1.430796,-0.162038,-1.044616,78.436157,36.261466,0.349411,0.257953,0.123559
1086,turning,57,62.000000,415,421,15.120000,15.360000,0.240000,-2.896166,-9.547415,9.977019,9.882051,0.374567,0.803493,-0.428926,-1.475263,53.260329,-15.509415,0.919317,1.978799,0.694614
1087,avoidance,57,61.000000,140,157,4.120000,4.800000,0.680000,0.639773,4.309855,4.357082,3.723629,0.984323,1.423740,-0.374650,-0.951028,71.030867,-35.363069,0.799275,0.253991,0.686414
1088,avoidance,57,27.000000,182,201,5.800000,6.560000,0.760000,-0.832414,3.168923,3.276429,3.001154,0.690292,1.068431,-0.117822,-0.865396,86.248555,37.059722,0.535113,0.115270,0.092923
1089,avoidance,57,24.000000,229,245,7.680000,8.320000,0.640000,-2.027366,0.879731,2.210009,2.143150,0.872634,1.413644,-0.517946,-1.221350,84.674159,43.967738,0.389444,0.002737,0.376251
1090,avoidance,57,21.000000,254,269,8.680000,9.280000,0.600000,-1.887344,0.361423,1.921639,1.897619,0.797827,1.386462,0.588635,0.242179,80.648724,-43.450047,0.448895,0.004938,0.333009
1091,avoidance,57,53.000000,296,315,10.360000,11.120000,0.760000,-2.967535,-1.706530,3.423231,3.423231,1.150788,1.679392,-0.410633,-1.044616,78.436157,38.093236,0.349411,0.096038,0.123559
1092,avoidance,57,55.000000,383,410,13.840000,14.920000,1.080000,-3.142062,-8.346423,8.918258,8.472046,0.981731,1.734863,-0.753133,-0.940765,26.837666,7.218721,0.818962,0.722983,0.068933
1093,conflict,58,57.000000,67,69,1.200000,1.280000,0.080000,1.613916,8.533663,8.684937,8.684937,1.054410,1.132937,0.078527,0.162558,1.259496,0.861531,0.770856,0.646042,1.244997
1094,conflict,58,61.000000,88,93,2.040000,2.240000,0.200000,1.211847,7.493263,7.590624,7.321939,1.404377,1.427471,0.012411,-0.116674,11.548152,4.442285,0.740826,0.583122,0.514866
1095,conflict,58,48.000000,99,209,2.480000,6.880000,4.400000,-0.575950,4.169237,4.208831,3.032657,1.287622,1.704222,0.242461,-0.461169,43.429312,-7.177624,0.478349,0.274967,0.052560
1096,conflict,58,18.000000,215,266,7.120000,9.160000,2.040000,-3.083868,-0.581214,3.138161,2.865578,1.103662,1.864724,-0.255982,-0.855541,69.729665,-8.134006,0.414926,0.000886,0.076219
1097,conflict,58,51.000000,281,323,9.760000,11.440000,1.680000,-3.991098,-2.826126,4.890384,4.554638,1.458430,1.814251,0.153413,-0.398367,48.604607,16.291619,0.576813,0.159722,0.061187
1098,conflict,58,57.000000,344,365,12.280000,13.120000,0.840000,-3.658943,-6.502344,7.461122,7.299096,1.557097,1.631146,-0.016025,-0.148007,24.861175,11.134305,1.027514,0.388968,0.656238
1099,conflict,58,62.000000,383,396,13.840000,14.360000,0.520000,-2.550085,-8.794308,9.156571,8.922540,1.227102,1.483520,-0.256418,-0.504554,20.211548,5.527020,0.818962,0.511849,1.115120
1100,deceleration,58,18.000000,236,248,7.960000,8.440000,0.480000,-3.066833,-0.531379,3.112528,2.954597,1.243141,1.582727,-0.339586,-0.855541,69.729665,-15.345780,0.943601,0.000886,0.571875
1101,deceleration,58,62.000000,403,421,14.640000,15.360000,0.720000,-2.053933,-9.698247,9.913356,9.637744,0.320424,1.163328,-0.842903,-1.365685,115.887046,-46.624309,0.919317,0.853063,0.063890
1102,turning,58,62.000000,39,41,0.080000,0.160000,0.080000,1.932752,9.747438,9.937207,9.898698,0.408359,0.557212,0.148853,1.835446,46.194183,3.207411,0.952382,0.948759,0.115501
1103,turning,58,64.000000,143,148,4.240000,4.440000,0.200000,-0.147625,4.547253,4.549648,4.466516,1.368504,1.438000,0.060745,0.047562,43.429312,-10.527281,0.700530,0.642686,1.290659
1104,turning,58,18.000000,243,253,8.240000,8.640000,0.400000,-3.128183,-0.672403,3.199633,3.059660,1.103662,1.399722,-0.296060,-0.855541,69.729665,-30.088656,0.665615,0.000886,0.413821
1105,turning,58,47.000000,260,267,8.920000,9.200000,0.280000,-3.615895,-1.168581,3.800037,3.672387,1.190910,1.394377,0.203467,0.470461,48.783030,16.247230,0.414926,1.690494,0.104001
1106,turning,58,51.000000,276,285,9.560000,9.920000,0.360000,-4.009703,-2.160326,4.554638,4.353968,1.458430,1.536567,-0.021940,-0.107299,48.604607,18.286380,1.468356,0.385625,1.325180
1107,turning,58,61.000000,409,422,14.880000,15.400000,0.520000,-2.037429,-9.890859,10.098525,9.854365,0.300599,0.920568,-0.619969,-1.365685,115.887046,-47.851349,0.917867,0.853063,0.063890
1108,avoidance,58,64.000000,143,148,4.240000,4.440000,0.200000,-0.053682,4.673819,4.674127,4.466516,1.368504,1.438000,0.060745,0.047562,43.429312,-10.527281,0.700530,0.642686,1.290659
1109,avoidance,58,18.000000,236,267,7.960000,9.200000,1.240000,-3.083868,-0.581214,3.138161,2.954597,1.103662,1.582727,-0.188350,-0.855541,69.729665,-13.490079,0.414926,0.000886,0.076219
1110,avoidance,58,51.000000,276,285,9.560000,9.920000,0.360000,-4.028705,-2.396535,4.687627,4.353968,1.458430,1.536567,-0.021940,-0.107299,48.604607,18.286380,1.468356,0.385625,1.325180
1111,avoidance,58,62.000000,403,411,14.640000,14.960000,0.320000,-2.053933,-9.698247,9.913356,9.637744,0.799372,1.163328,-0.363956,-1.365685,49.892925,-8.418846,0.931671,0.961821,0.183207
1112,conflict,59,64.000000,56,63,0.760000,1.040000,0.280000,-2.881805,8.878682,9.334655,8.962021,1.231553,1.374118,0.139666,0.280530,24.379083,-7.713728,0.905600,0.406377,1.361080
1113,conflict,59,27.000000,76,247,1.560000,8.400000,6.840000,-1.102755,0.782744,1.352315,0.545579,1.000080,1.805505,0.182748,-0.721348,38.601912,25.072432,0.325854,0.001057,0.054714
1114,conflict,59,52.000000,267,331,9.200000,11.760000,2.560000,1.239088,-3.126243,3.362846,2.386402,1.635718,1.833864,-0.173519,-0.272636,21.116619,-12.118411,0.483855,0.146197,0.078709
1115,conflict,59,14.000000,395,400,14.320000,14.520000,0.200000,2.908021,-9.744593,10.169251,10.153363,0.362860,0.569425,-0.206565,-1.295370,53.884731,-9.128074,1.634334,0.652978,1.276301
1116,conflict,59,64.000000,412,458,15.000000,16.840000,1.840000,2.960355,-9.861432,10.296191,10.278718,0.007562,0.160339,-0.112764,-0.281807,592.975202,-125.699661,0.844151,0.287038,0.146216
1117,deceleration,59,27.000000,139,149,4.080000,4.480000,0.400000,-1.579048,3.400504,3.749243,3.534961,1.206659,1.504251,-0.297591,-0.721348,8.585917,2.905645,0.718886,0.010960,0.798587
1118,deceleration,59,60.000000,361,370,12.960000,13.320000,0.360000,2.869275,-8.487834,8.959691,8.668688,1.173534,1.533875,-0.360341,-0.945962,16.405295,-6.346926,1.148975,1.776997,1.035185
1119,deceleration,59,14.000000,385,401,13.920000,14.560000,0.640000,2.923780,-9.620253,10.054738,9.806972,0.317262,1.160377,-0.843115,-1.436568,84.703057,-23.682374,1.590558,0.652978,0.252371
1120,turning,59,13.000000,39,45,0.080000,0.320000,0.240000,-3.124916,9.441156,9.944874,9.817614,0.364377,0.753083,0.388707,1.594941,147.743228,-19.226959,0.969457,4.702856,0.372305
1121,turning,59,27.000000,172,175,5.400000,5.520000,0.120000,-1.204078,2.074329,2.398467,2.356464,1.197748,1.239217,-0.041468,-0.149416,38.601912,-6.180936,0.503377,0.367853,0.127246
1122,turning,59,14.000000,199,202,6.480000,6.600000,0.120000,-1.120691,0.821646,1.389622,1.315802,1.091371,1.119858,-0.028487,-0.377225,36.974216,4.211775,0.473786,0.001057,0.610674
1123,turning,59,14.000000,390,401,14.120000,14.560000,0.440000,2.876733,-9.821315,10.233954,10.019117,0.317262,0.880944,-0.563682,-1.436568,84.703057,-23.769490,1.590558,0.652978,0.252371
1124,avoidance,59,13.000000,41,45,0.160000,0.320000,0.160000,-3.064964,9.326925,9.817614,9.817614,0.486422,0.753083,0.266661,1.608684,110.436474,-8.589401,0.969457,4.702856,0.372305
1125,avoidance,59,27.000000,139,149,4.080000,4.480000,0.400000,-1.579048,3.400504,3.749243,3.534961,1.206659,1.504251,-0.297591,-0.721348,8.585917,2.905645,0.718886,0.010960,0.798587
1126,avoidance,59,27.000000,172,175,5.400000,5.520000,0.120000,-1.218629,2.172341,2.490807,2.356464,1.197748,1.239217,-0.041468,-0.149416,38.601912,-6.180936,0.503377,0.367853,0.127246
1127,avoidance,59,14.000000,199,202,6.480000,6.600000,0.120000,-1.102755,0.782744,1.352315,1.315802,1.091371,1.119858,-0.028487,-0.377225,36.974216,4.211775,0.473786,0.001057,0.610674
1128,avoidance,59,14.000000,385,401,13.920000,14.560000,0.640000,2.908021,-9.744593,10.169251,9.806972,0.317262,1.160377,-0.843115,-1.436568,84.703057,-23.682374,1.590558,0.652978,0.252371
1129,conflict,60,14.000000,55,64,0.720000,1.080000,0.360000,-1.078455,9.208412,9.271349,8.680226,1.530792,1.846741,0.315949,0.879566,5.524976,-2.003024,0.807634,0.412057,0.352918
1130,conflict,60,36.000000,77,227,1.600000,7.600000,6.000000,-1.126326,0.859180,1.416616,1.212286,1.650296,2.715288,-0.567646,-0.949597,32.394039,9.124100,0.335570,0.000542,0.061222
1131,conflict,60,14.000000,403,436,14.640000,15.960000,1.320000,1.052413,-10.011450,10.066613,10.065529,0.011944,0.064771,0.019180,-0.054259,376.168717,-123.981280,0.795404,0.205502,0.139565
1132,deceleration,60,30.000000,111,121,2.960000,3.360000,0.400000,-0.878925,3.685739,3.789087,3.323939,1.900697,2.309179,-0.408482,-0.949597,6.947666,2.451993,1.055086,0.358825,0.527784
1133,deceleration,60,46.000000,157,163,4.800000,5.040000,0.240000,-1.219172,0.129303,1.226010,1.212286,1.755066,1.948516,-0.193450,-0.803994,28.826825,-7.922440,0.979057,0.093465,0.557795
1134,deceleration,60,55.000000,249,252,8.480000,8.600000,0.120000,-0.551653,-6.744950,6.767471,6.617833,1.800586,1.887881,-0.087296,-0.654826,14.273379,1.336388,1.557959,4.003276,0.856088
1135,deceleration,60,56.000000,296,309,10.360000,10.880000,0.520000,0.677533,-9.505372,9.529488,9.240680,0.648223,1.216716,-0.568493,-1.157535,43.413445,19.034821,4.313581,4.128458,0.099555
1136,deceleration,60,37.000000,324,329,11.480000,11.680000,0.200000,1.055863,-9.995788,10.051399,9.961058,0.337917,0.533569,-0.195652,-0.819442,125.165773,-25.602337,3.808012,5.158528,0.132031
1137,turning,60,62.000000,40,48,0.120000,0.440000,0.320000,-1.087332,9.786521,9.846740,9.638933,0.346077,1.018807,0.672730,1.918895,183.030560,20.655558,0.985612,1.010057,0.103643
1138,turning,60,56.000000,302,307,10.600000,10.800000,0.200000,0.716170,-9.562529,9.589310,9.496487,0.729471,0.973187,-0.243716,-1.157535,43.413445,11.033947,4.329962,4.255478,0.348080
1139,turning,60,37.000000,317,329,11.200000,11.680000,0.480000,1.055863,-9.995788,10.051399,9.807961,0.337917,0.619413,-0.281496,-0.819442,125.165773,-41.978863,3.808012,4.196675,0.132031
1140,avoidance,60,62.000000,40,48,0.120000,0.440000,0.320000,-1.118983,9.573761,9.638933,9.638933,0.346077,1.018807,0.672730,1.918895,183.030560,20.655558,0.985612,1.010057,0.103643
1141,avoidance,60,30.000000,111,121,2.960000,3.360000,0.400000,-0.878925,3.685739,3.789087,3.323939,1.900697,2.309179,-0.408482,-0.949597,6.947666,2.451993,1.055086,0.358825,0.527784
1142,avoidance,60,46.000000,157,163,4.800000,5.040000,0.240000,-1.164292,0.354008,1.216921,1.212286,1.755066,1.948516,-0.193450,-0.803994,28.826825,-7.922440,0.979057,0.093465,0.557795
1143,conflict,61,58.000000,88,90,2.040000,2.120000,0.080000,-0.056232,8.079052,8.079248,7.998076,1.187379,1.283480,-0.096101,-0.169887,10.980951,-0.916973,1.356233,0.583122,1.830265
1144,conflict,61,26.000000,101,304,2.560000,10.680000,8.120000,-0.050605,2.412998,2.413529,0.067741,0.504052,1.439562,0.085349,-1.113728,46.359466,8.188220,0.342281,0.000095,0.052560
1145,conflict,61,62.000000,407,414,14.800000,15.080000,0.280000,-0.001991,-8.011901,8.011901,7.683342,1.540859,1.643741,-0.102883,-0.326908,8.017367,1.590873,1.944558,0.739800,1.207188
1146,deceleration,61,37.000000,204,222,6.680000,7.400000,0.720000,-0.044107,1.903715,1.904226,1.676240,0.574580,1.340566,-0.765986,-1.113728,19.055494,-0.019817,0.416380,0.000115,0.588196
1147,deceleration,61,26.000000,272,277,9.400000,9.600000,0.200000,-0.030473,0.261005,0.262778,0.187780,0.582235,0.826479,-0.244245,-0.831695,27.475904,-2.808062,0.525458,0.046044,0.624527
1148,deceleration,61,60.000000,426,457,15.560000,16.800000,1.240000,-0.002526,-9.930551,9.930551,8.855620,0.474127,1.398666,-0.924539,-0.977750,101.683287,25.579994,1.001014,0.840306,0.118945
1149,turning,61,2.000000,235,238,7.920000,8.040000,0.120000,-0.070329,1.380075,1.381865,1.339755,0.519949,0.547359,0.027409,0.097149,37.143312,5.552437,0.461645,0.160391,1.568295
1150,turning,61,52.000000,294,303,10.280000,10.640000,0.360000,-0.193682,-0.473253,0.511352,0.307785,1.027988,1.315001,0.287013,0.655397,46.359466,17.549915,0.342281,0.348211,0.052560
1151,turning,61,60.000000,449,459,16.480000,16.880000,0.400000,0.051882,-10.087462,10.087596,9.873463,0.428296,0.774850,-0.346554,-0.977750,117.504293,30.979216,0.980193,0.716585,0.118945
1152,avoidance,61,37.000000,204,222,6.680000,7.400000,0.720000,-0.055996,2.304235,2.304916,1.676240,0.574580,1.340566,-0.765986,-1.113728,19.055494,-0.019817,0.416380,0.000115,0.588196
1153,avoidance,61,2.000000,235,238,7.920000,8.040000,0.120000,-0.070395,1.399231,1.401001,1.339755,0.519949,0.547359,0.027409,0.097149,37.143312,5.552437,0.461645,0.160391,1.568295
1154,avoidance,61,26.000000,272,277,9.400000,9.600000,0.200000,-0.030665,0.233106,0.235114,0.187780,0.582235,0.826479,-0.244245,-0.831695,27.475904,-2.808062,0.525458,0.046044,0.624527
1155,avoidance,61,52.000000,294,303,10.280000,10.640000,0.360000,-0.177028,-0.343514,0.386446,0.307785,1.027988,1.315001,0.287013,0.655397,46.359466,17.549915,0.342281,0.348211,0.052560
1156,avoidance,61,60.000000,426,429,15.560000,15.680000,0.120000,0.019333,-8.855599,8.855620,8.855620,1.319397,1.398666,-0.079269,-0.671964,10.462873,-2.179051,1.360565,0.974273,0.746535
1157,conflict,62,18.000000,107,283,2.800000,9.840000,7.040000,-1.021855,1.061404,1.473352,1.215229,0.827842,1.902014,0.018279,-0.996451,53.922853,20.512975,0.331319,0.001509,0.059916
1158,conflict,62,58.000000,383,396,13.840000,14.360000,0.520000,-0.924598,-9.981320,10.024053,9.944822,0.026008,0.436655,-0.313225,-1.017370,438.425954,-172.449398,1.678755,0.511849,1.115120
1159,conflict,62,61.000000,407,414,14.800000,15.080000,0.280000,-0.903778,-9.848677,9.890059,9.887042,0.104097,0.221620,-0.058471,-0.447161,348.974091,-126.584253,1.143468,0.739800,1.207188
1160,deceleration,62,18.000000,184,199,5.880000,6.480000,0.600000,-1.201000,0.205057,1.218380,1.215229,0.908386,1.439104,-0.530718,-0.996451,20.378974,-10.288381,0.331319,0.005720,0.940043
1161,deceleration,62,60.000000,354,364,12.680000,13.080000,0.400000,-1.106054,-9.159137,9.225679,8.889764,1.096334,1.407375,-0.311041,-0.775901,16.686350,1.311477,2.238675,1.781160,1.164154
1162,deceleration,62,60.000000,370,387,13.320000,14.000000,0.680000,-0.935536,-9.796135,9.840706,9.567835,0.308071,1.000490,-0.692419,-1.156407,96.559653,-13.831182,1.992345,0.532411,0.485341
1163,turning,62,38.000000,205,214,6.720000,7.080000,0.360000,-1.462818,-0.384954,1.512622,1.399653,0.827842,0.929990,0.095206,-0.097567,48.587923,-18.330198,0.413850,0.340816,0.091036
1164,turning,62,18.000000,222,230,7.400000,7.720000,0.320000,-1.912010,-0.807829,2.075662,1.932581,0.976990,1.056360,0.057254,0.064051,52.327230,19.191034,0.429657,0.170751,0.640042
1165,turning,62,18.000000,238,246,8.040000,8.360000,0.320000,-2.205941,-1.438488,2.633519,2.495246,1.116408,1.397378,0.280970,0.338609,53.922853,20.548162,0.351820,0.223886,0.067200
1166,turning,62,61.000000,401,404,14.560000,14.680000,0.120000,-0.932658,-9.904542,9.948357,9.948357,0.309336,0.332454,-0.015402,-0.217381,116.928087,-4.360392,1.316753,0.872838,1.244130
1167,avoidance,62,18.000000,184,214,5.880000,7.080000,1.200000,-1.201000,0.205057,1.218380,1.215229,0.827842,1.439104,-0.509114,-0.996451,48.587923,-34.245875,0.331319,0.005720,0.091036
1168,avoidance,62,18.000000,222,230,7.400000,7.720000,0.320000,-1.804991,-0.690563,1.932581,1.932581,0.976990,1.056360,0.057254,0.064051,52.327230,19.191034,0.429657,0.170751,0.640042
1169,avoidance,62,18.000000,238,246,8.040000,8.360000,0.320000,-2.223804,-1.648598,2.768245,2.495246,1.116408,1.397378,0.280970,0.338609,53.922853,20.548162,0.351820,0.223886,0.067200
1170,avoidance,62,60.000000,370,387,13.320000,14.000000,0.680000,-0.925512,-9.961608,10.004509,9.567835,0.308071,1.000490,-0.692419,-1.156407,96.559653,-13.831182,1.992345,0.532411,0.485341
1171,avoidance,62,61.000000,401,404,14.560000,14.680000,0.120000,-0.932658,-9.904542,9.948357,9.948357,0.309336,0.332454,-0.015402,-0.217381,116.928087,-4.360392,1.316753,0.872838,1.244130
1172,conflict,63,19.000000,42,80,0.200000,1.720000,1.520000,-8.239367,-4.763887,9.517446,9.140248,0.303358,2.406826,2.103468,0.916115,287.319882,-25.081528,0.654061,0.535176,0.067168
1173,conflict,63,40.000000,114,219,3.080000,7.280000,4.200000,2.387089,-3.725155,4.424362,4.422990,1.814006,3.502281,-1.640554,-1.592421,28.266383,51.861787,0.397504,0.018216,0.078472
1174,conflict,63,7.000000,308,321,10.840000,11.360000,0.520000,9.384708,4.089867,10.237175,10.151162,0.172295,0.395568,-0.050787,-0.639303,367.304505,17.909553,2.696448,0.161364,1.426497
1175,conflict,63,25.000000,389,397,14.080000,14.400000,0.320000,9.088841,3.848288,9.869972,9.850046,0.282535,0.474749,0.169363,-0.437778,85.878870,-0.416727,0.853987,0.764912,0.170521
1176,conflict,63,25.000000,449,454,16.480000,16.680000,0.200000,9.317475,3.843269,10.078991,10.078991,0.186421,0.280320,-0.093899,-0.476680,101.098243,11.559447,0.849218,0.550837,1.210568
1177,deceleration,63,29.000000,178,207,5.640000,6.800000,1.160000,5.646249,-0.915215,5.719943,4.954931,1.867406,3.360477,-1.493071,-1.592421,18.126741,8.053210,0.526921,0.030512,0.346956
1178,deceleration,63,49.000000,244,248,8.280000,8.440000,0.160000,8.182237,2.238171,8.482830,8.371940,1.531503,1.634507,-0.103004,-0.693064,18.129643,2.268701,2.039893,2.416871,0.078391
1179,deceleration,63,28.000000,263,275,9.040000,9.520000,0.480000,9.112185,3.192060,9.655111,9.331736,0.772002,1.412463,-0.640461,-1.309028,71.313779,1.528269,2.568880,3.849295,0.217124
1180,deceleration,63,17.000000,291,300,10.160000,10.520000,0.360000,9.396455,4.026156,10.222686,10.145612,0.366286,0.927923,-0.561637,-1.637083,199.394591,4.953527,2.615348,4.185170,0.432871
1181,turning,63,25.000000,42,53,0.200000,0.640000,0.440000,-9.111509,-3.862487,9.896383,9.737294,0.303358,1.001007,0.697649,1.023011,287.319882,-60.422876,0.733405,0.628019,0.237886
1182,turning,63,19.000000,70,79,1.320000,1.680000,0.360000,-7.995473,-4.959645,9.408808,9.202932,1.739094,2.327743,0.588649,1.338820,56.263384,23.383556,0.857209,0.535176,0.109310
1183,turning,63,28.000000,272,287,9.400000,10.000000,0.600000,9.305959,3.372268,9.898134,9.735747,0.692241,0.980621,0.033774,-1.173349,82.066276,41.810306,2.581571,3.849295,0.100789
1184,turning,63,17.000000,298,300,10.440000,10.520000,0.080000,9.396873,4.061413,10.237006,10.222686,0.366286,0.495070,-0.128784,-1.637083,199.394591,1.086132,2.615348,4.185170,0.432871
1185,turning,63,7.000000,310,318,10.920000,11.240000,0.320000,9.376085,4.065139,10.219409,10.155969,0.303249,0.395568,-0.023366,-0.618371,272.287915,14.233298,2.738909,0.221411,1.510018
1186,avoidance,63,25.000000,42,53,0.200000,0.640000,0.440000,-8.968625,-3.900834,9.780222,9.737294,0.303358,1.001007,0.697649,1.023011,287.319882,-60.422876,0.733405,0.628019,0.237886
1187,avoidance,63,19.000000,70,79,1.320000,1.680000,0.360000,-8.239367,-4.763887,9.517446,9.202932,1.739094,2.327743,0.588649,1.338820,56.263384,23.383556,0.857209,0.535176,0.109310
1188,avoidance,63,29.000000,178,207,5.640000,6.800000,1.160000,5.120726,-1.529798,5.344354,4.954931,1.867406,3.360477,-1.493071,-1.592421,18.126741,8.053210,0.526921,0.030512,0.346956
1189,avoidance,63,17.000000,293,300,10.240000,10.520000,0.280000,9.396873,4.061413,10.237006,10.175315,0.366286,0.824007,-0.457721,-1.637083,199.394591,3.019022,2.615348,4.185170,0.432871
1190,avoidance,63,7.000000,310,318,10.920000,11.240000,0.320000,9.376085,4.065139,10.219409,10.155969,0.303249,0.395568,-0.023366,-0.618371,272.287915,14.233298,2.738909,0.221411,1.510018
1191,conflict,64,39.000000,39,50,0.080000,0.520000,0.440000,-4.118030,9.066702,9.958075,9.746600,0.422279,1.143202,0.720923,0.820486,299.746643,73.931594,0.614019,0.015099,0.192440
1192,conflict,64,59.000000,56,63,0.760000,1.040000,0.280000,-3.908464,8.608361,9.454098,9.155377,1.155147,1.234465,0.058482,0.075671,51.017087,-13.157984,0.734890,0.406377,1.361080
1193,conflict,64,27.000000,71,307,1.360000,10.800000,9.440000,-0.744021,0.149731,0.758938,0.567075,0.883624,1.582397,0.109952,-0.557906,77.500800,32.843279,0.228894,0.003231,0.074632
1194,conflict,64,59.000000,412,434,15.000000,15.880000,0.880000,3.702098,-8.910678,9.649130,9.127383,0.896701,1.451737,-0.555036,-1.070145,100.696783,8.052630,0.887730,0.568935,0.455746
1195,deceleration,64,59.000000,416,425,15.160000,15.520000,0.360000,3.716653,-8.783189,9.537186,9.343885,0.960083,1.408635,-0.448552,-1.070145,31.712903,-4.377165,0.910431,0.568935,0.965309
1196,deceleration,64,39.000000,433,450,15.840000,16.520000,0.680000,3.717769,-9.460918,10.165175,9.985879,0.315760,0.917343,-0.601584,-0.999821,129.398041,59.426202,0.850694,0.751276,0.136249
1197,turning,64,39.000000,39,66,0.080000,1.160000,1.080000,-4.072021,9.207312,10.067569,8.993467,0.422279,1.330311,0.908032,0.075671,299.746643,73.672437,0.614019,0.015099,0.056127
1198,turning,64,27.000000,172,174,5.400000,5.480000,0.080000,-1.706444,2.691990,3.187281,3.141246,1.210520,1.216964,0.003872,0.108495,36.519549,-3.829933,0.752279,0.397515,0.544572
1199,turning,64,24.000000,207,213,6.800000,7.040000,0.240000,-1.333623,1.081822,1.717233,1.601636,1.016094,1.066793,-0.050699,-0.225636,46.689342,14.671135,0.704922,0.150369,0.594652
1200,turning,64,25.000000,240,251,8.120000,8.560000,0.440000,-0.570174,-0.077788,0.575455,0.567075,0.883624,1.136844,0.231903,-0.146898,77.500800,-34.621040,0.513858,0.009856,0.546305
1201,turning,64,25.000000,263,265,9.040000,9.120000,0.080000,-0.515904,-0.870130,1.011574,0.982605,0.900089,0.913586,0.000660,-0.185331,37.620276,5.045622,0.267908,0.237133,0.117230
1202,turning,64,14.000000,282,288,9.800000,10.040000,0.240000,-0.229207,-1.767371,1.782171,1.642988,1.322238,1.378419,0.045817,0.206722,44.163599,12.277099,0.728777,0.582359,1.166958
1203,turning,64,59.000000,407,415,14.800000,15.120000,0.320000,3.745395,-8.262502,9.071765,8.854941,1.402763,1.451737,0.011812,-0.537963,46.945770,-17.665849,0.941082,0.625894,0.460580
1204,turning,64,59.000000,428,450,15.640000,16.520000,0.880000,3.732838,-9.482766,10.191022,9.802091,0.315760,0.970606,-0.645042,-0.999821,129.398041,72.489885,0.850694,0.620747,0.136249
1205,avoidance,64,39.000000,40,66,0.120000,1.160000,1.040000,-4.118030,9.066702,9.958075,8.993467,0.459599,1.330311,0.870712,0.075671,275.642237,59.295694,0.614019,0.015099,0.056127
1206,avoidance,64,27.000000,172,174,5.400000,5.480000,0.080000,-1.722578,2.736172,3.233252,3.141246,1.210520,1.216964,0.003872,0.108495,36.519549,-3.829933,0.752279,0.397515,0.544572
1207,avoidance,64,24.000000,207,213,6.800000,7.040000,0.240000,-1.374434,1.201993,1.825885,1.601636,1.016094,1.066793,-0.050699,-0.225636,46.689342,14.671135,0.704922,0.150369,0.594652
1208,avoidance,64,25.000000,240,251,8.120000,8.560000,0.440000,-0.667789,0.059019,0.670392,0.567075,0.883624,1.136844,0.231903,-0.146898,77.500800,-34.621040,0.513858,0.009856,0.546305
1209,avoidance,64,25.000000,263,265,9.040000,9.120000,0.080000,-0.513444,-0.906181,1.041532,0.982605,0.900089,0.913586,0.000660,-0.185331,37.620276,5.045622,0.267908,0.237133,0.117230
1210,avoidance,64,14.000000,282,288,9.800000,10.040000,0.240000,-0.202721,-1.817470,1.828741,1.642988,1.322238,1.378419,0.045817,0.206722,44.163599,12.277099,0.728777,0.582359,1.166958
1211,avoidance,64,59.000000,407,449,14.800000,16.480000,1.680000,3.702098,-8.910678,9.649130,8.854941,0.349380,1.451737,-1.053383,-1.070145,129.398041,53.053685,0.850694,0.568935,0.136249
